,Timestamp,IR Presence (Lane 1-4),Vehicle Count,Avg Speed (km/h),Vehicle Types Detected,Vehicle Density (%),Saturation Flow Rate(veh/hr/lane),"Volume to
 Saturation Lane Traffic ratio(%)",FreeFlowSpeed (km/h),TSR,VLSR,Speed Factor,CI,Congestion Level,Hour
0,0 days 08:00:00,"[0, 0, 1, 0]",97,31.2,"10 Bikes, 90 Ambulance, 60 Fire Extinguisher",40,1800,1.347222222,50,0.376,0.013472222,0.624,0.240588889,Moderate,8
1,0 days 08:01:00,"[0, 0, 1, 1]",126,48.5,"32 Ambulance, 94 Ambulance",57,1800,1.75,50,0.03,0.0175,0.97,0.241,Moderate,8
2,0 days 08:02:00,"[1, 0, 0, 0]",61,42.0,"99 Trucks, 76 Patrol, 65 Fire Extinguisher",82,1800,0.847222222,50,0.16,0.008472222,0.84,0.363388889,High,8
3,0 days 08:03:00,"[0, 0, 0, 0]",170,38.0,"50 Cars, 71 Patrol, 63 Fire Extinguisher",75,1800,2.361111111,50,0.24,0.023611111,0.76,0.357444444,High,8
4,0 days 08:04:00,"[1, 0, 0, 0]",180,24.7,"17 Patrol, 93 Cars, 25 Bikes, 23 Vans",90,1800,2.5,50,0.506,0.025,0.494,0.4712,Very High,8
5,0 days 08:05:00,"[1, 1, 0, 1]",159,24.7,"16 Cars, 34 Cars, 55 Ambulance",30,1800,2.208333333,50,0.506,0.022083333,0.494,0.230033333,Moderate,8
6,0 days 08:06:00,"[0, 0, 1, 0]",175,21.7,"28 Fire Extinguisher, 57 Cars, 88 Ambulance, 15 Ambulance",89,1800,2.430555556,50,0.566,0.024305556,0.434,0.478922222,Very High,8
7,0 days 08:07:00,"[1, 0, 0, 1]",145,46.0,"97 Vans, 69 Cars, 30 Trucks, 90 Vans",73,1800,2.013888889,50,0.08,0.020138889,0.92,0.316055556,High,8
8,0 days 08:08:00,"[0, 1, 1, 1]",79,38.0,"91 Trucks, 13 Ambulance, 88 Ambulance",43,1800,1.097222222,50,0.24,0.010972222,0.76,0.224388889,Moderate,8
9,0 days 08:09:00,"[0, 1, 0, 1]",93,41.2,"38 Trucks, 62 Vans, 79 Ambulance",59,1800,1.291666667,50,0.176,0.012916667,0.824,0.276366667,Moderate,8
10,0 days 08:10:00,"[1, 0, 0, 1]",145,20.6,"78 Fire Extinguisher, 22 Vans",43,1800,2.013888889,50,0.588,0.020138889,0.412,0.297655556,Moderate,8
11,0 days 08:11:00,"[1, 0, 1, 0]",163,49.1,"82 Vans, 27 Bikes, 91 Fire Extinguisher, 83 Vans",31,1800,2.263888889,50,0.018,0.022638889,0.982,0.136655556,Low,8
12,0 days 08:12:00,"[1, 0, 1, 0]",62,45.0,"49 Patrol, 97 Fire Extinguisher",47,1800,0.861111111,50,0.1,0.008611111,0.9,0.211444444,Moderate,8
13,0 days 08:13:00,"[1, 0, 0, 0]",169,26.4,"35 Vans, 47 Ambulance, 46 Fire Extinguisher",59,1800,2.347222222,50,0.472,0.023472222,0.528,0.339788889,High,8
14,0 days 08:14:00,"[1, 1, 0, 0]",118,25.5,"90 Ambulance, 52 Fire Extinguisher",71,1800,1.638888889,50,0.49,0.016388889,0.51,0.388555556,High,8
15,0 days 08:15:00,"[1, 1, 0, 1]",51,25.5,"15 Vans, 68 Patrol",45,1800,0.708333333,50,0.49,0.007083333,0.51,0.280833333,Moderate,8
16,0 days 08:16:00,"[0, 1, 1, 1]",80,29.1,"89 Fire Extinguisher, 43 Vans",33,1800,1.111111111,50,0.418,0.011111111,0.582,0.220044444,Moderate,8
17,0 days 08:17:00,"[0, 1, 1, 1]",72,35.7,"76 Bikes, 81 Ambulance",67,1800,1.0,50,0.286,0.01,0.714,0.3292,High,8
18,0 days 08:18:00,"[0, 0, 1, 1]",122,33.0,"40 Vans, 83 Patrol, 73 Patrol",65,1800,1.694444444,50,0.34,0.016944444,0.66,0.334777778,High,8
19,0 days 08:19:00,"[0, 0, 0, 1]",120,28.7,"70 Trucks, 57 Trucks, 75 Vans",43,1800,1.666666667,50,0.426,0.016666667,0.574,0.263866667,Moderate,8
20,0 days 08:20:00,"[1, 1, 0, 0]",134,38.4,"37 Patrol, 18 Trucks",41,1800,1.861111111,50,0.232,0.018611111,0.768,0.217844444,Moderate,8
21,0 days 08:21:00,"[0, 1, 1, 0]",110,24.2,"83 Cars, 87 Ambulance, 90 Trucks",41,1800,1.527777778,50,0.516,0.015277778,0.484,0.273311111,Moderate,8
22,0 days 08:22:00,"[1, 0, 1, 0]",120,28.8,"14 Vans, 34 Bikes",63,1800,1.666666667,50,0.424,0.016666667,0.576,0.343466667,High,8
23,0 days 08:23:00,"[0, 0, 1, 0]",200,31.0,"60 Fire Extinguisher, 83 Vans, 26 Cars",57,1800,2.777777778,50,0.38,0.027777778,0.62,0.315111111,High,8
24,0 days 08:24:00,"[1, 0, 0, 1]",190,33.7,"77 Bikes, 52 Trucks",46,1800,2.638888889,50,0.326,0.026388889,0.674,0.259755556,Moderate,8
25,0 days 08:25:00,"[1, 0, 1, 1]",197,43.6,"99 Cars, 30 Trucks",68,1800,2.736111111,50,0.128,0.027361111,0.872,0.308544444,High,8
26,0 days 08:26:00,"[1, 0, 0, 1]",173,26.0,"62 Fire Extinguisher, 62 Trucks",33,1800,2.402777778,50,0.48,0.024027778,0.52,0.237611111,Moderate,8
27,0 days 08:27:00,"[0, 0, 0, 1]",180,35.4,"71 Patrol, 26 Trucks, 82 Patrol, 55 Trucks",36,1800,2.5,50,0.292,0.025,0.708,0.2124,Moderate,8
28,0 days 08:28:00,"[1, 0, 1, 0]",100,37.8,"22 Ambulance, 27 Vans",72,1800,1.388888889,50,0.244,0.013888889,0.756,0.342355556,High,8
29,0 days 08:29:00,"[1, 1, 0, 0]",178,21.4,"47 Patrol, 79 Trucks, 55 Bikes",56,1800,2.472222222,50,0.572,0.024722222,0.428,0.348288889,High,8
30,0 days 08:30:00,"[0, 0, 1, 0]",122,38.2,"30 Fire Extinguisher, 73 Ambulance",43,1800,1.694444444,50,0.236,0.016944444,0.764,0.225977778,Moderate,8
31,0 days 08:31:00,"[0, 1, 0, 1]",186,25.1,"18 Vans, 64 Ambulance, 50 Fire Extinguisher, 83 Bikes",45,1800,2.583333333,50,0.498,0.025833333,0.502,0.289933333,Moderate,8
32,0 days 08:32:00,"[0, 0, 1, 0]",169,22.0,"92 Ambulance, 55 Vans, 38 Patrol",30,1800,2.347222222,50,0.56,0.023472222,0.44,0.241388889,Moderate,8
33,0 days 08:33:00,"[0, 1, 1, 0]",56,48.5,"98 Bikes, 25 Trucks, 27 Bikes, 57 Patrol",63,1800,0.777777778,50,0.03,0.007777778,0.97,0.261111111,Moderate,8
34,0 days 08:34:00,"[0, 1, 0, 1]",127,49.0,"28 Ambulance, 50 Ambulance, 18 Vans",42,1800,1.763888889,50,0.02,0.017638889,0.98,0.179055556,Low,8
35,0 days 08:35:00,"[1, 0, 1, 0]",199,44.3,"88 Patrol, 73 Cars, 50 Cars, 82 Patrol",55,1800,2.763888889,50,0.114,0.027638889,0.886,0.253855556,Moderate,8
36,0 days 08:36:00,"[0, 0, 1, 0]",99,29.1,"43 Ambulance, 96 Patrol, 17 Patrol",72,1800,1.375,50,0.418,0.01375,0.582,0.3771,High,8
37,0 days 08:37:00,"[1, 1, 1, 1]",162,22.9,"82 Vans, 73 Bikes, 25 Bikes, 84 Cars",78,1800,2.25,50,0.542,0.0225,0.458,0.4294,Very High,8
38,0 days 08:38:00,"[0, 1, 0, 1]",100,40.5,"57 Patrol, 22 Patrol, 44 Trucks, 10 Bikes",84,1800,1.388888889,50,0.19,0.013888889,0.81,0.379555556,High,8
39,0 days 08:39:00,"[1, 1, 1, 0]",88,33.2,"76 Trucks, 57 Trucks",76,1800,1.222222222,50,0.336,0.012222222,0.664,0.376088889,High,8
40,0 days 08:40:00,"[1, 0, 0, 1]",94,23.7,"68 Fire Extinguisher, 97 Fire Extinguisher, 73 Patrol, 51 Vans",33,1800,1.305555556,50,0.526,0.013055556,0.474,0.242422222,Moderate,8
41,0 days 08:41:00,"[1, 1, 0, 1]",95,34.9,"13 Fire Extinguisher, 87 Cars",58,1800,1.319444444,50,0.302,0.013194444,0.698,0.297677778,Moderate,8
42,0 days 08:42:00,"[0, 0, 0, 0]",144,21.0,"38 Patrol, 67 Cars, 67 Cars",77,1800,2.0,50,0.58,0.02,0.42,0.432,Very High,8
43,0 days 08:43:00,"[1, 0, 1, 0]",144,47.3,"33 Fire Extinguisher, 64 Trucks",42,1800,2.0,50,0.054,0.02,0.946,0.1868,Low,8
44,0 days 08:44:00,"[1, 0, 1, 0]",54,27.8,"37 Ambulance, 60 Patrol, 65 Trucks",80,1800,0.75,50,0.444,0.0075,0.556,0.4118,Very High,8
45,0 days 08:45:00,"[0, 0, 0, 1]",194,39.9,"87 Vans, 81 Ambulance",32,1800,2.694444444,50,0.202,0.026944444,0.798,0.179177778,Low,8
46,0 days 08:46:00,"[1, 0, 0, 0]",111,29.4,"25 Cars, 65 Trucks, 60 Trucks, 21 Vans",50,1800,1.541666667,50,0.412,0.015416667,0.588,0.288566667,Moderate,8
47,0 days 08:47:00,"[1, 1, 0, 1]",158,35.6,"11 Vans, 45 Trucks, 85 Vans",90,1800,2.194444444,50,0.288,0.021944444,0.712,0.426377778,Very High,8
48,0 days 08:48:00,"[0, 0, 0, 0]",136,36.4,"39 Bikes, 75 Trucks, 14 Ambulance",42,1800,1.888888889,50,0.272,0.018888889,0.728,0.229955556,Moderate,8
49,0 days 08:49:00,"[0, 1, 1, 0]",155,25.5,"29 Cars, 44 Vans",36,1800,2.152777778,50,0.49,0.021527778,0.51,0.250611111,Moderate,8
50,0 days 08:50:00,"[1, 0, 1, 0]",178,49.1,"71 Patrol, 60 Ambulance, 50 Vans",42,1800,2.472222222,50,0.018,0.024722222,0.982,0.181488889,Low,8
51,0 days 08:51:00,"[1, 0, 0, 0]",150,43.3,"33 Patrol, 84 Patrol, 94 Patrol",68,1800,2.083333333,50,0.134,0.020833333,0.866,0.307133333,High,8
52,0 days 08:52:00,"[0, 0, 0, 1]",85,48.2,"24 Trucks, 43 Bikes, 89 Patrol, 66 Cars",46,1800,1.180555556,50,0.036,0.011805556,0.964,0.195922222,Low,8
53,0 days 08:53:00,"[1, 0, 0, 1]",132,46.8,"18 Ambulance, 100 Bikes, 47 Bikes, 66 Bikes",56,1800,1.833333333,50,0.064,0.018333333,0.936,0.244133333,Moderate,8
54,0 days 08:54:00,"[1, 0, 1, 1]",179,37.9,"67 Cars, 82 Fire Extinguisher",67,1800,2.486111111,50,0.242,0.024861111,0.758,0.326344444,High,8
55,0 days 08:55:00,"[0, 1, 0, 0]",58,47.7,"71 Patrol, 45 Vans, 19 Cars",68,1800,0.805555556,50,0.046,0.008055556,0.954,0.284422222,Moderate,8
56,0 days 08:56:00,"[1, 1, 1, 1]",192,22.7,"78 Cars, 30 Bikes, 83 Fire Extinguisher, 15 Fire Extinguisher",71,1800,2.666666667,50,0.546,0.026666667,0.454,0.403866667,Very High,8
57,0 days 08:57:00,"[0, 0, 1, 0]",138,25.9,"16 Bikes, 92 Patrol",64,1800,1.916666667,50,0.482,0.019166667,0.518,0.360066667,High,8
58,0 days 08:58:00,"[1, 0, 1, 1]",103,21.4,"37 Ambulance, 22 Fire Extinguisher, 56 Fire Extinguisher, 69 Trucks",68,1800,1.430555556,50,0.572,0.014305556,0.428,0.392122222,High,8
59,0 days 08:59:00,"[0, 1, 0, 1]",199,29.8,"72 Patrol, 75 Bikes, 26 Fire Extinguisher, 56 Bikes",72,1800,2.763888889,50,0.404,0.027638889,0.596,0.379855556,High,8
60,0 days 09:00:00,"[0, 1, 1, 1]",106,31.7,"18 Vans, 38 Ambulance, 32 Cars",47,1800,1.472222222,50,0.366,0.014722222,0.634,0.267088889,Moderate,9
61,0 days 09:01:00,"[1, 1, 1, 1]",77,28.1,"57 Bikes, 78 Cars",82,1800,1.069444444,50,0.438,0.010694444,0.562,0.419877778,Very High,9
62,0 days 09:02:00,"[0, 0, 1, 1]",101,44.9,"85 Fire Extinguisher, 36 Ambulance, 90 Trucks, 78 Cars",35,1800,1.402777778,50,0.102,0.014027778,0.898,0.166011111,Low,9
63,0 days 09:03:00,"[0, 0, 0, 1]",178,30.7,"48 Cars, 50 Bikes",56,1800,2.472222222,50,0.386,0.024722222,0.614,0.311088889,High,9
64,0 days 09:04:00,"[0, 1, 1, 0]",116,28.4,"80 Cars, 85 Cars, 31 Trucks, 87 Trucks",90,1800,1.611111111,50,0.432,0.016111111,0.568,0.452844444,Very High,9
65,0 days 09:05:00,"[0, 1, 0, 1]",192,36.3,"67 Ambulance, 45 Ambulance, 53 Cars, 49 Vans",54,1800,2.666666667,50,0.274,0.026666667,0.726,0.281466667,Moderate,9
66,0 days 09:06:00,"[1, 0, 0, 0]",52,24.2,"24 Ambulance, 98 Patrol",52,1800,0.722222222,50,0.516,0.007222222,0.484,0.314088889,High,9
67,0 days 09:07:00,"[0, 0, 1, 1]",78,44.1,"14 Patrol, 95 Bikes, 99 Ambulance, 84 Bikes",69,1800,1.083333333,50,0.118,0.010833333,0.882,0.303933333,High,9
68,0 days 09:08:00,"[1, 0, 1, 1]",77,22.2,"58 Vans, 49 Vans",56,1800,1.069444444,50,0.556,0.010694444,0.444,0.339477778,High,9
69,0 days 09:09:00,"[1, 0, 1, 1]",180,49.6,"61 Patrol, 33 Ambulance, 16 Bikes",37,1800,2.5,50,0.008,0.025,0.992,0.1596,Low,9
70,0 days 09:10:00,"[1, 0, 1, 1]",154,43.2,"100 Patrol, 34 Ambulance, 91 Fire Extinguisher",45,1800,2.138888889,50,0.136,0.021388889,0.864,0.215755556,Moderate,9
71,0 days 09:11:00,"[0, 0, 1, 1]",64,26.0,"55 Cars, 90 Fire Extinguisher",32,1800,0.888888889,50,0.48,0.008888889,0.52,0.227555556,Moderate,9
72,0 days 09:12:00,"[1, 0, 0, 1]",65,20.2,"32 Bikes, 75 Bikes, 26 Ambulance",77,1800,0.902777778,50,0.596,0.009027778,0.404,0.430811111,Very High,9
73,0 days 09:13:00,"[0, 1, 1, 0]",102,44.5,"97 Vans, 87 Bikes, 63 Vans",54,1800,1.416666667,50,0.11,0.014166667,0.89,0.243666667,Moderate,9
74,0 days 09:14:00,"[1, 0, 0, 1]",84,41.2,"61 Vans, 97 Bikes",65,1800,1.166666667,50,0.176,0.011666667,0.824,0.299866667,Moderate,9
75,0 days 09:15:00,"[1, 1, 1, 1]",179,41.9,"10 Cars, 44 Ambulance, 16 Bikes",83,1800,2.486111111,50,0.162,0.024861111,0.838,0.374344444,High,9
76,0 days 09:16:00,"[1, 0, 0, 0]",125,43.1,"31 Fire Extinguisher, 46 Cars, 48 Trucks",74,1800,1.736111111,50,0.138,0.017361111,0.862,0.330544444,High,9
77,0 days 09:17:00,"[1, 1, 1, 0]",92,22.2,"80 Trucks, 73 Bikes",41,1800,1.277777778,50,0.556,0.012777778,0.444,0.280311111,Moderate,9
78,0 days 09:18:00,"[0, 1, 0, 0]",143,30.8,"95 Fire Extinguisher, 78 Fire Extinguisher",63,1800,1.986111111,50,0.384,0.019861111,0.616,0.336744444,High,9
79,0 days 09:19:00,"[1, 1, 0, 1]",189,23.5,"79 Vans, 60 Cars, 40 Patrol, 49 Vans",60,1800,2.625,50,0.53,0.02625,0.47,0.3565,High,9
80,0 days 09:20:00,"[0, 0, 0, 1]",131,45.9,"45 Fire Extinguisher, 87 Bikes",75,1800,1.819444444,50,0.082,0.018194444,0.918,0.323677778,High,9
81,0 days 09:21:00,"[1, 0, 1, 0]",173,38.7,"34 Ambulance, 87 Patrol",49,1800,2.402777778,50,0.226,0.024027778,0.774,0.250811111,Moderate,9
82,0 days 09:22:00,"[1, 0, 0, 1]",73,29.9,"23 Trucks, 32 Fire Extinguisher, 33 Patrol",32,1800,1.013888889,50,0.402,0.010138889,0.598,0.212455556,Moderate,9
83,0 days 09:23:00,"[0, 1, 1, 1]",160,21.9,"12 Cars, 33 Trucks, 81 Trucks",43,1800,2.222222222,50,0.562,0.022222222,0.438,0.293288889,Moderate,9
84,0 days 09:24:00,"[1, 1, 1, 0]",151,29.3,"15 Fire Extinguisher, 87 Trucks, 60 Vans, 29 Patrol",55,1800,2.097222222,50,0.414,0.020972222,0.586,0.311188889,High,9
85,0 days 09:25:00,"[1, 0, 1, 0]",185,29.8,"39 Vans, 30 Bikes",41,1800,2.569444444,50,0.404,0.025694444,0.596,0.255077778,Moderate,9
86,0 days 09:26:00,"[0, 1, 1, 0]",86,41.9,"77 Patrol, 91 Trucks",50,1800,1.194444444,50,0.162,0.011944444,0.838,0.237177778,Moderate,9
87,0 days 09:27:00,"[1, 1, 1, 0]",166,39.1,"26 Bikes, 64 Ambulance",56,1800,2.305555556,50,0.218,0.023055556,0.782,0.276822222,Moderate,9
88,0 days 09:28:00,"[1, 0, 1, 1]",145,46.6,"84 Trucks, 97 Ambulance",38,1800,2.013888889,50,0.068,0.020138889,0.932,0.173655556,Low,9
89,0 days 09:29:00,"[0, 1, 0, 0]",91,34.2,"42 Vans, 53 Patrol",41,1800,1.263888889,50,0.316,0.012638889,0.684,0.232255556,Moderate,9
90,0 days 09:30:00,"[1, 0, 0, 0]",84,23.6,"84 Fire Extinguisher, 90 Patrol",85,1800,1.166666667,50,0.528,0.011666667,0.472,0.450266667,Very High,9
91,0 days 09:31:00,"[1, 1, 0, 0]",70,41.4,"41 Patrol, 61 Bikes, 79 Bikes, 72 Ambulance",87,1800,0.972222222,50,0.172,0.009722222,0.828,0.386288889,High,9
92,0 days 09:32:00,"[0, 1, 1, 1]",108,42.8,"51 Bikes, 70 Patrol, 29 Patrol, 76 Patrol",48,1800,1.5,50,0.144,0.015,0.856,0.2268,Moderate,9
93,0 days 09:33:00,"[0, 0, 1, 1]",60,36.8,"31 Bikes, 17 Fire Extinguisher",47,1800,0.833333333,50,0.264,0.008333333,0.736,0.244133333,Moderate,9
94,0 days 09:34:00,"[1, 0, 1, 1]",198,43.1,"61 Patrol, 13 Bikes, 17 Bikes",70,1800,2.75,50,0.138,0.0275,0.862,0.3186,High,9
95,0 days 09:35:00,"[1, 1, 0, 0]",122,34.8,"99 Trucks, 53 Patrol, 90 Ambulance",66,1800,1.694444444,50,0.304,0.016944444,0.696,0.331577778,High,9
96,0 days 09:36:00,"[1, 1, 1, 0]",197,35.7,"76 Ambulance, 87 Vans, 86 Fire Extinguisher, 97 Bikes",69,1800,2.736111111,50,0.286,0.027361111,0.714,0.344144444,High,9
97,0 days 09:37:00,"[1, 1, 1, 0]",113,32.8,"92 Fire Extinguisher, 54 Fire Extinguisher, 65 Trucks, 38 Cars",90,1800,1.569444444,50,0.344,0.015694444,0.656,0.435077778,Very High,9
98,0 days 09:38:00,"[0, 0, 1, 0]",117,20.8,"43 Trucks, 72 Trucks",46,1800,1.625,50,0.584,0.01625,0.416,0.3073,High,9
99,0 days 09:39:00,"[0, 0, 0, 0]",83,23.2,"22 Patrol, 64 Fire Extinguisher, 54 Patrol, 69 Fire Extinguisher",37,1800,1.152777778,50,0.536,0.011527778,0.464,0.259811111,Moderate,9
100,0 days 09:40:00,"[0, 0, 1, 1]",64,20.9,"53 Bikes, 31 Vans",66,1800,0.888888889,50,0.582,0.008888889,0.418,0.383955556,High,9
101,0 days 09:41:00,"[1, 1, 0, 1]",147,39.1,"68 Cars, 80 Cars",63,1800,2.041666667,50,0.218,0.020416667,0.782,0.303766667,High,9
102,0 days 09:42:00,"[1, 0, 0, 1]",158,29.4,"11 Vans, 94 Cars",73,1800,2.194444444,50,0.412,0.021944444,0.588,0.383177778,High,9
103,0 days 09:43:00,"[1, 1, 1, 1]",155,35.3,"32 Fire Extinguisher, 34 Bikes, 49 Vans",80,1800,2.152777778,50,0.294,0.021527778,0.706,0.387411111,High,9
104,0 days 09:44:00,"[0, 1, 1, 0]",191,47.2,"48 Ambulance, 37 Bikes, 68 Trucks, 86 Patrol",61,1800,2.652777778,50,0.056,0.026527778,0.944,0.265811111,Moderate,9
105,0 days 09:45:00,"[1, 1, 1, 1]",127,27.5,"60 Cars, 60 Fire Extinguisher, 68 Vans",84,1800,1.763888889,50,0.45,0.017638889,0.55,0.433055556,Very High,9
106,0 days 09:46:00,"[1, 0, 1, 0]",188,32.3,"79 Vans, 50 Patrol, 29 Trucks",81,1800,2.611111111,50,0.354,0.026111111,0.646,0.405244444,Very High,9
107,0 days 09:47:00,"[1, 1, 0, 0]",54,42.7,"27 Fire Extinguisher, 12 Vans, 56 Patrol",66,1800,0.75,50,0.146,0.0075,0.854,0.2962,Moderate,9
108,0 days 09:48:00,"[1, 0, 0, 1]",178,26.9,"89 Bikes, 82 Trucks, 84 Patrol",34,1800,2.472222222,50,0.462,0.024722222,0.538,0.238288889,Moderate,9
109,0 days 09:49:00,"[0, 1, 0, 0]",78,22.3,"84 Trucks, 51 Cars, 12 Vans",71,1800,1.083333333,50,0.554,0.010833333,0.446,0.399133333,High,9
110,0 days 09:50:00,"[0, 0, 1, 0]",174,28.7,"34 Trucks, 34 Bikes",47,1800,2.416666667,50,0.426,0.024166667,0.574,0.282866667,Moderate,9
111,0 days 09:51:00,"[1, 0, 0, 1]",186,24.8,"59 Patrol, 74 Ambulance, 54 Patrol",36,1800,2.583333333,50,0.504,0.025833333,0.496,0.255133333,Moderate,9
112,0 days 09:52:00,"[0, 0, 0, 1]",149,47.9,"27 Fire Extinguisher, 22 Patrol, 12 Ambulance, 83 Patrol",60,1800,2.069444444,50,0.042,0.020694444,0.958,0.256677778,Moderate,9
113,0 days 09:53:00,"[1, 0, 0, 0]",127,44.2,"80 Patrol, 93 Cars, 32 Cars",57,1800,1.763888889,50,0.116,0.017638889,0.884,0.258255556,Moderate,9
114,0 days 09:54:00,"[0, 1, 0, 1]",158,39.0,"80 Ambulance, 61 Vans",88,1800,2.194444444,50,0.22,0.021944444,0.78,0.404777778,Very High,9
115,0 days 09:55:00,"[1, 1, 0, 0]",135,46.1,"99 Fire Extinguisher, 14 Fire Extinguisher, 65 Fire Extinguisher, 44 Bikes",85,1800,1.875,50,0.078,0.01875,0.922,0.3631,High,9
116,0 days 09:56:00,"[0, 1, 1, 1]",120,44.1,"54 Patrol, 44 Trucks, 77 Cars, 50 Fire Extinguisher",39,1800,1.666666667,50,0.118,0.016666667,0.882,0.186266667,Low,9
117,0 days 09:57:00,"[0, 0, 1, 0]",174,25.6,"14 Ambulance, 79 Bikes, 69 Cars",80,1800,2.416666667,50,0.488,0.024166667,0.512,0.427266667,Very High,9
118,0 days 09:58:00,"[1, 0, 0, 0]",159,46.8,"52 Cars, 76 Patrol, 94 Ambulance",81,1800,2.208333333,50,0.064,0.022083333,0.936,0.345633333,High,9
119,0 days 09:59:00,"[0, 0, 0, 1]",148,36.2,"74 Vans, 20 Cars, 87 Trucks",30,1800,2.055555556,50,0.276,0.020555556,0.724,0.183422222,Low,9
120,0 days 10:00:00,"[1, 0, 1, 1]",106,44.2,"76 Fire Extinguisher, 76 Cars",77,1800,1.472222222,50,0.116,0.014722222,0.884,0.337088889,High,10
121,0 days 10:01:00,"[0, 1, 1, 0]",120,46.9,"55 Fire Extinguisher, 68 Patrol, 78 Bikes",40,1800,1.666666667,50,0.062,0.016666667,0.938,0.179066667,Low,10
122,0 days 10:02:00,"[0, 1, 1, 1]",80,29.5,"76 Trucks, 83 Ambulance, 93 Trucks",52,1800,1.111111111,50,0.41,0.011111111,0.59,0.294444444,Moderate,10
123,0 days 10:03:00,"[1, 0, 1, 0]",108,23.3,"15 Ambulance, 14 Patrol",84,1800,1.5,50,0.534,0.015,0.466,0.4488,Very High,10
124,0 days 10:04:00,"[1, 1, 0, 0]",74,26.8,"46 Fire Extinguisher, 100 Patrol, 80 Patrol",40,1800,1.027777778,50,0.464,0.010277778,0.536,0.256911111,Moderate,10
125,0 days 10:05:00,"[0, 1, 0, 0]",172,32.8,"31 Fire Extinguisher, 53 Trucks, 25 Fire Extinguisher",32,1800,2.388888889,50,0.344,0.023888889,0.656,0.206355556,Moderate,10
126,0 days 10:06:00,"[0, 1, 0, 0]",103,44.5,"60 Bikes, 33 Vans, 15 Fire Extinguisher",85,1800,1.430555556,50,0.11,0.014305556,0.89,0.367722222,High,10
127,0 days 10:07:00,"[0, 1, 1, 0]",82,45.8,"22 Cars, 61 Vans",72,1800,1.138888889,50,0.084,0.011388889,0.916,0.309355556,High,10
128,0 days 10:08:00,"[1, 0, 0, 0]",86,20.2,"34 Patrol, 54 Vans, 99 Bikes",35,1800,1.194444444,50,0.596,0.011944444,0.404,0.263977778,Moderate,10
129,0 days 10:09:00,"[1, 0, 1, 1]",129,35.3,"22 Fire Extinguisher, 18 Cars, 50 Bikes",75,1800,1.791666667,50,0.294,0.017916667,0.706,0.365966667,High,10
130,0 days 10:10:00,"[0, 1, 1, 1]",81,32.5,"78 Trucks, 95 Vans, 29 Fire Extinguisher",78,1800,1.125,50,0.35,0.01125,0.65,0.3865,High,10
131,0 days 10:11:00,"[1, 0, 1, 0]",192,26.7,"86 Bikes, 61 Bikes, 34 Ambulance, 86 Ambulance",46,1800,2.666666667,50,0.466,0.026666667,0.534,0.287866667,Moderate,10
132,0 days 10:12:00,"[1, 0, 0, 0]",106,23.6,"13 Patrol, 25 Ambulance",67,1800,1.472222222,50,0.528,0.014722222,0.472,0.379488889,High,10
133,0 days 10:13:00,"[0, 1, 1, 0]",174,30.1,"50 Ambulance, 20 Vans",68,1800,2.416666667,50,0.398,0.024166667,0.602,0.361266667,High,10
134,0 days 10:14:00,"[1, 1, 0, 0]",70,48.3,"48 Cars, 28 Vans, 100 Bikes, 34 Ambulance",81,1800,0.972222222,50,0.034,0.009722222,0.966,0.334688889,High,10
135,0 days 10:15:00,"[1, 0, 0, 0]",167,29.7,"21 Ambulance, 14 Fire Extinguisher, 41 Patrol, 40 Patrol",89,1800,2.319444444,50,0.406,0.023194444,0.594,0.446477778,Very High,10
136,0 days 10:16:00,"[1, 1, 0, 0]",177,35.6,"71 Cars, 42 Bikes, 63 Vans",50,1800,2.458333333,50,0.288,0.024583333,0.712,0.267433333,Moderate,10
137,0 days 10:17:00,"[0, 0, 1, 0]",165,41.1,"38 Bikes, 52 Patrol",89,1800,2.291666667,50,0.178,0.022916667,0.822,0.400766667,Very High,10
138,0 days 10:18:00,"[1, 0, 1, 0]",119,30.9,"81 Trucks, 22 Ambulance, 85 Patrol, 81 Bikes",64,1800,1.652777778,50,0.382,0.016527778,0.618,0.339011111,High,10
139,0 days 10:19:00,"[0, 1, 0, 1]",132,49.2,"29 Trucks, 71 Patrol",83,1800,1.833333333,50,0.016,0.018333333,0.984,0.342533333,High,10
140,0 days 10:20:00,"[0, 0, 1, 1]",66,48.9,"23 Patrol, 66 Bikes, 14 Patrol, 53 Bikes",41,1800,0.916666667,50,0.022,0.009166667,0.978,0.172066667,Low,10
141,0 days 10:21:00,"[0, 0, 0, 0]",131,27.6,"20 Bikes, 36 Vans",76,1800,1.819444444,50,0.448,0.018194444,0.552,0.400877778,Very High,10
142,0 days 10:22:00,"[1, 1, 0, 0]",174,34.9,"93 Ambulance, 54 Trucks, 30 Bikes",81,1800,2.416666667,50,0.302,0.024166667,0.698,0.394066667,High,10
143,0 days 10:23:00,"[1, 1, 0, 1]",93,29.0,"23 Trucks, 17 Bikes, 46 Bikes",48,1800,1.291666667,50,0.42,0.012916667,0.58,0.281166667,Moderate,10
144,0 days 10:24:00,"[0, 0, 1, 0]",51,28.5,"73 Fire Extinguisher, 14 Fire Extinguisher, 17 Cars",80,1800,0.708333333,50,0.43,0.007083333,0.57,0.408833333,Very High,10
145,0 days 10:25:00,"[0, 1, 1, 0]",58,21.1,"88 Cars, 61 Cars",83,1800,0.805555556,50,0.578,0.008055556,0.422,0.450822222,Very High,10
146,0 days 10:26:00,"[0, 0, 1, 1]",139,38.3,"44 Trucks, 84 Cars, 60 Trucks, 15 Trucks",60,1800,1.930555556,50,0.234,0.019305556,0.766,0.294522222,Moderate,10
147,0 days 10:27:00,"[1, 0, 0, 0]",144,35.1,"34 Fire Extinguisher, 83 Trucks, 72 Patrol",56,1800,2.0,50,0.298,0.02,0.702,0.2916,Moderate,10
148,0 days 10:28:00,"[0, 1, 1, 0]",164,21.5,"89 Vans, 39 Ambulance, 63 Trucks",80,1800,2.277777778,50,0.57,0.022777778,0.43,0.443111111,Very High,10
149,0 days 10:29:00,"[0, 0, 0, 0]",199,28.4,"26 Ambulance, 21 Vans",59,1800,2.763888889,50,0.432,0.027638889,0.568,0.333455556,High,10
150,0 days 10:30:00,"[1, 1, 0, 1]",80,47.2,"39 Trucks, 59 Fire Extinguisher, 70 Vans, 70 Ambulance",79,1800,1.111111111,50,0.056,0.011111111,0.944,0.331644444,High,10
151,0 days 10:31:00,"[1, 1, 1, 1]",157,27.2,"65 Cars, 64 Fire Extinguisher",69,1800,2.180555556,50,0.456,0.021805556,0.544,0.375922222,High,10
152,0 days 10:32:00,"[0, 1, 0, 0]",136,24.3,"52 Cars, 79 Vans, 26 Vans, 45 Trucks",49,1800,1.888888889,50,0.514,0.018888889,0.486,0.306355556,High,10
153,0 days 10:33:00,"[1, 1, 1, 0]",187,34.7,"61 Ambulance, 62 Bikes, 22 Patrol, 74 Trucks",58,1800,2.597222222,50,0.306,0.025972222,0.694,0.303588889,High,10
154,0 days 10:34:00,"[0, 1, 1, 1]",111,49.6,"71 Ambulance, 14 Trucks, 83 Vans, 91 Patrol",51,1800,1.541666667,50,0.008,0.015416667,0.992,0.211766667,Moderate,10
155,0 days 10:35:00,"[1, 0, 0, 0]",139,27.3,"18 Vans, 92 Fire Extinguisher, 82 Vans",89,1800,1.930555556,50,0.454,0.019305556,0.546,0.454522222,Very High,10
156,0 days 10:36:00,"[1, 0, 1, 0]",121,40.2,"83 Vans, 44 Vans, 41 Cars, 99 Trucks",78,1800,1.680555556,50,0.196,0.016805556,0.804,0.357922222,High,10
157,0 days 10:37:00,"[0, 0, 0, 0]",78,42.8,"46 Cars, 56 Bikes, 73 Vans",64,1800,1.083333333,50,0.144,0.010833333,0.856,0.289133333,Moderate,10
158,0 days 10:38:00,"[1, 0, 1, 1]",150,27.1,"79 Vans, 53 Ambulance, 37 Patrol",33,1800,2.083333333,50,0.458,0.020833333,0.542,0.231933333,Moderate,10
159,0 days 10:39:00,"[1, 0, 1, 0]",119,41.8,"62 Ambulance, 86 Ambulance, 72 Bikes, 34 Vans",61,1800,1.652777778,50,0.164,0.016527778,0.836,0.283411111,Moderate,10
160,0 days 10:40:00,"[1, 0, 0, 0]",182,31.0,"89 Ambulance, 100 Cars, 40 Trucks",86,1800,2.527777778,50,0.38,0.025277778,0.62,0.430111111,Very High,10
161,0 days 10:41:00,"[0, 1, 1, 1]",110,39.0,"82 Bikes, 72 Patrol, 70 Fire Extinguisher, 31 Trucks",72,1800,1.527777778,50,0.22,0.015277778,0.78,0.338111111,High,10
162,0 days 10:42:00,"[0, 0, 1, 1]",117,39.0,"85 Trucks, 55 Bikes, 33 Patrol, 60 Ambulance",88,1800,1.625,50,0.22,0.01625,0.78,0.4025,Very High,10
163,0 days 10:43:00,"[1, 1, 0, 0]",76,36.1,"28 Bikes, 85 Bikes",55,1800,1.055555556,50,0.278,0.010555556,0.722,0.279822222,Moderate,10
164,0 days 10:44:00,"[0, 1, 0, 0]",108,22.7,"77 Trucks, 27 Ambulance",55,1800,1.5,50,0.546,0.015,0.454,0.3352,High,10
165,0 days 10:45:00,"[0, 1, 0, 0]",105,45.1,"83 Trucks, 94 Ambulance",84,1800,1.458333333,50,0.098,0.014583333,0.902,0.361433333,High,10
166,0 days 10:46:00,"[0, 0, 0, 1]",173,29.6,"64 Vans, 38 Fire Extinguisher, 84 Ambulance",55,1800,2.402777778,50,0.408,0.024027778,0.592,0.311211111,High,10
167,0 days 10:47:00,"[0, 1, 1, 0]",66,25.6,"65 Ambulance, 70 Trucks, 29 Cars",45,1800,0.916666667,50,0.488,0.009166667,0.512,0.281266667,Moderate,10
168,0 days 10:48:00,"[0, 0, 0, 0]",160,21.2,"61 Vans, 58 Cars, 34 Fire Extinguisher, 32 Bikes",53,1800,2.222222222,50,0.576,0.022222222,0.424,0.336088889,High,10
169,0 days 10:49:00,"[1, 0, 0, 1]",145,37.7,"28 Trucks, 92 Trucks, 31 Fire Extinguisher, 100 Fire Extinguisher",70,1800,2.013888889,50,0.246,0.020138889,0.754,0.337255556,High,10
170,0 days 10:50:00,"[1, 1, 1, 0]",63,40.3,"86 Cars, 19 Patrol",41,1800,0.875,50,0.194,0.00875,0.806,0.2063,Moderate,10
171,0 days 10:51:00,"[0, 0, 1, 1]",56,20.5,"15 Trucks, 31 Bikes, 26 Fire Extinguisher, 64 Fire Extinguisher",59,1800,0.777777778,50,0.59,0.007777778,0.41,0.357111111,High,10
172,0 days 10:52:00,"[0, 1, 1, 0]",74,35.4,"45 Vans, 59 Patrol, 89 Cars",84,1800,1.027777778,50,0.292,0.010277778,0.708,0.398511111,High,10
173,0 days 10:53:00,"[0, 1, 0, 1]",155,26.8,"83 Cars, 44 Ambulance, 48 Ambulance, 39 Vans",86,1800,2.152777778,50,0.464,0.021527778,0.536,0.445411111,Very High,10
174,0 days 10:54:00,"[1, 1, 1, 0]",146,39.4,"92 Patrol, 57 Patrol, 96 Patrol, 66 Trucks",50,1800,2.027777778,50,0.212,0.020277778,0.788,0.250511111,Moderate,10
175,0 days 10:55:00,"[1, 1, 0, 1]",136,25.2,"24 Trucks, 35 Bikes, 27 Bikes",40,1800,1.888888889,50,0.496,0.018888889,0.504,0.266755556,Moderate,10
176,0 days 10:56:00,"[0, 1, 1, 1]",131,40.7,"35 Patrol, 19 Cars, 91 Cars, 33 Vans",65,1800,1.819444444,50,0.186,0.018194444,0.814,0.304477778,High,10
177,0 days 10:57:00,"[0, 0, 1, 1]",64,31.6,"12 Patrol, 16 Fire Extinguisher",30,1800,0.888888889,50,0.368,0.008888889,0.632,0.197155556,Low,10
178,0 days 10:58:00,"[0, 1, 1, 0]",66,48.1,"34 Cars, 86 Cars, 64 Ambulance",73,1800,0.916666667,50,0.038,0.009166667,0.962,0.303266667,High,10
179,0 days 10:59:00,"[0, 0, 0, 1]",95,24.1,"35 Bikes, 15 Patrol, 92 Vans, 10 Ambulance",90,1800,1.319444444,50,0.518,0.013194444,0.482,0.468877778,Very High,10
180,0 days 11:00:00,"[0, 1, 1, 1]",179,30.2,"30 Vans, 82 Patrol",67,1800,2.486111111,50,0.396,0.024861111,0.604,0.357144444,High,11
181,0 days 11:01:00,"[1, 1, 0, 1]",160,23.4,"72 Trucks, 21 Trucks, 93 Patrol",53,1800,2.222222222,50,0.532,0.022222222,0.468,0.327288889,High,11
182,0 days 11:02:00,"[0, 0, 0, 0]",133,47.7,"77 Ambulance, 85 Trucks, 25 Ambulance, 59 Patrol",75,1800,1.847222222,50,0.046,0.018472222,0.954,0.316588889,High,11
183,0 days 11:03:00,"[1, 0, 0, 1]",83,46.3,"17 Cars, 37 Vans",58,1800,1.152777778,50,0.074,0.011527778,0.926,0.251411111,Moderate,11
184,0 days 11:04:00,"[1, 1, 0, 1]",101,27.7,"60 Fire Extinguisher, 67 Fire Extinguisher",36,1800,1.402777778,50,0.446,0.014027778,0.554,0.238811111,Moderate,11
185,0 days 11:05:00,"[0, 1, 1, 0]",127,39.8,"16 Ambulance, 55 Ambulance",48,1800,1.763888889,50,0.204,0.017638889,0.796,0.239855556,Moderate,11
186,0 days 11:06:00,"[1, 1, 0, 1]",59,44.5,"71 Patrol, 18 Ambulance, 59 Cars",37,1800,0.819444444,50,0.11,0.008194444,0.89,0.173277778,Low,11
187,0 days 11:07:00,"[1, 0, 0, 1]",109,36.7,"19 Bikes, 39 Patrol, 25 Cars",66,1800,1.513888889,50,0.266,0.015138889,0.734,0.323255556,High,11
188,0 days 11:08:00,"[1, 1, 1, 1]",189,35.9,"55 Bikes, 53 Trucks, 39 Vans",80,1800,2.625,50,0.282,0.02625,0.718,0.3869,High,11
189,0 days 11:09:00,"[0, 0, 1, 0]",150,27.3,"72 Trucks, 73 Bikes, 38 Bikes, 56 Patrol",40,1800,2.083333333,50,0.454,0.020833333,0.546,0.259133333,Moderate,11
190,0 days 11:10:00,"[1, 1, 0, 0]",72,22.8,"56 Trucks, 79 Bikes",35,1800,1.0,50,0.544,0.01,0.456,0.2528,Moderate,11
191,0 days 11:11:00,"[1, 1, 1, 0]",196,46.9,"24 Vans, 50 Cars, 46 Cars, 10 Fire Extinguisher",30,1800,2.722222222,50,0.062,0.027222222,0.938,0.143288889,Low,11
192,0 days 11:12:00,"[0, 0, 1, 0]",170,47.0,"84 Patrol, 28 Patrol, 98 Vans, 16 Fire Extinguisher",36,1800,2.361111111,50,0.06,0.023611111,0.94,0.165444444,Low,11
193,0 days 11:13:00,"[1, 0, 1, 1]",166,39.0,"39 Vans, 47 Trucks",61,1800,2.305555556,50,0.22,0.023055556,0.78,0.297222222,Moderate,11
194,0 days 11:14:00,"[0, 1, 1, 0]",174,30.2,"14 Trucks, 61 Cars, 80 Patrol, 39 Bikes",53,1800,2.416666667,50,0.396,0.024166667,0.604,0.300866667,High,11
195,0 days 11:15:00,"[0, 0, 1, 0]",120,30.5,"88 Fire Extinguisher, 71 Fire Extinguisher, 44 Trucks",84,1800,1.666666667,50,0.39,0.016666667,0.61,0.420666667,Very High,11
196,0 days 11:16:00,"[1, 1, 1, 0]",122,41.8,"17 Bikes, 73 Fire Extinguisher, 56 Bikes, 54 Fire Extinguisher",38,1800,1.694444444,50,0.164,0.016944444,0.836,0.191577778,Low,11
197,0 days 11:17:00,"[1, 0, 1, 1]",67,46.9,"86 Cars, 32 Bikes, 40 Vans",32,1800,0.930555556,50,0.062,0.009305556,0.938,0.144122222,Low,11
198,0 days 11:18:00,"[0, 0, 0, 1]",148,46.6,"90 Cars, 29 Cars, 74 Vans, 29 Trucks",87,1800,2.055555556,50,0.068,0.020555556,0.932,0.369822222,High,11
199,0 days 11:19:00,"[0, 0, 1, 1]",64,43.4,"97 Fire Extinguisher, 76 Trucks",54,1800,0.888888889,50,0.132,0.008888889,0.868,0.245955556,Moderate,11
200,0 days 11:20:00,"[1, 1, 0, 0]",65,39.3,"70 Patrol, 75 Fire Extinguisher",74,1800,0.902777778,50,0.214,0.009027778,0.786,0.342411111,High,11
201,0 days 11:21:00,"[1, 1, 0, 0]",130,22.5,"85 Fire Extinguisher, 63 Cars",48,1800,1.805555556,50,0.55,0.018055556,0.45,0.309222222,High,11
202,0 days 11:22:00,"[0, 1, 1, 0]",113,24.8,"91 Cars, 49 Vans, 32 Patrol, 35 Trucks",83,1800,1.569444444,50,0.504,0.015694444,0.496,0.439077778,Very High,11
203,0 days 11:23:00,"[0, 0, 0, 1]",57,47.0,"85 Cars, 99 Vans, 90 Bikes, 62 Vans",55,1800,0.791666667,50,0.06,0.007916667,0.94,0.235166667,Moderate,11
204,0 days 11:24:00,"[1, 0, 0, 0]",195,38.2,"83 Bikes, 96 Bikes, 91 Trucks, 34 Trucks",54,1800,2.708333333,50,0.236,0.027083333,0.764,0.274033333,Moderate,11
205,0 days 11:25:00,"[0, 1, 0, 1]",112,20.3,"74 Vans, 72 Trucks, 12 Trucks",47,1800,1.555555556,50,0.594,0.015555556,0.406,0.313022222,High,11
206,0 days 11:26:00,"[0, 1, 1, 0]",62,23.0,"91 Ambulance, 43 Fire Extinguisher, 92 Vans",89,1800,0.861111111,50,0.54,0.008611111,0.46,0.467444444,Very High,11
207,0 days 11:27:00,"[1, 1, 0, 0]",140,39.9,"58 Cars, 11 Vans, 47 Bikes, 98 Ambulance",68,1800,1.944444444,50,0.202,0.019444444,0.798,0.320177778,High,11
208,0 days 11:28:00,"[0, 1, 1, 1]",54,20.2,"23 Ambulance, 90 Patrol, 81 Ambulance, 23 Vans",75,1800,0.75,50,0.596,0.0075,0.404,0.4222,Very High,11
209,0 days 11:29:00,"[0, 0, 0, 0]",151,24.8,"54 Fire Extinguisher, 94 Cars, 61 Bikes",41,1800,2.097222222,50,0.504,0.020972222,0.496,0.273188889,Moderate,11
210,0 days 11:30:00,"[1, 0, 0, 0]",197,36.5,"54 Patrol, 78 Fire Extinguisher, 93 Bikes, 64 Vans",40,1800,2.736111111,50,0.27,0.027361111,0.73,0.224944444,Moderate,11
211,0 days 11:31:00,"[0, 1, 1, 0]",142,40.8,"94 Bikes, 86 Fire Extinguisher, 55 Cars",74,1800,1.972222222,50,0.184,0.019722222,0.816,0.340688889,High,11
212,0 days 11:32:00,"[1, 0, 1, 1]",108,39.6,"82 Bikes, 85 Patrol",79,1800,1.5,50,0.208,0.015,0.792,0.3636,High,11
213,0 days 11:33:00,"[0, 1, 0, 1]",150,26.7,"89 Fire Extinguisher, 56 Vans, 59 Fire Extinguisher",36,1800,2.083333333,50,0.466,0.020833333,0.534,0.245533333,Moderate,11
214,0 days 11:34:00,"[0, 0, 0, 1]",153,41.4,"59 Cars, 22 Ambulance, 93 Trucks",40,1800,2.125,50,0.172,0.02125,0.828,0.2029,Moderate,11
215,0 days 11:35:00,"[0, 1, 1, 0]",125,27.1,"64 Fire Extinguisher, 43 Bikes, 85 Trucks, 84 Bikes",90,1800,1.736111111,50,0.458,0.017361111,0.542,0.458544444,Very High,11
216,0 days 11:36:00,"[1, 1, 0, 0]",52,29.8,"33 Ambulance, 91 Patrol",74,1800,0.722222222,50,0.404,0.007222222,0.596,0.379688889,High,11
217,0 days 11:37:00,"[0, 0, 1, 1]",97,42.4,"99 Ambulance, 54 Vans, 80 Vans",74,1800,1.347222222,50,0.152,0.013472222,0.848,0.331788889,High,11
218,0 days 11:38:00,"[1, 1, 1, 0]",113,39.5,"88 Bikes, 90 Trucks",60,1800,1.569444444,50,0.21,0.015694444,0.79,0.288277778,Moderate,11
219,0 days 11:39:00,"[0, 1, 1, 1]",198,45.5,"22 Vans, 95 Bikes",55,1800,2.75,50,0.09,0.0275,0.91,0.249,Moderate,11
220,0 days 11:40:00,"[0, 1, 0, 0]",109,39.7,"34 Ambulance, 60 Bikes",33,1800,1.513888889,50,0.206,0.015138889,0.794,0.179255556,Low,11
221,0 days 11:41:00,"[0, 0, 0, 1]",130,37.0,"32 Fire Extinguisher, 28 Fire Extinguisher",49,1800,1.805555556,50,0.26,0.018055556,0.74,0.255222222,Moderate,11
222,0 days 11:42:00,"[0, 1, 0, 0]",83,22.8,"57 Ambulance, 35 Bikes, 22 Trucks, 36 Ambulance",50,1800,1.152777778,50,0.544,0.011527778,0.456,0.313411111,High,11
223,0 days 11:43:00,"[1, 0, 1, 0]",137,31.0,"35 Patrol, 29 Cars",80,1800,1.902777778,50,0.38,0.019027778,0.62,0.403611111,Very High,11
224,0 days 11:44:00,"[0, 0, 0, 1]",180,28.0,"45 Patrol, 14 Cars, 14 Patrol",59,1800,2.5,50,0.44,0.025,0.56,0.334,High,11
225,0 days 11:45:00,"[0, 0, 1, 0]",119,27.3,"89 Ambulance, 91 Vans, 83 Vans",39,1800,1.652777778,50,0.454,0.016527778,0.546,0.253411111,Moderate,11
226,0 days 11:46:00,"[0, 0, 1, 1]",96,49.2,"37 Fire Extinguisher, 35 Ambulance, 31 Ambulance, 20 Fire Extinguisher",88,1800,1.333333333,50,0.016,0.013333333,0.984,0.360533333,High,11
227,0 days 11:47:00,"[0, 0, 1, 1]",175,31.8,"73 Vans, 83 Ambulance, 29 Fire Extinguisher",35,1800,2.430555556,50,0.364,0.024305556,0.636,0.222522222,Moderate,11
228,0 days 11:48:00,"[1, 1, 0, 0]",199,46.8,"71 Ambulance, 21 Patrol, 71 Patrol, 87 Ambulance",49,1800,2.763888889,50,0.064,0.027638889,0.936,0.219855556,Moderate,11
229,0 days 11:49:00,"[0, 1, 0, 0]",68,38.9,"62 Fire Extinguisher, 72 Vans, 13 Patrol",31,1800,0.944444444,50,0.222,0.009444444,0.778,0.172177778,Low,11
230,0 days 11:50:00,"[1, 1, 1, 0]",190,43.8,"18 Trucks, 66 Vans, 55 Ambulance, 34 Patrol",41,1800,2.638888889,50,0.124,0.026388889,0.876,0.199355556,Low,11
231,0 days 11:51:00,"[1, 0, 0, 1]",142,35.1,"46 Bikes, 96 Vans, 56 Ambulance",56,1800,1.972222222,50,0.298,0.019722222,0.702,0.291488889,Moderate,11
232,0 days 11:52:00,"[1, 0, 0, 1]",138,37.3,"72 Ambulance, 65 Trucks, 74 Patrol, 12 Ambulance",70,1800,1.916666667,50,0.254,0.019166667,0.746,0.338466667,High,11
233,0 days 11:53:00,"[0, 1, 1, 0]",199,34.8,"93 Ambulance, 43 Vans, 61 Fire Extinguisher",66,1800,2.763888889,50,0.304,0.027638889,0.696,0.335855556,High,11
234,0 days 11:54:00,"[0, 1, 1, 1]",128,25.9,"85 Ambulance, 10 Cars, 32 Patrol, 71 Ambulance",71,1800,1.777777778,50,0.482,0.017777778,0.518,0.387511111,High,11
235,0 days 11:55:00,"[1, 0, 0, 1]",53,41.7,"31 Cars, 53 Ambulance, 43 Bikes",74,1800,0.736111111,50,0.166,0.007361111,0.834,0.332144444,High,11
236,0 days 11:56:00,"[0, 0, 0, 0]",110,28.4,"33 Bikes, 66 Ambulance, 52 Bikes",89,1800,1.527777778,50,0.432,0.015277778,0.568,0.448511111,Very High,11
237,0 days 11:57:00,"[1, 0, 1, 1]",135,20.7,"14 Trucks, 53 Trucks, 79 Cars",72,1800,1.875,50,0.586,0.01875,0.414,0.4127,Very High,11
238,0 days 11:58:00,"[1, 0, 1, 1]",165,39.4,"94 Trucks, 66 Bikes, 71 Ambulance, 49 Fire Extinguisher",71,1800,2.291666667,50,0.212,0.022916667,0.788,0.335566667,High,11
239,0 days 11:59:00,"[0, 1, 1, 0]",168,25.3,"22 Ambulance, 30 Patrol",36,1800,2.333333333,50,0.494,0.023333333,0.506,0.252133333,Moderate,11
240,0 days 12:00:00,"[1, 1, 0, 0]",53,48.2,"53 Ambulance, 71 Cars, 69 Patrol, 78 Fire Extinguisher",44,1800,0.736111111,50,0.036,0.007361111,0.964,0.186144444,Low,12
241,0 days 12:01:00,"[0, 0, 1, 0]",200,48.6,"49 Bikes, 59 Trucks",64,1800,2.777777778,50,0.028,0.027777778,0.972,0.272711111,Moderate,12
242,0 days 12:02:00,"[1, 0, 1, 0]",111,47.4,"50 Fire Extinguisher, 90 Cars, 63 Patrol",87,1800,1.541666667,50,0.052,0.015416667,0.948,0.364566667,High,12
243,0 days 12:03:00,"[0, 1, 1, 0]",145,31.1,"27 Trucks, 84 Trucks",40,1800,2.013888889,50,0.378,0.020138889,0.622,0.243655556,Moderate,12
244,0 days 12:04:00,"[1, 0, 0, 0]",124,20.5,"76 Cars, 71 Patrol, 77 Cars",62,1800,1.722222222,50,0.59,0.017222222,0.41,0.372888889,High,12
245,0 days 12:05:00,"[0, 1, 0, 1]",158,47.8,"39 Trucks, 31 Vans",84,1800,2.194444444,50,0.044,0.021944444,0.956,0.353577778,High,12
246,0 days 12:06:00,"[0, 1, 0, 0]",115,32.8,"94 Ambulance, 15 Vans, 83 Vans, 22 Vans",46,1800,1.597222222,50,0.344,0.015972222,0.656,0.259188889,Moderate,12
247,0 days 12:07:00,"[1, 1, 1, 1]",62,49.0,"22 Bikes, 92 Ambulance, 62 Fire Extinguisher, 69 Cars",51,1800,0.861111111,50,0.02,0.008611111,0.98,0.211444444,Moderate,12
248,0 days 12:08:00,"[0, 0, 0, 1]",163,48.9,"72 Fire Extinguisher, 29 Patrol, 33 Trucks",65,1800,2.263888889,50,0.022,0.022638889,0.978,0.273455556,Moderate,12
249,0 days 12:09:00,"[0, 1, 1, 0]",150,45.6,"47 Patrol, 12 Fire Extinguisher",77,1800,2.083333333,50,0.088,0.020833333,0.912,0.333933333,High,12
250,0 days 12:10:00,"[0, 1, 1, 0]",195,28.8,"72 Patrol, 67 Patrol, 46 Patrol",69,1800,2.708333333,50,0.424,0.027083333,0.576,0.371633333,High,12
251,0 days 12:11:00,"[0, 0, 0, 1]",116,31.6,"61 Fire Extinguisher, 33 Ambulance",84,1800,1.611111111,50,0.368,0.016111111,0.632,0.416044444,Very High,12
252,0 days 12:12:00,"[1, 1, 1, 0]",77,45.5,"93 Trucks, 36 Fire Extinguisher",44,1800,1.069444444,50,0.09,0.010694444,0.91,0.198277778,Low,12
253,0 days 12:13:00,"[1, 1, 0, 0]",124,29.5,"11 Trucks, 39 Cars, 60 Fire Extinguisher, 74 Ambulance",65,1800,1.722222222,50,0.41,0.017222222,0.59,0.348888889,High,12
254,0 days 12:14:00,"[1, 0, 1, 0]",121,25.1,"61 Cars, 57 Ambulance",32,1800,1.680555556,50,0.498,0.016805556,0.502,0.234322222,Moderate,12
255,0 days 12:15:00,"[0, 1, 0, 0]",69,36.7,"100 Patrol, 98 Patrol, 16 Vans, 16 Cars",64,1800,0.958333333,50,0.266,0.009583333,0.734,0.313033333,High,12
256,0 days 12:16:00,"[1, 1, 0, 0]",95,48.1,"32 Cars, 22 Patrol",75,1800,1.319444444,50,0.038,0.013194444,0.962,0.312877778,High,12
257,0 days 12:17:00,"[1, 1, 0, 0]",90,40.9,"29 Patrol, 47 Patrol",73,1800,1.25,50,0.182,0.0125,0.818,0.3334,High,12
258,0 days 12:18:00,"[1, 1, 1, 0]",175,37.1,"60 Fire Extinguisher, 80 Trucks, 69 Trucks",46,1800,2.430555556,50,0.258,0.024305556,0.742,0.245322222,Moderate,12
259,0 days 12:19:00,"[1, 0, 0, 1]",199,22.9,"49 Fire Extinguisher, 81 Fire Extinguisher, 60 Fire Extinguisher, 25 Ambulance",41,1800,2.763888889,50,0.542,0.027638889,0.458,0.283455556,Moderate,12
260,0 days 12:20:00,"[1, 0, 0, 0]",153,38.5,"24 Cars, 33 Trucks, 62 Bikes, 11 Cars",55,1800,2.125,50,0.23,0.02125,0.77,0.2745,Moderate,12
261,0 days 12:21:00,"[1, 0, 1, 0]",88,49.7,"84 Cars, 38 Cars, 91 Vans",39,1800,1.222222222,50,0.006,0.012222222,0.994,0.162088889,Low,12
262,0 days 12:22:00,"[0, 0, 0, 1]",165,24.2,"30 Cars, 82 Cars, 16 Trucks, 16 Bikes",70,1800,2.291666667,50,0.516,0.022916667,0.484,0.392366667,High,12
263,0 days 12:23:00,"[0, 0, 0, 1]",118,35.5,"56 Bikes, 16 Trucks, 18 Vans, 27 Cars",38,1800,1.638888889,50,0.29,0.016388889,0.71,0.216555556,Moderate,12
264,0 days 12:24:00,"[1, 0, 1, 1]",194,46.3,"33 Ambulance, 48 Bikes, 78 Trucks, 52 Fire Extinguisher",71,1800,2.694444444,50,0.074,0.026944444,0.926,0.309577778,High,12
265,0 days 12:25:00,"[0, 0, 1, 1]",108,42.2,"38 Ambulance, 10 Patrol, 87 Vans, 24 Cars",88,1800,1.5,50,0.156,0.015,0.844,0.3892,High,12
266,0 days 12:26:00,"[0, 0, 1, 0]",65,40.9,"88 Ambulance, 36 Cars",68,1800,0.902777778,50,0.182,0.009027778,0.818,0.312011111,High,12
267,0 days 12:27:00,"[1, 0, 1, 0]",113,41.1,"89 Cars, 93 Bikes, 46 Bikes, 20 Fire Extinguisher",55,1800,1.569444444,50,0.178,0.015694444,0.822,0.261877778,Moderate,12
268,0 days 12:28:00,"[1, 1, 0, 1]",113,30.8,"43 Trucks, 55 Bikes, 50 Fire Extinguisher",73,1800,1.569444444,50,0.384,0.015694444,0.616,0.375077778,High,12
269,0 days 12:29:00,"[1, 1, 0, 0]",142,28.8,"70 Trucks, 11 Bikes, 15 Trucks, 19 Patrol",51,1800,1.972222222,50,0.424,0.019722222,0.576,0.296688889,Moderate,12
270,0 days 12:30:00,"[1, 1, 1, 0]",112,44.3,"30 Patrol, 24 Fire Extinguisher, 31 Patrol",76,1800,1.555555556,50,0.114,0.015555556,0.886,0.333022222,High,12
271,0 days 12:31:00,"[1, 0, 0, 1]",58,44.3,"79 Vans, 93 Trucks, 13 Cars, 93 Ambulance",66,1800,0.805555556,50,0.114,0.008055556,0.886,0.290022222,Moderate,12
272,0 days 12:32:00,"[1, 0, 1, 0]",160,46.0,"94 Bikes, 90 Ambulance",74,1800,2.222222222,50,0.08,0.022222222,0.92,0.320888889,High,12
273,0 days 12:33:00,"[1, 0, 1, 1]",99,47.4,"40 Vans, 19 Ambulance, 59 Bikes, 16 Trucks",49,1800,1.375,50,0.052,0.01375,0.948,0.2119,Moderate,12
274,0 days 12:34:00,"[0, 0, 1, 1]",87,35.3,"90 Fire Extinguisher, 80 Ambulance",44,1800,1.208333333,50,0.294,0.012083333,0.706,0.239633333,Moderate,12
275,0 days 12:35:00,"[1, 1, 1, 1]",188,35.0,"98 Trucks, 68 Patrol, 92 Trucks, 11 Patrol",30,1800,2.611111111,50,0.3,0.026111111,0.7,0.190444444,Low,12
276,0 days 12:36:00,"[0, 1, 1, 0]",109,43.9,"10 Vans, 37 Cars",70,1800,1.513888889,50,0.122,0.015138889,0.878,0.310455556,High,12
277,0 days 12:37:00,"[0, 1, 0, 0]",61,39.5,"94 Ambulance, 46 Ambulance",81,1800,0.847222222,50,0.21,0.008472222,0.79,0.369388889,High,12
278,0 days 12:38:00,"[0, 0, 1, 0]",149,41.1,"23 Cars, 92 Vans, 30 Vans, 77 Vans",66,1800,2.069444444,50,0.178,0.020694444,0.822,0.307877778,High,12
279,0 days 12:39:00,"[0, 1, 0, 1]",112,43.9,"83 Vans, 47 Trucks",53,1800,1.555555556,50,0.122,0.015555556,0.878,0.242622222,Moderate,12
280,0 days 12:40:00,"[1, 1, 1, 0]",91,46.7,"23 Patrol, 34 Fire Extinguisher, 32 Trucks, 81 Vans",83,1800,1.263888889,50,0.066,0.012638889,0.934,0.350255556,High,12
281,0 days 12:41:00,"[1, 1, 0, 0]",94,30.1,"59 Ambulance, 68 Vans",78,1800,1.305555556,50,0.398,0.013055556,0.602,0.396822222,High,12
282,0 days 12:42:00,"[0, 1, 1, 0]",84,31.3,"43 Bikes, 31 Ambulance",56,1800,1.166666667,50,0.374,0.011666667,0.626,0.303466667,High,12
283,0 days 12:43:00,"[0, 0, 1, 0]",79,22.8,"58 Fire Extinguisher, 25 Cars",87,1800,1.097222222,50,0.544,0.010972222,0.456,0.461188889,Very High,12
284,0 days 12:44:00,"[1, 0, 1, 1]",135,37.3,"17 Cars, 25 Bikes, 86 Fire Extinguisher",32,1800,1.875,50,0.254,0.01875,0.746,0.1863,Low,12
285,0 days 12:45:00,"[0, 1, 0, 1]",154,21.1,"99 Ambulance, 40 Patrol, 64 Ambulance, 46 Cars",64,1800,2.138888889,50,0.578,0.021388889,0.422,0.380155556,High,12
286,0 days 12:46:00,"[1, 1, 0, 0]",85,34.0,"20 Patrol, 41 Bikes, 25 Trucks, 69 Trucks",70,1800,1.180555556,50,0.32,0.011805556,0.68,0.348722222,High,12
287,0 days 12:47:00,"[1, 1, 1, 1]",171,36.3,"34 Vans, 91 Ambulance, 79 Ambulance, 54 Cars",36,1800,2.375,50,0.274,0.02375,0.726,0.2083,Moderate,12
288,0 days 12:48:00,"[0, 0, 1, 0]",174,28.6,"11 Fire Extinguisher, 30 Trucks, 21 Trucks, 67 Trucks",33,1800,2.416666667,50,0.428,0.024166667,0.572,0.227266667,Moderate,12
289,0 days 12:49:00,"[0, 1, 1, 0]",163,37.7,"37 Fire Extinguisher, 69 Ambulance",88,1800,2.263888889,50,0.246,0.022638889,0.754,0.410255556,Very High,12
290,0 days 12:50:00,"[0, 1, 1, 0]",104,20.9,"51 Trucks, 82 Patrol",33,1800,1.444444444,50,0.582,0.014444444,0.418,0.254177778,Moderate,12
291,0 days 12:51:00,"[1, 1, 0, 0]",146,21.1,"38 Fire Extinguisher, 14 Fire Extinguisher, 100 Bikes",80,1800,2.027777778,50,0.578,0.020277778,0.422,0.443711111,Very High,12
292,0 days 12:52:00,"[1, 1, 1, 1]",125,44.7,"14 Patrol, 36 Fire Extinguisher",81,1800,1.736111111,50,0.106,0.017361111,0.894,0.352144444,High,12
293,0 days 12:53:00,"[0, 1, 0, 1]",141,30.8,"48 Cars, 51 Bikes",30,1800,1.958333333,50,0.384,0.019583333,0.616,0.204633333,Moderate,12
294,0 days 12:54:00,"[0, 1, 1, 0]",199,23.8,"21 Bikes, 44 Patrol, 20 Ambulance",70,1800,2.763888889,50,0.524,0.027638889,0.476,0.395855556,High,12
295,0 days 12:55:00,"[1, 0, 0, 1]",54,35.7,"16 Cars, 87 Bikes",39,1800,0.75,50,0.286,0.0075,0.714,0.2162,Moderate,12
296,0 days 12:56:00,"[0, 1, 1, 0]",129,43.1,"69 Patrol, 39 Fire Extinguisher, 61 Patrol",32,1800,1.791666667,50,0.138,0.017916667,0.862,0.162766667,Low,12
297,0 days 12:57:00,"[0, 0, 1, 0]",167,26.5,"29 Ambulance, 30 Trucks",73,1800,2.319444444,50,0.47,0.023194444,0.53,0.395277778,High,12
298,0 days 12:58:00,"[1, 1, 0, 1]",146,38.7,"63 Bikes, 49 Fire Extinguisher, 64 Cars",89,1800,2.027777778,50,0.226,0.020277778,0.774,0.409311111,Very High,12
299,0 days 12:59:00,"[0, 0, 0, 1]",195,22.6,"64 Cars, 18 Trucks, 24 Bikes",42,1800,2.708333333,50,0.548,0.027083333,0.452,0.288433333,Moderate,12
300,0 days 13:00:00,"[1, 0, 0, 0]",109,21.6,"100 Trucks, 46 Trucks",90,1800,1.513888889,50,0.568,0.015138889,0.432,0.479655556,Very High,13
301,0 days 13:01:00,"[1, 1, 0, 1]",130,35.9,"63 Fire Extinguisher, 87 Cars",48,1800,1.805555556,50,0.282,0.018055556,0.718,0.255622222,Moderate,13
302,0 days 13:02:00,"[1, 0, 0, 0]",198,36.2,"88 Fire Extinguisher, 73 Ambulance",72,1800,2.75,50,0.276,0.0275,0.724,0.3542,High,13
303,0 days 13:03:00,"[0, 1, 0, 1]",63,39.1,"38 Vans, 29 Cars",37,1800,0.875,50,0.218,0.00875,0.782,0.1951,Low,13
304,0 days 13:04:00,"[1, 0, 0, 0]",62,41.8,"42 Fire Extinguisher, 60 Bikes",50,1800,0.861111111,50,0.164,0.008611111,0.836,0.236244444,Moderate,13
305,0 days 13:05:00,"[1, 1, 0, 0]",142,49.3,"44 Ambulance, 84 Trucks, 55 Bikes, 33 Fire Extinguisher",53,1800,1.972222222,50,0.014,0.019722222,0.986,0.222688889,Moderate,13
306,0 days 13:06:00,"[1, 0, 1, 1]",183,35.5,"79 Patrol, 41 Patrol, 70 Trucks",53,1800,2.541666667,50,0.29,0.025416667,0.71,0.280166667,Moderate,13
307,0 days 13:07:00,"[1, 1, 1, 0]",86,29.7,"16 Patrol, 65 Ambulance, 92 Patrol",34,1800,1.194444444,50,0.406,0.011944444,0.594,0.221977778,Moderate,13
308,0 days 13:08:00,"[0, 1, 1, 1]",155,43.9,"16 Cars, 60 Cars, 34 Cars",84,1800,2.152777778,50,0.122,0.021527778,0.878,0.369011111,High,13
309,0 days 13:09:00,"[0, 0, 0, 1]",83,28.1,"42 Fire Extinguisher, 74 Bikes, 13 Cars",64,1800,1.152777778,50,0.438,0.011527778,0.562,0.348211111,High,13
310,0 days 13:10:00,"[0, 0, 1, 1]",72,33.2,"97 Bikes, 41 Ambulance",76,1800,1.0,50,0.336,0.01,0.664,0.3752,High,13
311,0 days 13:11:00,"[1, 0, 0, 0]",170,22.4,"15 Patrol, 16 Ambulance, 47 Bikes",76,1800,2.361111111,50,0.552,0.023611111,0.448,0.423844444,Very High,13
312,0 days 13:12:00,"[1, 0, 1, 0]",140,20.8,"100 Ambulance, 66 Vans",40,1800,1.944444444,50,0.584,0.019444444,0.416,0.284577778,Moderate,13
313,0 days 13:13:00,"[1, 0, 0, 0]",93,48.9,"66 Cars, 36 Trucks",84,1800,1.291666667,50,0.022,0.012916667,0.978,0.345566667,High,13
314,0 days 13:14:00,"[1, 1, 1, 0]",188,45.1,"96 Patrol, 50 Cars, 89 Ambulance",83,1800,2.611111111,50,0.098,0.026111111,0.902,0.362044444,High,13
315,0 days 13:15:00,"[1, 0, 0, 1]",122,40.9,"58 Bikes, 57 Ambulance, 29 Fire Extinguisher, 24 Ambulance",60,1800,1.694444444,50,0.182,0.016944444,0.818,0.283177778,Moderate,13
316,0 days 13:16:00,"[1, 0, 1, 1]",159,32.3,"11 Cars, 45 Trucks",69,1800,2.208333333,50,0.354,0.022083333,0.646,0.355633333,High,13
317,0 days 13:17:00,"[0, 1, 0, 0]",86,25.2,"47 Bikes, 46 Patrol",71,1800,1.194444444,50,0.496,0.011944444,0.504,0.387977778,High,13
318,0 days 13:18:00,"[0, 0, 1, 1]",167,24.7,"79 Ambulance, 91 Trucks, 57 Fire Extinguisher, 56 Patrol",69,1800,2.319444444,50,0.506,0.023194444,0.494,0.386477778,High,13
319,0 days 13:19:00,"[1, 0, 0, 0]",82,27.5,"51 Patrol, 45 Bikes, 95 Vans",80,1800,1.138888889,50,0.45,0.011388889,0.55,0.414555556,Very High,13
320,0 days 13:20:00,"[0, 0, 0, 1]",180,36.5,"95 Trucks, 79 Cars",80,1800,2.5,50,0.27,0.025,0.73,0.384,High,13
321,0 days 13:21:00,"[1, 1, 0, 1]",72,41.4,"51 Trucks, 86 Trucks",75,1800,1.0,50,0.172,0.01,0.828,0.3384,High,13
322,0 days 13:22:00,"[0, 0, 1, 1]",59,39.8,"38 Fire Extinguisher, 79 Vans",54,1800,0.819444444,50,0.204,0.008194444,0.796,0.260077778,Moderate,13
323,0 days 13:23:00,"[0, 1, 1, 0]",126,28.4,"48 Fire Extinguisher, 86 Patrol, 38 Cars",81,1800,1.75,50,0.432,0.0175,0.568,0.4174,Very High,13
324,0 days 13:24:00,"[0, 1, 0, 0]",128,48.6,"43 Cars, 47 Bikes, 95 Cars",60,1800,1.777777778,50,0.028,0.017777778,0.972,0.252711111,Moderate,13
325,0 days 13:25:00,"[0, 0, 0, 0]",76,42.1,"13 Trucks, 92 Bikes",57,1800,1.055555556,50,0.158,0.010555556,0.842,0.263822222,Moderate,13
326,0 days 13:26:00,"[1, 1, 1, 0]",169,36.6,"74 Trucks, 61 Fire Extinguisher",70,1800,2.347222222,50,0.268,0.023472222,0.732,0.342988889,High,13
327,0 days 13:27:00,"[0, 0, 0, 1]",180,38.4,"10 Ambulance, 42 Vans",90,1800,2.5,50,0.232,0.025,0.768,0.4164,Very High,13
328,0 days 13:28:00,"[1, 1, 1, 1]",174,32.6,"94 Fire Extinguisher, 49 Patrol",49,1800,2.416666667,50,0.348,0.024166667,0.652,0.275266667,Moderate,13
329,0 days 13:29:00,"[1, 0, 1, 0]",199,27.4,"100 Fire Extinguisher, 60 Ambulance, 73 Fire Extinguisher",77,1800,2.763888889,50,0.452,0.027638889,0.548,0.409455556,Very High,13
330,0 days 13:30:00,"[1, 1, 1, 0]",187,30.7,"88 Fire Extinguisher, 70 Vans, 38 Patrol, 90 Bikes",75,1800,2.597222222,50,0.386,0.025972222,0.614,0.387588889,High,13
331,0 days 13:31:00,"[1, 1, 1, 1]",180,42.7,"65 Cars, 67 Trucks",90,1800,2.5,50,0.146,0.025,0.854,0.3992,High,13
332,0 days 13:32:00,"[1, 1, 0, 0]",61,20.4,"50 Fire Extinguisher, 100 Fire Extinguisher, 10 Fire Extinguisher, 70 Fire Extinguisher",69,1800,0.847222222,50,0.592,0.008472222,0.408,0.397788889,High,13
333,0 days 13:33:00,"[1, 1, 0, 1]",116,23.5,"63 Trucks, 33 Cars",64,1800,1.611111111,50,0.53,0.016111111,0.47,0.368444444,High,13
334,0 days 13:34:00,"[0, 0, 1, 1]",59,21.4,"46 Cars, 88 Cars, 94 Vans, 86 Cars",36,1800,0.819444444,50,0.572,0.008194444,0.428,0.261677778,Moderate,13
335,0 days 13:35:00,"[0, 0, 0, 0]",105,21.2,"29 Trucks, 25 Cars",54,1800,1.458333333,50,0.576,0.014583333,0.424,0.337033333,High,13
336,0 days 13:36:00,"[1, 0, 0, 1]",141,45.7,"32 Bikes, 37 Vans",77,1800,1.958333333,50,0.086,0.019583333,0.914,0.333033333,High,13
337,0 days 13:37:00,"[1, 1, 1, 0]",160,41.1,"54 Cars, 34 Trucks, 61 Bikes, 55 Patrol",58,1800,2.222222222,50,0.178,0.022222222,0.822,0.276488889,Moderate,13
338,0 days 13:38:00,"[0, 1, 0, 1]",56,34.2,"33 Vans, 75 Bikes, 40 Bikes, 54 Ambulance",46,1800,0.777777778,50,0.316,0.007777778,0.684,0.250311111,Moderate,13
339,0 days 13:39:00,"[1, 1, 0, 1]",129,22.9,"18 Trucks, 44 Vans, 58 Ambulance",42,1800,1.791666667,50,0.542,0.017916667,0.458,0.283566667,Moderate,13
340,0 days 13:40:00,"[1, 0, 1, 0]",144,34.7,"71 Patrol, 44 Cars, 76 Ambulance",50,1800,2.0,50,0.306,0.02,0.694,0.2692,Moderate,13
341,0 days 13:41:00,"[0, 1, 1, 1]",113,34.2,"88 Patrol, 77 Cars, 86 Ambulance",71,1800,1.569444444,50,0.316,0.015694444,0.684,0.353477778,High,13
342,0 days 13:42:00,"[0, 0, 0, 1]",200,25.2,"12 Bikes, 93 Cars",77,1800,2.777777778,50,0.496,0.027777778,0.504,0.418311111,Very High,13
343,0 days 13:43:00,"[0, 0, 0, 0]",93,33.0,"32 Bikes, 92 Bikes",73,1800,1.291666667,50,0.34,0.012916667,0.66,0.365166667,High,13
344,0 days 13:44:00,"[1, 1, 1, 0]",145,32.0,"24 Patrol, 66 Trucks, 50 Vans, 11 Patrol",69,1800,2.013888889,50,0.36,0.020138889,0.64,0.356055556,High,13
345,0 days 13:45:00,"[0, 0, 0, 0]",69,38.5,"19 Trucks, 32 Ambulance, 32 Patrol, 80 Patrol",34,1800,0.958333333,50,0.23,0.009583333,0.77,0.185833333,Low,13
346,0 days 13:46:00,"[0, 0, 0, 1]",141,39.1,"26 Cars, 90 Trucks, 12 Fire Extinguisher",89,1800,1.958333333,50,0.218,0.019583333,0.782,0.407433333,Very High,13
347,0 days 13:47:00,"[1, 0, 0, 1]",96,21.4,"11 Fire Extinguisher, 73 Ambulance",44,1800,1.333333333,50,0.572,0.013333333,0.428,0.295733333,Moderate,13
348,0 days 13:48:00,"[1, 0, 0, 0]",169,31.2,"17 Patrol, 17 Cars",84,1800,2.347222222,50,0.376,0.023472222,0.624,0.420588889,Very High,13
349,0 days 13:49:00,"[0, 0, 1, 0]",186,38.8,"44 Vans, 76 Patrol",58,1800,2.583333333,50,0.224,0.025833333,0.776,0.287133333,Moderate,13
350,0 days 13:50:00,"[1, 0, 1, 1]",156,35.1,"33 Ambulance, 27 Trucks, 33 Trucks",65,1800,2.166666667,50,0.298,0.021666667,0.702,0.328266667,High,13
351,0 days 13:51:00,"[0, 1, 0, 0]",193,45.7,"97 Bikes, 16 Fire Extinguisher, 80 Fire Extinguisher, 24 Fire Extinguisher",33,1800,2.680555556,50,0.086,0.026805556,0.914,0.159922222,Low,13
352,0 days 13:52:00,"[0, 0, 0, 1]",186,39.8,"68 Vans, 52 Vans, 51 Fire Extinguisher, 68 Fire Extinguisher",85,1800,2.583333333,50,0.204,0.025833333,0.796,0.391133333,High,13
353,0 days 13:53:00,"[0, 1, 1, 0]",165,24.9,"83 Vans, 28 Fire Extinguisher",79,1800,2.291666667,50,0.502,0.022916667,0.498,0.425566667,Very High,13
354,0 days 13:54:00,"[1, 0, 0, 0]",163,22.1,"74 Fire Extinguisher, 11 Fire Extinguisher, 79 Vans, 80 Cars",87,1800,2.263888889,50,0.558,0.022638889,0.442,0.468655556,Very High,13
355,0 days 13:55:00,"[1, 0, 0, 1]",64,39.3,"26 Vans, 10 Fire Extinguisher, 52 Trucks, 26 Bikes",34,1800,0.888888889,50,0.214,0.008888889,0.786,0.182355556,Low,13
356,0 days 13:56:00,"[1, 0, 0, 1]",135,20.8,"84 Ambulance, 12 Ambulance, 27 Ambulance, 36 Trucks",42,1800,1.875,50,0.584,0.01875,0.416,0.2923,Moderate,13
357,0 days 13:57:00,"[0, 0, 1, 0]",157,37.6,"56 Patrol, 64 Ambulance, 54 Ambulance",63,1800,2.180555556,50,0.248,0.021805556,0.752,0.310322222,High,13
358,0 days 13:58:00,"[0, 0, 1, 0]",102,48.2,"87 Cars, 66 Fire Extinguisher, 96 Patrol, 100 Patrol",74,1800,1.416666667,50,0.036,0.014166667,0.964,0.308866667,High,13
359,0 days 13:59:00,"[1, 0, 0, 0]",75,37.3,"36 Vans, 29 Bikes, 38 Ambulance",62,1800,1.041666667,50,0.254,0.010416667,0.746,0.302966667,High,13
360,0 days 14:00:00,"[0, 1, 1, 0]",138,31.6,"50 Ambulance, 77 Bikes",83,1800,1.916666667,50,0.368,0.019166667,0.632,0.413266667,Very High,14
361,0 days 14:01:00,"[0, 1, 0, 1]",134,39.3,"33 Trucks, 60 Fire Extinguisher, 14 Trucks, 98 Patrol",90,1800,1.861111111,50,0.214,0.018611111,0.786,0.410244444,Very High,14
362,0 days 14:02:00,"[0, 1, 0, 0]",105,33.7,"43 Cars, 97 Patrol, 16 Fire Extinguisher, 85 Trucks",67,1800,1.458333333,50,0.326,0.014583333,0.674,0.339033333,High,14
363,0 days 14:03:00,"[1, 1, 1, 1]",163,36.4,"89 Ambulance, 90 Vans, 34 Cars",58,1800,2.263888889,50,0.272,0.022638889,0.728,0.295455556,Moderate,14
364,0 days 14:04:00,"[0, 1, 0, 0]",97,48.2,"37 Bikes, 14 Trucks, 57 Bikes",63,1800,1.347222222,50,0.036,0.013472222,0.964,0.264588889,Moderate,14
365,0 days 14:05:00,"[0, 1, 0, 1]",153,31.6,"73 Patrol, 72 Patrol, 24 Trucks",54,1800,2.125,50,0.368,0.02125,0.632,0.2981,Moderate,14
366,0 days 14:06:00,"[1, 0, 0, 0]",77,48.8,"58 Trucks, 12 Fire Extinguisher, 26 Vans, 100 Cars",53,1800,1.069444444,50,0.024,0.010694444,0.976,0.221077778,Moderate,14
367,0 days 14:07:00,"[0, 0, 1, 0]",116,47.2,"16 Fire Extinguisher, 79 Fire Extinguisher",64,1800,1.611111111,50,0.056,0.016111111,0.944,0.273644444,Moderate,14
368,0 days 14:08:00,"[0, 0, 0, 1]",51,25.9,"57 Fire Extinguisher, 35 Trucks, 12 Bikes, 48 Vans",61,1800,0.708333333,50,0.482,0.007083333,0.518,0.343233333,High,14
369,0 days 14:09:00,"[0, 0, 0, 0]",191,22.1,"35 Fire Extinguisher, 55 Vans, 18 Fire Extinguisher, 98 Ambulance",78,1800,2.652777778,50,0.558,0.026527778,0.442,0.434211111,Very High,14
370,0 days 14:10:00,"[0, 1, 1, 1]",176,23.0,"41 Ambulance, 39 Ambulance, 52 Vans, 38 Vans",60,1800,2.444444444,50,0.54,0.024444444,0.46,0.357777778,High,14
371,0 days 14:11:00,"[1, 1, 0, 0]",93,20.5,"84 Fire Extinguisher, 14 Cars, 87 Cars",90,1800,1.291666667,50,0.59,0.012916667,0.41,0.483166667,Very High,14
372,0 days 14:12:00,"[0, 0, 1, 0]",120,22.8,"18 Bikes, 27 Vans",67,1800,1.666666667,50,0.544,0.016666667,0.456,0.383466667,High,14
373,0 days 14:13:00,"[1, 1, 0, 0]",119,40.5,"17 Fire Extinguisher, 23 Patrol, 98 Patrol",73,1800,1.652777778,50,0.19,0.016527778,0.81,0.336611111,High,14
374,0 days 14:14:00,"[0, 1, 0, 0]",71,22.1,"48 Patrol, 84 Patrol, 23 Patrol",53,1800,0.986111111,50,0.558,0.009861111,0.442,0.327544444,High,14
375,0 days 14:15:00,"[0, 0, 1, 1]",198,29.6,"52 Patrol, 48 Patrol",48,1800,2.75,50,0.408,0.0275,0.592,0.2846,Moderate,14
376,0 days 14:16:00,"[0, 0, 0, 0]",132,45.3,"74 Vans, 41 Ambulance, 33 Ambulance",60,1800,1.833333333,50,0.094,0.018333333,0.906,0.266133333,Moderate,14
377,0 days 14:17:00,"[1, 1, 0, 1]",123,20.7,"52 Bikes, 74 Trucks, 75 Ambulance",59,1800,1.708333333,50,0.586,0.017083333,0.414,0.360033333,High,14
378,0 days 14:18:00,"[1, 0, 0, 1]",91,44.4,"72 Fire Extinguisher, 92 Bikes, 50 Bikes, 48 Vans",34,1800,1.263888889,50,0.112,0.012638889,0.888,0.163455556,Low,14
379,0 days 14:19:00,"[0, 0, 1, 1]",139,28.5,"84 Fire Extinguisher, 53 Fire Extinguisher, 22 Ambulance, 51 Ambulance",60,1800,1.930555556,50,0.43,0.019305556,0.57,0.333722222,High,14
380,0 days 14:20:00,"[1, 0, 1, 0]",147,23.5,"12 Fire Extinguisher, 90 Ambulance, 89 Vans",89,1800,2.041666667,50,0.53,0.020416667,0.47,0.470166667,Very High,14
381,0 days 14:21:00,"[0, 1, 1, 0]",113,40.9,"81 Trucks, 52 Fire Extinguisher, 78 Patrol, 98 Patrol",41,1800,1.569444444,50,0.182,0.015694444,0.818,0.206677778,Moderate,14
382,0 days 14:22:00,"[0, 1, 1, 1]",157,38.9,"87 Trucks, 66 Cars, 13 Ambulance",49,1800,2.180555556,50,0.222,0.021805556,0.778,0.249122222,Moderate,14
383,0 days 14:23:00,"[0, 0, 1, 0]",58,46.3,"96 Cars, 32 Patrol, 30 Ambulance",31,1800,0.805555556,50,0.074,0.008055556,0.926,0.142022222,Low,14
384,0 days 14:24:00,"[1, 1, 1, 1]",101,42.1,"91 Vans, 100 Trucks, 77 Vans, 61 Vans",34,1800,1.402777778,50,0.158,0.014027778,0.842,0.173211111,Low,14
385,0 days 14:25:00,"[0, 0, 1, 0]",120,44.1,"49 Vans, 35 Cars, 11 Cars",74,1800,1.666666667,50,0.118,0.016666667,0.882,0.326266667,High,14
386,0 days 14:26:00,"[1, 1, 1, 1]",170,28.5,"37 Vans, 71 Patrol, 21 Bikes",33,1800,2.361111111,50,0.43,0.023611111,0.57,0.227444444,Moderate,14
387,0 days 14:27:00,"[0, 1, 1, 0]",71,25.3,"24 Vans, 99 Trucks, 67 Patrol, 24 Fire Extinguisher",80,1800,0.986111111,50,0.494,0.009861111,0.506,0.422744444,Very High,14
388,0 days 14:28:00,"[1, 1, 0, 0]",126,42.5,"30 Trucks, 51 Cars",73,1800,1.75,50,0.15,0.0175,0.85,0.329,High,14
389,0 days 14:29:00,"[1, 1, 0, 0]",127,44.2,"18 Bikes, 63 Patrol",64,1800,1.763888889,50,0.116,0.017638889,0.884,0.286255556,Moderate,14
390,0 days 14:30:00,"[1, 0, 0, 0]",150,49.7,"50 Ambulance, 49 Vans, 70 Fire Extinguisher, 77 Trucks",40,1800,2.083333333,50,0.006,0.020833333,0.994,0.169533333,Low,14
391,0 days 14:31:00,"[1, 0, 0, 0]",136,32.4,"75 Patrol, 47 Vans",72,1800,1.888888889,50,0.352,0.018888889,0.648,0.365955556,High,14
392,0 days 14:32:00,"[0, 0, 1, 1]",84,31.2,"63 Trucks, 61 Bikes, 18 Cars, 58 Bikes",30,1800,1.166666667,50,0.376,0.011666667,0.624,0.199866667,Low,14
393,0 days 14:33:00,"[0, 0, 0, 1]",187,43.3,"52 Bikes, 71 Cars",62,1800,2.597222222,50,0.134,0.025972222,0.866,0.285188889,Moderate,14
394,0 days 14:34:00,"[1, 1, 1, 1]",54,30.2,"24 Bikes, 19 Cars, 35 Cars, 62 Ambulance",73,1800,0.75,50,0.396,0.0075,0.604,0.3742,High,14
395,0 days 14:35:00,"[0, 0, 1, 0]",198,47.9,"34 Patrol, 12 Vans, 27 Trucks, 91 Vans",88,1800,2.75,50,0.042,0.0275,0.958,0.3714,High,14
396,0 days 14:36:00,"[0, 0, 0, 0]",67,45.8,"100 Vans, 38 Ambulance, 13 Vans",56,1800,0.930555556,50,0.084,0.009305556,0.916,0.244522222,Moderate,14
397,0 days 14:37:00,"[0, 1, 1, 0]",185,32.9,"87 Trucks, 18 Ambulance, 49 Patrol, 72 Patrol",44,1800,2.569444444,50,0.342,0.025694444,0.658,0.254677778,Moderate,14
398,0 days 14:38:00,"[1, 0, 0, 1]",99,42.5,"76 Ambulance, 38 Vans, 10 Patrol",34,1800,1.375,50,0.15,0.01375,0.85,0.1715,Low,14
399,0 days 14:39:00,"[1, 1, 0, 0]",61,42.6,"91 Fire Extinguisher, 12 Trucks",67,1800,0.847222222,50,0.148,0.008472222,0.852,0.300988889,High,14
400,0 days 14:40:00,"[1, 0, 0, 0]",165,23.1,"80 Bikes, 33 Trucks",48,1800,2.291666667,50,0.538,0.022916667,0.462,0.308766667,High,14
401,0 days 14:41:00,"[1, 0, 0, 1]",65,47.1,"97 Vans, 43 Ambulance, 45 Ambulance, 51 Fire Extinguisher",86,1800,0.902777778,50,0.058,0.009027778,0.942,0.359211111,High,14
402,0 days 14:42:00,"[1, 0, 0, 1]",140,35.2,"97 Cars, 72 Cars",63,1800,1.944444444,50,0.296,0.019444444,0.704,0.318977778,High,14
403,0 days 14:43:00,"[0, 1, 0, 0]",167,44.8,"60 Ambulance, 19 Patrol, 27 Patrol, 49 Bikes",86,1800,2.319444444,50,0.104,0.023194444,0.896,0.374077778,High,14
404,0 days 14:44:00,"[0, 1, 0, 1]",194,29.6,"22 Bikes, 10 Trucks, 45 Vans, 23 Trucks",87,1800,2.694444444,50,0.408,0.026944444,0.592,0.440377778,Very High,14
405,0 days 14:45:00,"[1, 1, 0, 1]",118,46.9,"61 Cars, 19 Ambulance, 23 Ambulance, 79 Fire Extinguisher",32,1800,1.638888889,50,0.062,0.016388889,0.938,0.146955556,Low,14
406,0 days 14:46:00,"[1, 0, 1, 0]",197,31.7,"84 Bikes, 65 Cars, 80 Bikes",61,1800,2.736111111,50,0.366,0.027361111,0.634,0.328144444,High,14
407,0 days 14:47:00,"[0, 1, 1, 0]",196,20.3,"68 Trucks, 16 Ambulance",78,1800,2.722222222,50,0.594,0.027222222,0.406,0.441688889,Very High,14
408,0 days 14:48:00,"[0, 0, 1, 0]",157,47.2,"94 Ambulance, 44 Fire Extinguisher",81,1800,2.180555556,50,0.056,0.021805556,0.944,0.343922222,High,14
409,0 days 14:49:00,"[1, 1, 0, 0]",107,22.7,"10 Cars, 49 Bikes",71,1800,1.486111111,50,0.546,0.014861111,0.454,0.399144444,High,14
410,0 days 14:50:00,"[1, 1, 0, 0]",139,29.6,"100 Patrol, 91 Vans",31,1800,1.930555556,50,0.408,0.019305556,0.592,0.213322222,Moderate,14
411,0 days 14:51:00,"[1, 0, 1, 1]",184,48.5,"28 Trucks, 42 Cars, 24 Vans",67,1800,2.555555556,50,0.03,0.025555556,0.97,0.284222222,Moderate,14
412,0 days 14:52:00,"[1, 0, 1, 1]",77,48.5,"86 Patrol, 92 Patrol, 76 Trucks",79,1800,1.069444444,50,0.03,0.010694444,0.97,0.326277778,High,14
413,0 days 14:53:00,"[0, 0, 0, 1]",64,37.2,"62 Cars, 14 Trucks, 38 Bikes",66,1800,0.888888889,50,0.256,0.008888889,0.744,0.318755556,High,14
414,0 days 14:54:00,"[0, 1, 0, 0]",53,39.0,"28 Patrol, 47 Trucks",54,1800,0.736111111,50,0.22,0.007361111,0.78,0.262944444,Moderate,14
415,0 days 14:55:00,"[1, 1, 0, 0]",159,33.5,"89 Patrol, 19 Bikes, 88 Bikes, 83 Fire Extinguisher",36,1800,2.208333333,50,0.33,0.022083333,0.67,0.218833333,Moderate,14
416,0 days 14:56:00,"[0, 0, 1, 0]",119,28.8,"91 Patrol, 42 Trucks, 37 Ambulance",65,1800,1.652777778,50,0.424,0.016527778,0.576,0.351411111,High,14
417,0 days 14:57:00,"[0, 1, 1, 0]",183,29.9,"34 Patrol, 45 Vans",58,1800,2.541666667,50,0.402,0.025416667,0.598,0.322566667,High,14
418,0 days 14:58:00,"[1, 0, 0, 0]",66,40.2,"16 Patrol, 74 Trucks, 96 Fire Extinguisher, 25 Trucks",42,1800,0.916666667,50,0.196,0.009166667,0.804,0.210866667,Moderate,14
419,0 days 14:59:00,"[0, 1, 1, 0]",120,42.6,"81 Trucks, 88 Fire Extinguisher, 52 Bikes",66,1800,1.666666667,50,0.148,0.016666667,0.852,0.300266667,High,14
420,0 days 15:00:00,"[1, 0, 1, 0]",159,43.7,"29 Trucks, 46 Ambulance, 44 Trucks",77,1800,2.208333333,50,0.126,0.022083333,0.874,0.342033333,High,15
421,0 days 15:01:00,"[1, 1, 1, 0]",83,43.7,"15 Trucks, 22 Ambulance, 54 Bikes, 94 Fire Extinguisher",68,1800,1.152777778,50,0.126,0.011527778,0.874,0.301811111,High,15
422,0 days 15:02:00,"[0, 0, 0, 1]",135,22.7,"52 Fire Extinguisher, 95 Fire Extinguisher",30,1800,1.875,50,0.546,0.01875,0.454,0.2367,Moderate,15
423,0 days 15:03:00,"[0, 1, 1, 0]",164,34.8,"17 Vans, 59 Cars, 22 Trucks",50,1800,2.277777778,50,0.304,0.022777778,0.696,0.269911111,Moderate,15
424,0 days 15:04:00,"[1, 1, 0, 1]",176,21.7,"69 Bikes, 55 Bikes",40,1800,2.444444444,50,0.566,0.024444444,0.434,0.282977778,Moderate,15
425,0 days 15:05:00,"[1, 0, 1, 1]",102,36.5,"30 Vans, 61 Vans, 33 Patrol, 88 Patrol",49,1800,1.416666667,50,0.27,0.014166667,0.73,0.255666667,Moderate,15
426,0 days 15:06:00,"[1, 0, 0, 1]",163,33.2,"46 Bikes, 66 Patrol",85,1800,2.263888889,50,0.336,0.022638889,0.664,0.416255556,Very High,15
427,0 days 15:07:00,"[1, 0, 0, 1]",140,46.6,"21 Ambulance, 88 Bikes, 63 Cars, 47 Patrol",42,1800,1.944444444,50,0.068,0.019444444,0.932,0.189377778,Low,15
428,0 days 15:08:00,"[0, 0, 1, 1]",177,30.5,"73 Vans, 53 Ambulance, 49 Trucks",66,1800,2.458333333,50,0.39,0.024583333,0.61,0.351833333,High,15
429,0 days 15:09:00,"[0, 1, 0, 1]",139,23.5,"79 Patrol, 53 Fire Extinguisher, 87 Ambulance, 41 Bikes",79,1800,1.930555556,50,0.53,0.019305556,0.47,0.429722222,Very High,15
430,0 days 15:10:00,"[0, 0, 1, 1]",71,24.3,"66 Fire Extinguisher, 11 Patrol",53,1800,0.986111111,50,0.514,0.009861111,0.486,0.318744444,High,15
431,0 days 15:11:00,"[1, 1, 1, 0]",193,42.8,"96 Bikes, 10 Trucks",59,1800,2.680555556,50,0.144,0.026805556,0.856,0.275522222,Moderate,15
432,0 days 15:12:00,"[1, 1, 0, 1]",174,38.5,"56 Vans, 94 Cars",85,1800,2.416666667,50,0.23,0.024166667,0.77,0.395666667,High,15
433,0 days 15:13:00,"[1, 1, 1, 0]",56,23.0,"42 Vans, 97 Trucks, 30 Fire Extinguisher",69,1800,0.777777778,50,0.54,0.007777778,0.46,0.387111111,High,15
434,0 days 15:14:00,"[0, 0, 1, 1]",104,22.5,"24 Trucks, 93 Patrol, 57 Fire Extinguisher, 57 Patrol",32,1800,1.444444444,50,0.55,0.014444444,0.45,0.243777778,Moderate,15
435,0 days 15:15:00,"[1, 1, 1, 0]",183,41.0,"77 Patrol, 12 Trucks, 84 Trucks",57,1800,2.541666667,50,0.18,0.025416667,0.82,0.274166667,Moderate,15
436,0 days 15:16:00,"[0, 1, 0, 1]",123,22.2,"64 Fire Extinguisher, 81 Patrol",30,1800,1.708333333,50,0.556,0.017083333,0.444,0.238033333,Moderate,15
437,0 days 15:17:00,"[0, 1, 1, 1]",178,44.7,"20 Bikes, 44 Ambulance",60,1800,2.472222222,50,0.106,0.024722222,0.894,0.271088889,Moderate,15
438,0 days 15:18:00,"[1, 0, 1, 1]",157,41.2,"69 Patrol, 44 Trucks",38,1800,2.180555556,50,0.176,0.021805556,0.824,0.195922222,Low,15
439,0 days 15:19:00,"[1, 1, 1, 0]",159,22.4,"42 Vans, 14 Patrol",30,1800,2.208333333,50,0.552,0.022083333,0.448,0.239233333,Moderate,15
440,0 days 15:20:00,"[1, 0, 1, 1]",182,22.5,"33 Bikes, 33 Vans, 95 Fire Extinguisher, 72 Vans",33,1800,2.527777778,50,0.55,0.025277778,0.45,0.252111111,Moderate,15
441,0 days 15:21:00,"[1, 1, 1, 0]",148,49.6,"32 Cars, 70 Cars, 75 Vans, 88 Trucks",53,1800,2.055555556,50,0.008,0.020555556,0.992,0.221822222,Moderate,15
442,0 days 15:22:00,"[1, 0, 1, 1]",72,31.2,"35 Fire Extinguisher, 30 Fire Extinguisher, 67 Trucks, 83 Trucks",46,1800,1.0,50,0.376,0.01,0.624,0.2632,Moderate,15
443,0 days 15:23:00,"[0, 1, 1, 0]",59,31.1,"34 Cars, 42 Patrol",79,1800,0.819444444,50,0.378,0.008194444,0.622,0.394877778,High,15
444,0 days 15:24:00,"[0, 0, 1, 1]",117,44.4,"38 Fire Extinguisher, 65 Cars",46,1800,1.625,50,0.112,0.01625,0.888,0.2129,Moderate,15
445,0 days 15:25:00,"[1, 1, 0, 0]",148,48.4,"56 Bikes, 39 Fire Extinguisher, 68 Fire Extinguisher",49,1800,2.055555556,50,0.032,0.020555556,0.968,0.210622222,Moderate,15
446,0 days 15:26:00,"[1, 1, 0, 1]",66,49.6,"51 Patrol, 74 Ambulance, 13 Cars",32,1800,0.916666667,50,0.008,0.009166667,0.992,0.133266667,Low,15
447,0 days 15:27:00,"[0, 1, 0, 0]",197,42.6,"33 Ambulance, 49 Cars",40,1800,2.736111111,50,0.148,0.027361111,0.852,0.200544444,Moderate,15
448,0 days 15:28:00,"[1, 1, 1, 1]",127,31.3,"69 Fire Extinguisher, 70 Vans, 62 Cars, 97 Patrol",55,1800,1.763888889,50,0.374,0.017638889,0.626,0.301855556,High,15
449,0 days 15:29:00,"[0, 0, 1, 0]",149,22.5,"25 Fire Extinguisher, 60 Cars",62,1800,2.069444444,50,0.55,0.020694444,0.45,0.366277778,High,15
450,0 days 15:30:00,"[1, 1, 1, 1]",167,43.3,"34 Trucks, 51 Fire Extinguisher",35,1800,2.319444444,50,0.134,0.023194444,0.866,0.176077778,Low,15
451,0 days 15:31:00,"[1, 1, 0, 1]",63,36.8,"52 Bikes, 55 Bikes, 58 Trucks",70,1800,0.875,50,0.264,0.00875,0.736,0.3363,High,15
452,0 days 15:32:00,"[1, 1, 1, 0]",69,32.7,"29 Patrol, 71 Patrol",70,1800,0.958333333,50,0.346,0.009583333,0.654,0.353033333,High,15
453,0 days 15:33:00,"[0, 1, 1, 1]",145,47.2,"35 Patrol, 97 Vans, 89 Patrol",47,1800,2.013888889,50,0.056,0.020138889,0.944,0.207255556,Moderate,15
454,0 days 15:34:00,"[1, 0, 1, 0]",179,23.3,"88 Trucks, 58 Vans, 14 Ambulance, 75 Vans",72,1800,2.486111111,50,0.534,0.024861111,0.466,0.404744444,Very High,15
455,0 days 15:35:00,"[0, 0, 1, 0]",198,34.8,"11 Bikes, 21 Cars",75,1800,2.75,50,0.304,0.0275,0.696,0.3718,High,15
456,0 days 15:36:00,"[1, 0, 0, 0]",166,20.3,"50 Trucks, 63 Patrol, 40 Bikes, 71 Fire Extinguisher",36,1800,2.305555556,50,0.594,0.023055556,0.406,0.272022222,Moderate,15
457,0 days 15:37:00,"[0, 0, 0, 1]",55,34.1,"25 Fire Extinguisher, 13 Fire Extinguisher, 89 Patrol, 66 Fire Extinguisher",37,1800,0.763888889,50,0.318,0.007638889,0.682,0.214655556,Moderate,15
458,0 days 15:38:00,"[1, 0, 0, 0]",117,21.7,"66 Fire Extinguisher, 34 Cars, 17 Vans",53,1800,1.625,50,0.566,0.01625,0.434,0.3317,High,15
459,0 days 15:39:00,"[1, 1, 1, 1]",171,23.6,"10 Patrol, 67 Vans, 35 Bikes",62,1800,2.375,50,0.528,0.02375,0.472,0.3631,High,15
460,0 days 15:40:00,"[1, 1, 1, 0]",149,23.5,"97 Vans, 30 Ambulance",39,1800,2.069444444,50,0.53,0.020694444,0.47,0.270277778,Moderate,15
461,0 days 15:41:00,"[1, 1, 1, 1]",61,39.5,"82 Cars, 66 Fire Extinguisher",75,1800,0.847222222,50,0.21,0.008472222,0.79,0.345388889,High,15
462,0 days 15:42:00,"[1, 1, 0, 1]",50,42.4,"45 Vans, 26 Cars, 90 Ambulance, 100 Cars",70,1800,0.694444444,50,0.152,0.006944444,0.848,0.313177778,High,15
463,0 days 15:43:00,"[1, 1, 1, 1]",197,37.5,"67 Trucks, 40 Patrol, 38 Fire Extinguisher",85,1800,2.736111111,50,0.25,0.027361111,0.75,0.400944444,Very High,15
464,0 days 15:44:00,"[0, 0, 0, 0]",172,48.9,"82 Vans, 21 Trucks, 82 Trucks, 29 Fire Extinguisher",88,1800,2.388888889,50,0.022,0.023888889,0.978,0.365955556,High,15
465,0 days 15:45:00,"[0, 0, 1, 0]",116,31.2,"69 Fire Extinguisher, 45 Trucks, 88 Fire Extinguisher",85,1800,1.611111111,50,0.376,0.016111111,0.624,0.421644444,Very High,15
466,0 days 15:46:00,"[1, 0, 1, 0]",111,28.6,"72 Cars, 16 Ambulance, 83 Vans, 93 Vans",42,1800,1.541666667,50,0.428,0.015416667,0.572,0.259766667,Moderate,15
467,0 days 15:47:00,"[1, 1, 1, 0]",107,46.1,"16 Cars, 93 Ambulance, 17 Ambulance, 56 Fire Extinguisher",53,1800,1.486111111,50,0.078,0.014861111,0.922,0.233544444,Moderate,15
468,0 days 15:48:00,"[0, 1, 0, 1]",137,26.7,"25 Ambulance, 22 Ambulance, 70 Fire Extinguisher, 76 Trucks",37,1800,1.902777778,50,0.466,0.019027778,0.534,0.248811111,Moderate,15
469,0 days 15:49:00,"[0, 1, 1, 1]",64,48.9,"82 Trucks, 59 Vans, 52 Trucks, 22 Bikes",54,1800,0.888888889,50,0.022,0.008888889,0.978,0.223955556,Moderate,15
470,0 days 15:50:00,"[1, 0, 0, 0]",123,20.4,"11 Trucks, 68 Fire Extinguisher, 95 Trucks, 67 Vans",52,1800,1.708333333,50,0.592,0.017083333,0.408,0.333233333,High,15
471,0 days 15:51:00,"[1, 1, 1, 1]",57,49.1,"54 Trucks, 67 Bikes, 16 Trucks, 81 Patrol",38,1800,0.791666667,50,0.018,0.007916667,0.982,0.158766667,Low,15
472,0 days 15:52:00,"[1, 1, 0, 0]",193,21.3,"91 Patrol, 56 Cars, 39 Fire Extinguisher, 87 Vans",33,1800,2.680555556,50,0.574,0.026805556,0.426,0.257522222,Moderate,15
473,0 days 15:53:00,"[0, 0, 0, 0]",56,46.7,"31 Cars, 78 Patrol",60,1800,0.777777778,50,0.066,0.007777778,0.934,0.256311111,Moderate,15
474,0 days 15:54:00,"[0, 0, 1, 0]",107,35.8,"29 Patrol, 33 Bikes",71,1800,1.486111111,50,0.284,0.014861111,0.716,0.346744444,High,15
475,0 days 15:55:00,"[0, 0, 1, 0]",154,49.8,"80 Patrol, 44 Ambulance, 92 Vans",44,1800,2.138888889,50,0.004,0.021388889,0.996,0.185355556,Low,15
476,0 days 15:56:00,"[1, 0, 0, 0]",161,22.2,"40 Fire Extinguisher, 90 Patrol",36,1800,2.236111111,50,0.556,0.022361111,0.444,0.264144444,Moderate,15
477,0 days 15:57:00,"[1, 1, 1, 0]",102,36.6,"70 Ambulance, 83 Cars",82,1800,1.416666667,50,0.268,0.014166667,0.732,0.387266667,High,15
478,0 days 15:58:00,"[0, 0, 0, 0]",188,49.1,"48 Patrol, 98 Fire Extinguisher, 75 Trucks",88,1800,2.611111111,50,0.018,0.026111111,0.982,0.366044444,High,15
479,0 days 15:59:00,"[1, 0, 0, 1]",190,35.7,"82 Bikes, 80 Cars",86,1800,2.638888889,50,0.286,0.026388889,0.714,0.411755556,Very High,15
480,0 days 16:00:00,"[1, 1, 1, 0]",151,38.9,"29 Bikes, 74 Patrol, 20 Cars",69,1800,2.097222222,50,0.222,0.020972222,0.778,0.328788889,High,16
481,0 days 16:01:00,"[0, 0, 1, 0]",110,40.9,"53 Vans, 79 Patrol, 70 Fire Extinguisher",79,1800,1.527777778,50,0.182,0.015277778,0.818,0.358511111,High,16
482,0 days 16:02:00,"[1, 1, 1, 0]",55,33.6,"82 Bikes, 40 Bikes, 71 Ambulance, 99 Vans",76,1800,0.763888889,50,0.328,0.007638889,0.672,0.372655556,High,16
483,0 days 16:03:00,"[1, 0, 1, 0]",200,38.8,"44 Trucks, 18 Bikes, 20 Ambulance",46,1800,2.777777778,50,0.224,0.027777778,0.776,0.239911111,Moderate,16
484,0 days 16:04:00,"[1, 0, 1, 0]",159,37.5,"77 Vans, 43 Trucks",49,1800,2.208333333,50,0.25,0.022083333,0.75,0.254833333,Moderate,16
485,0 days 16:05:00,"[0, 1, 0, 0]",182,47.0,"34 Patrol, 34 Patrol, 74 Fire Extinguisher, 40 Fire Extinguisher",34,1800,2.527777778,50,0.06,0.025277778,0.94,0.158111111,Low,16
486,0 days 16:06:00,"[1, 1, 0, 1]",163,21.4,"70 Vans, 34 Cars",65,1800,2.263888889,50,0.572,0.022638889,0.428,0.383455556,High,16
487,0 days 16:07:00,"[0, 0, 1, 0]",68,28.4,"41 Bikes, 75 Bikes, 18 Vans, 25 Ambulance",58,1800,0.944444444,50,0.432,0.009444444,0.568,0.322177778,High,16
488,0 days 16:08:00,"[1, 1, 1, 1]",118,48.5,"83 Trucks, 13 Trucks, 80 Ambulance, 65 Fire Extinguisher",85,1800,1.638888889,50,0.03,0.016388889,0.97,0.352555556,High,16
489,0 days 16:09:00,"[0, 1, 0, 0]",122,46.7,"97 Patrol, 16 Bikes",33,1800,1.694444444,50,0.066,0.016944444,0.934,0.151977778,Low,16
490,0 days 16:10:00,"[1, 1, 1, 1]",82,33.7,"83 Cars, 45 Ambulance",86,1800,1.138888889,50,0.326,0.011388889,0.674,0.413755556,Very High,16
491,0 days 16:11:00,"[1, 1, 1, 1]",150,38.6,"92 Trucks, 87 Ambulance, 59 Vans",62,1800,2.083333333,50,0.228,0.020833333,0.772,0.301933333,High,16
492,0 days 16:12:00,"[1, 1, 1, 1]",98,28.3,"95 Fire Extinguisher, 21 Ambulance",37,1800,1.361111111,50,0.434,0.013611111,0.566,0.240244444,Moderate,16
493,0 days 16:13:00,"[0, 0, 0, 0]",191,25.6,"69 Cars, 76 Bikes",54,1800,2.652777778,50,0.488,0.026527778,0.512,0.324211111,High,16
494,0 days 16:14:00,"[1, 0, 1, 0]",152,33.9,"47 Trucks, 48 Fire Extinguisher, 40 Bikes, 82 Trucks",30,1800,2.111111111,50,0.322,0.021111111,0.678,0.192844444,Low,16
495,0 days 16:15:00,"[0, 1, 0, 0]",113,30.6,"93 Fire Extinguisher, 77 Fire Extinguisher, 10 Bikes, 100 Cars",84,1800,1.569444444,50,0.388,0.015694444,0.612,0.419877778,Very High,16
496,0 days 16:16:00,"[0, 1, 1, 0]",139,37.5,"25 Trucks, 34 Trucks, 81 Vans",39,1800,1.930555556,50,0.25,0.019305556,0.75,0.213722222,Moderate,16
497,0 days 16:17:00,"[1, 0, 0, 1]",156,22.3,"69 Patrol, 77 Cars, 94 Ambulance, 79 Vans",47,1800,2.166666667,50,0.554,0.021666667,0.446,0.307466667,High,16
498,0 days 16:18:00,"[1, 1, 0, 1]",196,49.2,"86 Bikes, 80 Vans",35,1800,2.722222222,50,0.016,0.027222222,0.984,0.154088889,Low,16
499,0 days 16:19:00,"[1, 0, 1, 0]",57,49.6,"22 Bikes, 19 Bikes, 41 Fire Extinguisher, 11 Fire Extinguisher",81,1800,0.791666667,50,0.008,0.007916667,0.992,0.328766667,High,16
500,0 days 16:20:00,"[0, 1, 0, 1]",118,40.9,"88 Fire Extinguisher, 81 Ambulance, 34 Vans",32,1800,1.638888889,50,0.182,0.016388889,0.818,0.170955556,Low,16
501,0 days 16:21:00,"[0, 0, 1, 1]",80,36.1,"46 Trucks, 99 Bikes, 36 Vans, 76 Vans",43,1800,1.111111111,50,0.278,0.011111111,0.722,0.232044444,Moderate,16
502,0 days 16:22:00,"[1, 1, 1, 0]",102,29.3,"69 Bikes, 34 Fire Extinguisher, 10 Cars, 59 Trucks",85,1800,1.416666667,50,0.414,0.014166667,0.586,0.428466667,Very High,16
503,0 days 16:23:00,"[0, 0, 1, 1]",60,44.4,"32 Fire Extinguisher, 95 Bikes, 33 Trucks, 46 Vans",78,1800,0.833333333,50,0.112,0.008333333,0.888,0.337733333,High,16
504,0 days 16:24:00,"[1, 0, 1, 0]",135,40.5,"42 Vans, 41 Ambulance, 75 Patrol",46,1800,1.875,50,0.19,0.01875,0.81,0.2295,Moderate,16
505,0 days 16:25:00,"[1, 1, 0, 1]",193,24.9,"43 Bikes, 100 Vans",64,1800,2.680555556,50,0.502,0.026805556,0.498,0.367122222,High,16
506,0 days 16:26:00,"[1, 0, 0, 0]",186,47.3,"32 Cars, 67 Cars, 92 Bikes",67,1800,2.583333333,50,0.054,0.025833333,0.946,0.289133333,Moderate,16
507,0 days 16:27:00,"[1, 1, 0, 0]",53,44.7,"58 Patrol, 28 Vans",37,1800,0.736111111,50,0.106,0.007361111,0.894,0.172144444,Low,16
508,0 days 16:28:00,"[0, 1, 0, 1]",53,48.5,"25 Vans, 48 Trucks, 96 Ambulance, 96 Patrol",66,1800,0.736111111,50,0.03,0.007361111,0.97,0.272944444,Moderate,16
509,0 days 16:29:00,"[1, 1, 1, 0]",59,41.8,"68 Fire Extinguisher, 43 Cars, 68 Cars",72,1800,0.819444444,50,0.164,0.008194444,0.836,0.324077778,High,16
510,0 days 16:30:00,"[0, 0, 1, 0]",122,38.4,"41 Vans, 88 Bikes, 92 Bikes",53,1800,1.694444444,50,0.232,0.016944444,0.768,0.265177778,Moderate,16
511,0 days 16:31:00,"[0, 1, 1, 1]",116,32.5,"82 Cars, 76 Trucks",55,1800,1.611111111,50,0.35,0.016111111,0.65,0.296444444,Moderate,16
512,0 days 16:32:00,"[0, 1, 1, 1]",159,48.0,"58 Trucks, 50 Patrol",60,1800,2.208333333,50,0.04,0.022083333,0.96,0.256833333,Moderate,16
513,0 days 16:33:00,"[1, 1, 1, 0]",83,46.0,"42 Vans, 65 Patrol",34,1800,1.152777778,50,0.08,0.011527778,0.92,0.156611111,Low,16
514,0 days 16:34:00,"[0, 1, 1, 1]",180,21.4,"27 Ambulance, 11 Ambulance",40,1800,2.5,50,0.572,0.025,0.428,0.2844,Moderate,16
515,0 days 16:35:00,"[1, 0, 0, 1]",156,20.8,"21 Trucks, 28 Trucks",35,1800,2.166666667,50,0.584,0.021666667,0.416,0.265466667,Moderate,16
516,0 days 16:36:00,"[0, 1, 1, 1]",162,31.3,"92 Vans, 84 Bikes, 99 Bikes",49,1800,2.25,50,0.374,0.0225,0.626,0.2798,Moderate,16
517,0 days 16:37:00,"[0, 1, 0, 1]",154,44.3,"12 Trucks, 93 Trucks",50,1800,2.138888889,50,0.114,0.021388889,0.886,0.231355556,Moderate,16
518,0 days 16:38:00,"[1, 1, 1, 1]",169,49.6,"95 Cars, 70 Trucks",83,1800,2.347222222,50,0.008,0.023472222,0.992,0.342988889,High,16
519,0 days 16:39:00,"[1, 0, 1, 0]",157,24.5,"56 Cars, 22 Bikes, 38 Trucks",68,1800,2.180555556,50,0.51,0.021805556,0.49,0.382722222,High,16
520,0 days 16:40:00,"[0, 1, 1, 1]",193,37.8,"71 Bikes, 66 Cars, 28 Ambulance, 92 Patrol",31,1800,2.680555556,50,0.244,0.026805556,0.756,0.183522222,Low,16
521,0 days 16:41:00,"[1, 1, 1, 0]",100,31.4,"25 Bikes, 20 Trucks, 38 Cars",63,1800,1.388888889,50,0.372,0.013888889,0.628,0.331955556,High,16
522,0 days 16:42:00,"[0, 1, 0, 1]",58,49.1,"56 Vans, 84 Cars, 66 Trucks, 27 Vans",67,1800,0.805555556,50,0.018,0.008055556,0.982,0.274822222,Moderate,16
523,0 days 16:43:00,"[0, 1, 1, 0]",58,45.3,"61 Ambulance, 95 Trucks",89,1800,0.805555556,50,0.094,0.008055556,0.906,0.378022222,High,16
524,0 days 16:44:00,"[1, 0, 1, 1]",134,45.1,"12 Vans, 99 Trucks, 78 Fire Extinguisher, 62 Cars",52,1800,1.861111111,50,0.098,0.018611111,0.902,0.235044444,Moderate,16
525,0 days 16:45:00,"[0, 0, 1, 1]",62,34.1,"27 Patrol, 18 Bikes, 58 Vans, 78 Vans",73,1800,0.861111111,50,0.318,0.008611111,0.682,0.359044444,High,16
526,0 days 16:46:00,"[0, 0, 0, 1]",81,32.4,"26 Patrol, 57 Vans, 81 Vans",74,1800,1.125,50,0.352,0.01125,0.648,0.3709,High,16
527,0 days 16:47:00,"[1, 0, 0, 0]",155,28.2,"82 Fire Extinguisher, 44 Ambulance, 82 Patrol, 57 Fire Extinguisher",53,1800,2.152777778,50,0.436,0.021527778,0.564,0.307811111,High,16
528,0 days 16:48:00,"[1, 0, 1, 1]",136,21.7,"91 Fire Extinguisher, 89 Patrol, 63 Bikes",59,1800,1.888888889,50,0.566,0.018888889,0.434,0.356755556,High,16
529,0 days 16:49:00,"[1, 0, 1, 1]",116,45.9,"24 Cars, 96 Trucks, 65 Trucks, 42 Patrol",45,1800,1.611111111,50,0.082,0.016111111,0.918,0.202844444,Moderate,16
530,0 days 16:50:00,"[1, 1, 0, 1]",121,44.4,"15 Patrol, 21 Ambulance, 10 Vans",82,1800,1.680555556,50,0.112,0.016805556,0.888,0.357122222,High,16
531,0 days 16:51:00,"[1, 1, 0, 1]",79,50.0,"69 Trucks, 33 Bikes, 83 Bikes, 25 Patrol",46,1800,1.097222222,50,0.0,0.010972222,1.0,0.188388889,Low,16
532,0 days 16:52:00,"[0, 0, 1, 0]",83,49.9,"29 Patrol, 69 Cars, 10 Fire Extinguisher, 81 Bikes",46,1800,1.152777778,50,0.002,0.011527778,0.998,0.189011111,Low,16
533,0 days 16:53:00,"[0, 0, 1, 1]",118,36.7,"69 Bikes, 63 Cars, 74 Cars, 60 Patrol",76,1800,1.638888889,50,0.266,0.016388889,0.734,0.363755556,High,16
534,0 days 16:54:00,"[1, 0, 1, 0]",51,43.1,"24 Cars, 97 Fire Extinguisher",47,1800,0.708333333,50,0.138,0.007083333,0.862,0.218433333,Moderate,16
535,0 days 16:55:00,"[0, 1, 1, 0]",182,48.3,"94 Vans, 13 Ambulance",76,1800,2.527777778,50,0.034,0.025277778,0.966,0.320911111,High,16
536,0 days 16:56:00,"[1, 1, 0, 0]",149,45.5,"72 Vans, 26 Trucks, 14 Trucks, 36 Trucks",38,1800,2.069444444,50,0.09,0.020694444,0.91,0.178277778,Low,16
537,0 days 16:57:00,"[0, 1, 0, 0]",55,27.4,"27 Fire Extinguisher, 65 Trucks, 80 Fire Extinguisher",33,1800,0.763888889,50,0.452,0.007638889,0.548,0.225455556,Moderate,16
538,0 days 16:58:00,"[0, 0, 1, 1]",155,33.5,"15 Patrol, 60 Cars",32,1800,2.152777778,50,0.33,0.021527778,0.67,0.202611111,Moderate,16
539,0 days 16:59:00,"[0, 0, 0, 1]",133,23.9,"37 Trucks, 44 Fire Extinguisher, 35 Fire Extinguisher, 98 Trucks",33,1800,1.847222222,50,0.522,0.018472222,0.478,0.243788889,Moderate,16
540,0 days 17:00:00,"[0, 1, 1, 0]",52,48.6,"73 Bikes, 24 Bikes",59,1800,0.722222222,50,0.028,0.007222222,0.972,0.244488889,Moderate,17
541,0 days 17:01:00,"[0, 1, 0, 0]",152,38.2,"32 Fire Extinguisher, 38 Patrol, 46 Bikes",81,1800,2.111111111,50,0.236,0.021111111,0.764,0.379644444,High,17
542,0 days 17:02:00,"[0, 1, 0, 0]",101,26.9,"19 Vans, 33 Fire Extinguisher, 92 Cars, 14 Vans",78,1800,1.402777778,50,0.462,0.014027778,0.538,0.410011111,Very High,17
543,0 days 17:03:00,"[1, 0, 1, 1]",159,40.2,"40 Patrol, 66 Bikes",83,1800,2.208333333,50,0.196,0.022083333,0.804,0.380033333,High,17
544,0 days 17:04:00,"[0, 1, 1, 1]",104,38.5,"42 Patrol, 94 Ambulance",73,1800,1.444444444,50,0.23,0.014444444,0.77,0.343777778,High,17
545,0 days 17:05:00,"[0, 1, 1, 1]",192,30.7,"86 Bikes, 30 Trucks",42,1800,2.666666667,50,0.386,0.026666667,0.614,0.255866667,Moderate,17
546,0 days 17:06:00,"[1, 0, 1, 0]",125,23.4,"47 Bikes, 37 Vans",73,1800,1.736111111,50,0.532,0.017361111,0.468,0.405344444,Very High,17
547,0 days 17:07:00,"[1, 0, 0, 1]",191,40.1,"75 Cars, 18 Ambulance",75,1800,2.652777778,50,0.198,0.026527778,0.802,0.350211111,High,17
548,0 days 17:08:00,"[1, 0, 0, 1]",111,35.6,"17 Ambulance, 19 Cars",88,1800,1.541666667,50,0.288,0.015416667,0.712,0.415766667,Very High,17
549,0 days 17:09:00,"[0, 1, 1, 1]",191,43.2,"100 Trucks, 58 Patrol",88,1800,2.652777778,50,0.136,0.026527778,0.864,0.389811111,High,17
550,0 days 17:10:00,"[0, 0, 0, 0]",109,35.6,"30 Bikes, 10 Fire Extinguisher, 100 Patrol",45,1800,1.513888889,50,0.288,0.015138889,0.712,0.243655556,Moderate,17
551,0 days 17:11:00,"[0, 0, 1, 0]",64,45.6,"97 Patrol, 10 Bikes",78,1800,0.888888889,50,0.088,0.008888889,0.912,0.333155556,High,17
552,0 days 17:12:00,"[1, 1, 0, 1]",122,36.6,"12 Bikes, 14 Patrol, 93 Bikes",69,1800,1.694444444,50,0.268,0.016944444,0.732,0.336377778,High,17
553,0 days 17:13:00,"[1, 0, 1, 0]",197,36.8,"97 Ambulance, 23 Bikes",33,1800,2.736111111,50,0.264,0.027361111,0.736,0.195744444,Low,17
554,0 days 17:14:00,"[0, 0, 0, 0]",180,46.3,"20 Trucks, 60 Fire Extinguisher, 33 Trucks, 19 Fire Extinguisher",85,1800,2.5,50,0.074,0.025,0.926,0.3648,High,17
555,0 days 17:15:00,"[1, 0, 0, 1]",102,32.1,"78 Cars, 34 Bikes, 25 Fire Extinguisher",75,1800,1.416666667,50,0.358,0.014166667,0.642,0.377266667,High,17
556,0 days 17:16:00,"[1, 0, 1, 0]",188,24.0,"19 Fire Extinguisher, 79 Vans, 53 Bikes, 82 Patrol",47,1800,2.611111111,50,0.52,0.026111111,0.48,0.302444444,High,17
557,0 days 17:17:00,"[1, 1, 1, 1]",106,20.9,"16 Cars, 97 Bikes, 29 Cars, 43 Trucks",31,1800,1.472222222,50,0.582,0.014722222,0.418,0.246288889,Moderate,17
558,0 days 17:18:00,"[0, 1, 1, 0]",137,42.7,"56 Trucks, 98 Ambulance",67,1800,1.902777778,50,0.146,0.019027778,0.854,0.304811111,High,17
559,0 days 17:19:00,"[1, 0, 1, 0]",84,38.6,"48 Patrol, 51 Cars, 99 Trucks, 16 Patrol",48,1800,1.166666667,50,0.228,0.011666667,0.772,0.242266667,Moderate,17
560,0 days 17:20:00,"[1, 0, 0, 0]",72,41.1,"45 Bikes, 79 Cars, 78 Ambulance",38,1800,1.0,50,0.178,0.01,0.822,0.1916,Low,17
561,0 days 17:21:00,"[1, 1, 0, 0]",113,26.4,"49 Cars, 77 Ambulance",83,1800,1.569444444,50,0.472,0.015694444,0.528,0.432677778,Very High,17
562,0 days 17:22:00,"[1, 1, 1, 0]",148,24.1,"38 Fire Extinguisher, 64 Bikes, 32 Ambulance, 22 Fire Extinguisher",59,1800,2.055555556,50,0.518,0.020555556,0.482,0.347822222,High,17
563,0 days 17:23:00,"[1, 0, 0, 0]",99,20.4,"54 Trucks, 56 Cars",62,1800,1.375,50,0.592,0.01375,0.408,0.3719,High,17
564,0 days 17:24:00,"[1, 1, 0, 0]",122,30.5,"69 Bikes, 28 Fire Extinguisher",59,1800,1.694444444,50,0.39,0.016944444,0.61,0.320777778,High,17
565,0 days 17:25:00,"[0, 0, 0, 1]",186,37.7,"42 Ambulance, 17 Patrol",50,1800,2.583333333,50,0.246,0.025833333,0.754,0.259533333,Moderate,17
566,0 days 17:26:00,"[1, 0, 1, 1]",157,31.8,"15 Ambulance, 10 Trucks, 46 Fire Extinguisher, 14 Patrol",32,1800,2.180555556,50,0.364,0.021805556,0.636,0.209522222,Moderate,17
567,0 days 17:27:00,"[1, 1, 0, 0]",148,33.1,"44 Vans, 48 Trucks",36,1800,2.055555556,50,0.338,0.020555556,0.662,0.219822222,Moderate,17
568,0 days 17:28:00,"[1, 1, 0, 1]",67,47.1,"66 Ambulance, 97 Trucks, 74 Fire Extinguisher, 21 Patrol",73,1800,0.930555556,50,0.058,0.009305556,0.942,0.307322222,High,17
569,0 days 17:29:00,"[1, 1, 0, 0]",120,30.4,"32 Patrol, 40 Cars",84,1800,1.666666667,50,0.392,0.016666667,0.608,0.421066667,Very High,17
570,0 days 17:30:00,"[1, 0, 1, 1]",122,35.4,"59 Fire Extinguisher, 50 Patrol, 70 Fire Extinguisher",74,1800,1.694444444,50,0.292,0.016944444,0.708,0.361177778,High,17
571,0 days 17:31:00,"[0, 0, 0, 0]",76,43.5,"39 Trucks, 40 Trucks",75,1800,1.055555556,50,0.13,0.010555556,0.87,0.330222222,High,17
572,0 days 17:32:00,"[0, 0, 1, 0]",104,31.9,"36 Trucks, 93 Ambulance",43,1800,1.444444444,50,0.362,0.014444444,0.638,0.250177778,Moderate,17
573,0 days 17:33:00,"[1, 1, 1, 1]",110,38.7,"98 Ambulance, 16 Patrol, 13 Fire Extinguisher, 43 Ambulance",70,1800,1.527777778,50,0.226,0.015277778,0.774,0.331311111,High,17
574,0 days 17:34:00,"[0, 0, 0, 0]",166,45.9,"36 Trucks, 13 Cars, 91 Vans",82,1800,2.305555556,50,0.082,0.023055556,0.918,0.353622222,High,17
575,0 days 17:35:00,"[0, 1, 0, 0]",50,48.5,"96 Ambulance, 21 Bikes, 48 Trucks",50,1800,0.694444444,50,0.03,0.006944444,0.97,0.208777778,Moderate,17
576,0 days 17:36:00,"[1, 1, 0, 1]",156,24.4,"20 Vans, 76 Patrol",50,1800,2.166666667,50,0.512,0.021666667,0.488,0.311066667,High,17
577,0 days 17:37:00,"[0, 0, 0, 0]",102,47.8,"84 Fire Extinguisher, 18 Ambulance, 64 Ambulance, 61 Cars",35,1800,1.416666667,50,0.044,0.014166667,0.956,0.154466667,Low,17
578,0 days 17:38:00,"[1, 0, 0, 0]",173,34.8,"64 Patrol, 55 Vans",36,1800,2.402777778,50,0.304,0.024027778,0.696,0.214411111,Moderate,17
579,0 days 17:39:00,"[0, 1, 0, 1]",134,27.7,"14 Fire Extinguisher, 53 Vans, 79 Cars, 73 Patrol",48,1800,1.861111111,50,0.446,0.018611111,0.554,0.288644444,Moderate,17
580,0 days 17:40:00,"[1, 1, 0, 0]",181,33.8,"62 Trucks, 86 Cars",42,1800,2.513888889,50,0.324,0.025138889,0.676,0.242855556,Moderate,17
581,0 days 17:41:00,"[1, 1, 0, 1]",77,49.4,"46 Vans, 14 Bikes, 81 Ambulance",63,1800,1.069444444,50,0.012,0.010694444,0.988,0.258677778,Moderate,17
582,0 days 17:42:00,"[0, 1, 0, 0]",105,34.8,"94 Patrol, 83 Vans, 74 Patrol",42,1800,1.458333333,50,0.304,0.014583333,0.696,0.234633333,Moderate,17
583,0 days 17:43:00,"[1, 0, 0, 0]",90,29.9,"27 Fire Extinguisher, 30 Cars, 66 Vans, 57 Trucks",53,1800,1.25,50,0.402,0.0125,0.598,0.2974,Moderate,17
584,0 days 17:44:00,"[0, 1, 0, 0]",93,39.0,"28 Cars, 48 Ambulance, 94 Bikes",31,1800,1.291666667,50,0.22,0.012916667,0.78,0.173166667,Low,17
585,0 days 17:45:00,"[0, 0, 1, 0]",145,27.2,"88 Bikes, 35 Patrol, 95 Patrol",81,1800,2.013888889,50,0.456,0.020138889,0.544,0.423255556,Very High,17
586,0 days 17:46:00,"[1, 0, 1, 0]",120,22.3,"98 Cars, 81 Ambulance",47,1800,1.666666667,50,0.554,0.016666667,0.446,0.305466667,High,17
587,0 days 17:47:00,"[1, 0, 0, 1]",189,23.9,"78 Ambulance, 52 Trucks, 65 Vans",36,1800,2.625,50,0.522,0.02625,0.478,0.2589,Moderate,17
588,0 days 17:48:00,"[0, 0, 0, 0]",199,23.8,"27 Ambulance, 20 Vans, 31 Ambulance, 65 Cars",81,1800,2.763888889,50,0.524,0.027638889,0.476,0.439855556,Very High,17
589,0 days 17:49:00,"[1, 0, 0, 0]",140,24.6,"81 Vans, 21 Patrol",81,1800,1.944444444,50,0.508,0.019444444,0.492,0.433377778,Very High,17
590,0 days 17:50:00,"[1, 0, 0, 1]",167,24.2,"55 Bikes, 30 Patrol, 24 Trucks",44,1800,2.319444444,50,0.516,0.023194444,0.484,0.288477778,Moderate,17
591,0 days 17:51:00,"[1, 0, 0, 1]",182,39.2,"22 Trucks, 80 Trucks",61,1800,2.527777778,50,0.216,0.025277778,0.784,0.297311111,Moderate,17
592,0 days 17:52:00,"[0, 0, 0, 1]",196,25.5,"83 Bikes, 94 Patrol, 81 Patrol",56,1800,2.722222222,50,0.49,0.027222222,0.51,0.332888889,High,17
593,0 days 17:53:00,"[1, 1, 0, 1]",195,30.4,"89 Cars, 82 Vans, 95 Vans, 91 Cars",42,1800,2.708333333,50,0.392,0.027083333,0.608,0.257233333,Moderate,17
594,0 days 17:54:00,"[1, 0, 0, 0]",73,46.9,"46 Trucks, 83 Trucks, 88 Bikes, 84 Fire Extinguisher",59,1800,1.013888889,50,0.062,0.010138889,0.938,0.252455556,Moderate,17
595,0 days 17:55:00,"[1, 1, 0, 0]",94,34.2,"47 Fire Extinguisher, 69 Cars",30,1800,1.305555556,50,0.316,0.013055556,0.684,0.188422222,Low,17
596,0 days 17:56:00,"[1, 0, 0, 0]",88,40.0,"52 Ambulance, 55 Cars, 18 Fire Extinguisher, 10 Ambulance",81,1800,1.222222222,50,0.2,0.012222222,0.8,0.368888889,High,17
597,0 days 17:57:00,"[0, 1, 1, 0]",79,25.2,"26 Patrol, 82 Patrol, 65 Cars, 86 Patrol",70,1800,1.097222222,50,0.496,0.010972222,0.504,0.383588889,High,17
598,0 days 17:58:00,"[1, 1, 0, 1]",53,25.8,"97 Cars, 58 Trucks, 41 Vans",39,1800,0.736111111,50,0.484,0.007361111,0.516,0.255744444,Moderate,17
599,0 days 17:59:00,"[0, 0, 0, 1]",100,21.2,"50 Ambulance, 69 Fire Extinguisher, 54 Trucks",65,1800,1.388888889,50,0.576,0.013888889,0.424,0.380755556,High,17
600,0 days 18:00:00,"[0, 0, 1, 0]",193,25.1,"65 Cars, 72 Ambulance, 31 Fire Extinguisher",53,1800,2.680555556,50,0.498,0.026805556,0.502,0.322322222,High,18
601,0 days 18:01:00,"[1, 0, 1, 1]",58,28.4,"32 Vans, 21 Vans, 58 Patrol, 29 Bikes",86,1800,0.805555556,50,0.432,0.008055556,0.568,0.433622222,Very High,18
602,0 days 18:02:00,"[0, 1, 1, 1]",186,25.3,"52 Trucks, 30 Bikes, 10 Trucks",85,1800,2.583333333,50,0.494,0.025833333,0.506,0.449133333,Very High,18
603,0 days 18:03:00,"[0, 1, 0, 1]",68,22.7,"19 Fire Extinguisher, 23 Bikes",30,1800,0.944444444,50,0.546,0.009444444,0.454,0.232977778,Moderate,18
604,0 days 18:04:00,"[0, 1, 0, 1]",126,23.6,"78 Cars, 69 Bikes, 97 Fire Extinguisher, 85 Trucks",38,1800,1.75,50,0.528,0.0175,0.472,0.2646,Moderate,18
605,0 days 18:05:00,"[1, 1, 0, 1]",138,33.8,"25 Trucks, 75 Bikes",33,1800,1.916666667,50,0.324,0.019166667,0.676,0.204466667,Moderate,18
606,0 days 18:06:00,"[1, 1, 0, 1]",111,26.2,"14 Cars, 70 Vans, 47 Patrol, 97 Fire Extinguisher",71,1800,1.541666667,50,0.476,0.015416667,0.524,0.385366667,High,18
607,0 days 18:07:00,"[0, 1, 1, 0]",75,30.9,"78 Bikes, 49 Fire Extinguisher, 84 Bikes",85,1800,1.041666667,50,0.382,0.010416667,0.618,0.420566667,Very High,18
608,0 days 18:08:00,"[1, 0, 0, 1]",176,35.1,"20 Patrol, 74 Cars, 80 Patrol",33,1800,2.444444444,50,0.298,0.024444444,0.702,0.201377778,Moderate,18
609,0 days 18:09:00,"[1, 1, 1, 0]",189,40.7,"32 Fire Extinguisher, 54 Fire Extinguisher, 100 Fire Extinguisher, 27 Patrol",72,1800,2.625,50,0.186,0.02625,0.814,0.3357,High,18
610,0 days 18:10:00,"[1, 1, 1, 1]",127,21.2,"71 Fire Extinguisher, 41 Ambulance, 56 Ambulance, 54 Patrol",63,1800,1.763888889,50,0.576,0.017638889,0.424,0.374255556,High,18
611,0 days 18:11:00,"[0, 0, 1, 0]",107,44.0,"80 Trucks, 21 Bikes, 35 Patrol, 43 Trucks",50,1800,1.486111111,50,0.12,0.014861111,0.88,0.229944444,Moderate,18
612,0 days 18:12:00,"[1, 1, 0, 0]",131,38.8,"10 Fire Extinguisher, 43 Ambulance, 12 Patrol",54,1800,1.819444444,50,0.224,0.018194444,0.776,0.268077778,Moderate,18
613,0 days 18:13:00,"[0, 0, 0, 0]",194,22.5,"24 Trucks, 24 Patrol, 11 Ambulance, 60 Cars",46,1800,2.694444444,50,0.55,0.026944444,0.45,0.304777778,High,18
614,0 days 18:14:00,"[0, 0, 1, 1]",69,46.2,"74 Vans, 39 Ambulance",35,1800,0.958333333,50,0.076,0.009583333,0.924,0.159033333,Low,18
615,0 days 18:15:00,"[0, 1, 1, 0]",87,47.6,"70 Patrol, 26 Bikes, 13 Fire Extinguisher, 83 Patrol",57,1800,1.208333333,50,0.048,0.012083333,0.952,0.242433333,Moderate,18
616,0 days 18:16:00,"[0, 1, 1, 1]",163,21.8,"63 Ambulance, 94 Ambulance, 98 Bikes",45,1800,2.263888889,50,0.564,0.022638889,0.436,0.301855556,High,18
617,0 days 18:17:00,"[0, 1, 0, 1]",164,28.3,"94 Patrol, 78 Trucks, 63 Vans",70,1800,2.277777778,50,0.434,0.022777778,0.566,0.375911111,High,18
618,0 days 18:18:00,"[0, 1, 0, 0]",174,44.2,"11 Ambulance, 44 Ambulance",35,1800,2.416666667,50,0.116,0.024166667,0.884,0.172866667,Low,18
619,0 days 18:19:00,"[0, 1, 0, 1]",193,42.4,"23 Fire Extinguisher, 19 Patrol, 61 Bikes, 85 Ambulance",56,1800,2.680555556,50,0.152,0.026805556,0.848,0.265122222,Moderate,18
620,0 days 18:20:00,"[0, 0, 1, 0]",113,25.5,"98 Trucks, 23 Ambulance",72,1800,1.569444444,50,0.49,0.015694444,0.51,0.392277778,High,18
621,0 days 18:21:00,"[1, 1, 1, 1]",53,26.3,"86 Bikes, 53 Vans, 30 Trucks",90,1800,0.736111111,50,0.474,0.007361111,0.526,0.457744444,Very High,18
622,0 days 18:22:00,"[0, 0, 0, 1]",70,31.1,"22 Patrol, 63 Ambulance, 64 Bikes",85,1800,0.972222222,50,0.378,0.009722222,0.622,0.419488889,Very High,18
623,0 days 18:23:00,"[1, 1, 0, 1]",133,34.5,"45 Trucks, 93 Trucks",46,1800,1.847222222,50,0.31,0.018472222,0.69,0.253388889,Moderate,18
624,0 days 18:24:00,"[0, 1, 0, 1]",157,38.5,"20 Trucks, 88 Ambulance, 84 Ambulance, 35 Fire Extinguisher",37,1800,2.180555556,50,0.23,0.021805556,0.77,0.202722222,Moderate,18
625,0 days 18:25:00,"[0, 1, 1, 1]",84,31.1,"55 Bikes, 81 Patrol, 60 Bikes",44,1800,1.166666667,50,0.378,0.011666667,0.622,0.256266667,Moderate,18
626,0 days 18:26:00,"[1, 0, 1, 0]",106,33.9,"99 Patrol, 11 Vans, 72 Trucks, 59 Patrol",43,1800,1.472222222,50,0.322,0.014722222,0.678,0.242288889,Moderate,18
627,0 days 18:27:00,"[1, 0, 1, 0]",191,42.4,"28 Trucks, 40 Vans, 82 Trucks, 42 Patrol",63,1800,2.652777778,50,0.152,0.026527778,0.848,0.293011111,Moderate,18
628,0 days 18:28:00,"[1, 0, 0, 1]",90,21.1,"69 Patrol, 95 Ambulance",37,1800,1.25,50,0.578,0.0125,0.422,0.2686,Moderate,18
629,0 days 18:29:00,"[1, 1, 0, 0]",57,27.6,"10 Fire Extinguisher, 58 Vans",32,1800,0.791666667,50,0.448,0.007916667,0.552,0.220766667,Moderate,18
630,0 days 18:30:00,"[1, 1, 1, 0]",80,41.4,"15 Trucks, 72 Fire Extinguisher, 64 Vans",69,1800,1.111111111,50,0.172,0.011111111,0.828,0.314844444,High,18
631,0 days 18:31:00,"[1, 1, 1, 1]",105,46.9,"67 Cars, 22 Fire Extinguisher",43,1800,1.458333333,50,0.062,0.014583333,0.938,0.190233333,Low,18
632,0 days 18:32:00,"[1, 1, 1, 0]",179,35.4,"74 Patrol, 51 Ambulance, 96 Fire Extinguisher",37,1800,2.486111111,50,0.292,0.024861111,0.708,0.216344444,Moderate,18
633,0 days 18:33:00,"[0, 1, 1, 0]",124,36.0,"64 Cars, 71 Cars, 58 Fire Extinguisher",53,1800,1.722222222,50,0.28,0.017222222,0.72,0.274888889,Moderate,18
634,0 days 18:34:00,"[0, 1, 0, 1]",156,23.2,"95 Trucks, 22 Trucks, 32 Ambulance",88,1800,2.166666667,50,0.536,0.021666667,0.464,0.467866667,Very High,18
635,0 days 18:35:00,"[1, 0, 1, 1]",79,33.4,"52 Cars, 16 Ambulance, 47 Patrol",70,1800,1.097222222,50,0.332,0.010972222,0.668,0.350788889,High,18
636,0 days 18:36:00,"[1, 1, 1, 0]",118,36.0,"41 Ambulance, 60 Trucks, 81 Bikes, 62 Cars",67,1800,1.638888889,50,0.28,0.016388889,0.72,0.330555556,High,18
637,0 days 18:37:00,"[0, 1, 1, 0]",79,27.3,"75 Fire Extinguisher, 15 Ambulance, 51 Ambulance",87,1800,1.097222222,50,0.454,0.010972222,0.546,0.443188889,Very High,18
638,0 days 18:38:00,"[1, 1, 1, 1]",200,28.1,"16 Ambulance, 12 Patrol",65,1800,2.777777778,50,0.438,0.027777778,0.562,0.358711111,High,18
639,0 days 18:39:00,"[1, 1, 1, 1]",74,31.3,"67 Patrol, 19 Vans",47,1800,1.027777778,50,0.374,0.010277778,0.626,0.266911111,Moderate,18
640,0 days 18:40:00,"[1, 0, 1, 0]",175,20.6,"94 Vans, 75 Fire Extinguisher",40,1800,2.430555556,50,0.588,0.024305556,0.412,0.287322222,Moderate,18
641,0 days 18:41:00,"[1, 0, 0, 0]",122,29.7,"99 Trucks, 40 Cars, 76 Ambulance",82,1800,1.694444444,50,0.406,0.016944444,0.594,0.415977778,Very High,18
642,0 days 18:42:00,"[1, 1, 0, 0]",110,26.3,"91 Patrol, 74 Cars, 56 Ambulance, 45 Patrol",59,1800,1.527777778,50,0.474,0.015277778,0.526,0.336911111,High,18
643,0 days 18:43:00,"[0, 0, 1, 1]",196,29.8,"85 Patrol, 96 Patrol",84,1800,2.722222222,50,0.404,0.027222222,0.596,0.427688889,Very High,18
644,0 days 18:44:00,"[0, 1, 0, 1]",90,23.6,"77 Fire Extinguisher, 15 Cars, 53 Patrol",30,1800,1.25,50,0.528,0.0125,0.472,0.2306,Moderate,18
645,0 days 18:45:00,"[1, 1, 1, 0]",66,46.7,"71 Vans, 21 Ambulance, 100 Ambulance",38,1800,0.916666667,50,0.066,0.009166667,0.934,0.168866667,Low,18
646,0 days 18:46:00,"[1, 1, 1, 1]",132,37.8,"84 Fire Extinguisher, 41 Cars",41,1800,1.833333333,50,0.244,0.018333333,0.756,0.220133333,Moderate,18
647,0 days 18:47:00,"[0, 1, 1, 0]",86,40.4,"62 Fire Extinguisher, 82 Patrol",84,1800,1.194444444,50,0.192,0.011944444,0.808,0.379177778,High,18
648,0 days 18:48:00,"[1, 0, 0, 1]",145,43.7,"44 Ambulance, 100 Bikes, 41 Patrol",66,1800,2.013888889,50,0.126,0.020138889,0.874,0.297255556,Moderate,18
649,0 days 18:49:00,"[1, 1, 0, 0]",146,35.0,"40 Cars, 51 Patrol, 91 Cars",55,1800,2.027777778,50,0.3,0.020277778,0.7,0.288111111,Moderate,18
650,0 days 18:50:00,"[1, 1, 1, 1]",197,22.6,"17 Cars, 33 Bikes, 25 Patrol, 59 Trucks",32,1800,2.736111111,50,0.548,0.027361111,0.452,0.248544444,Moderate,18
651,0 days 18:51:00,"[1, 1, 0, 1]",51,36.1,"50 Vans, 43 Ambulance",30,1800,0.708333333,50,0.278,0.007083333,0.722,0.178433333,Low,18
652,0 days 18:52:00,"[1, 1, 0, 1]",153,37.6,"76 Fire Extinguisher, 28 Ambulance, 56 Bikes, 20 Trucks",46,1800,2.125,50,0.248,0.02125,0.752,0.2421,Moderate,18
653,0 days 18:53:00,"[0, 0, 1, 1]",108,42.4,"75 Fire Extinguisher, 27 Cars, 28 Patrol",84,1800,1.5,50,0.152,0.015,0.848,0.3724,High,18
654,0 days 18:54:00,"[1, 1, 0, 1]",87,32.9,"95 Ambulance, 16 Fire Extinguisher, 93 Bikes",89,1800,1.208333333,50,0.342,0.012083333,0.658,0.429233333,Very High,18
655,0 days 18:55:00,"[0, 0, 1, 1]",108,23.8,"95 Bikes, 69 Patrol, 80 Trucks, 55 Patrol",43,1800,1.5,50,0.524,0.015,0.476,0.2828,Moderate,18
656,0 days 18:56:00,"[0, 1, 1, 1]",166,28.5,"37 Fire Extinguisher, 98 Bikes, 97 Trucks",70,1800,2.305555556,50,0.43,0.023055556,0.57,0.375222222,High,18
657,0 days 18:57:00,"[1, 1, 1, 1]",82,30.9,"49 Cars, 56 Cars, 86 Trucks",30,1800,1.138888889,50,0.382,0.011388889,0.618,0.200955556,Moderate,18
658,0 days 18:58:00,"[1, 0, 0, 0]",107,39.4,"67 Bikes, 12 Bikes, 48 Ambulance",74,1800,1.486111111,50,0.212,0.014861111,0.788,0.344344444,High,18
659,0 days 18:59:00,"[1, 1, 0, 0]",76,37.1,"46 Fire Extinguisher, 61 Cars, 83 Patrol, 87 Fire Extinguisher",68,1800,1.055555556,50,0.258,0.010555556,0.742,0.327822222,High,18
660,0 days 19:00:00,"[0, 0, 0, 0]",143,30.7,"19 Ambulance, 35 Trucks, 61 Vans, 26 Ambulance",76,1800,1.986111111,50,0.386,0.019861111,0.614,0.389144444,High,19
661,0 days 19:01:00,"[0, 0, 0, 0]",132,49.6,"40 Patrol, 44 Bikes, 68 Ambulance, 59 Vans",89,1800,1.833333333,50,0.008,0.018333333,0.992,0.364933333,High,19
662,0 days 19:02:00,"[0, 1, 0, 0]",173,38.2,"30 Fire Extinguisher, 95 Fire Extinguisher, 19 Cars, 85 Trucks",65,1800,2.402777778,50,0.236,0.024027778,0.764,0.316811111,High,19
663,0 days 19:03:00,"[0, 1, 0, 1]",122,27.1,"95 Bikes, 77 Vans, 48 Fire Extinguisher, 69 Trucks",76,1800,1.694444444,50,0.458,0.016944444,0.542,0.402377778,Very High,19
664,0 days 19:04:00,"[1, 0, 1, 1]",55,23.1,"27 Bikes, 74 Patrol, 57 Patrol",72,1800,0.763888889,50,0.538,0.007638889,0.462,0.398655556,High,19
665,0 days 19:05:00,"[1, 0, 0, 1]",133,24.6,"79 Trucks, 48 Fire Extinguisher, 85 Vans",70,1800,1.847222222,50,0.508,0.018472222,0.492,0.388988889,High,19
666,0 days 19:06:00,"[1, 0, 0, 0]",68,27.4,"76 Cars, 43 Bikes, 53 Vans, 11 Ambulance",78,1800,0.944444444,50,0.452,0.009444444,0.548,0.406177778,Very High,19
667,0 days 19:07:00,"[1, 1, 1, 0]",77,24.8,"97 Bikes, 25 Cars, 46 Trucks, 25 Vans",55,1800,1.069444444,50,0.504,0.010694444,0.496,0.325077778,High,19
668,0 days 19:08:00,"[0, 0, 1, 0]",147,25.6,"34 Trucks, 80 Patrol, 96 Vans, 48 Bikes",58,1800,2.041666667,50,0.488,0.020416667,0.512,0.337766667,High,19
669,0 days 19:09:00,"[0, 0, 0, 1]",103,28.6,"98 Ambulance, 98 Ambulance",50,1800,1.430555556,50,0.428,0.014305556,0.572,0.291322222,Moderate,19
670,0 days 19:10:00,"[0, 0, 1, 0]",192,25.2,"82 Trucks, 30 Patrol, 43 Bikes",76,1800,2.666666667,50,0.496,0.026666667,0.504,0.413866667,Very High,19
671,0 days 19:11:00,"[0, 0, 1, 0]",171,46.9,"89 Fire Extinguisher, 42 Vans, 78 Patrol, 41 Vans",52,1800,2.375,50,0.062,0.02375,0.938,0.2299,Moderate,19
672,0 days 19:12:00,"[0, 1, 0, 0]",83,22.4,"39 Ambulance, 93 Bikes, 19 Cars, 48 Trucks",46,1800,1.152777778,50,0.552,0.011527778,0.448,0.299011111,Moderate,19
673,0 days 19:13:00,"[1, 1, 1, 1]",114,35.7,"31 Fire Extinguisher, 91 Ambulance, 61 Vans, 90 Patrol",64,1800,1.583333333,50,0.286,0.015833333,0.714,0.319533333,High,19
674,0 days 19:14:00,"[0, 1, 1, 0]",83,32.3,"62 Bikes, 64 Ambulance, 47 Cars",51,1800,1.152777778,50,0.354,0.011527778,0.646,0.279411111,Moderate,19
675,0 days 19:15:00,"[1, 0, 0, 0]",51,49.5,"24 Trucks, 51 Vans, 37 Fire Extinguisher, 41 Vans",58,1800,0.708333333,50,0.01,0.007083333,0.99,0.236833333,Moderate,19
676,0 days 19:16:00,"[1, 0, 0, 1]",90,23.4,"64 Trucks, 87 Vans, 71 Fire Extinguisher",67,1800,1.25,50,0.532,0.0125,0.468,0.3794,High,19
677,0 days 19:17:00,"[1, 0, 0, 1]",85,31.9,"38 Bikes, 89 Fire Extinguisher, 85 Vans",68,1800,1.180555556,50,0.362,0.011805556,0.638,0.349122222,High,19
678,0 days 19:18:00,"[1, 1, 0, 1]",95,49.1,"84 Vans, 93 Cars, 43 Vans",45,1800,1.319444444,50,0.018,0.013194444,0.982,0.188877778,Low,19
679,0 days 19:19:00,"[0, 0, 1, 0]",175,46.0,"71 Vans, 73 Cars, 39 Patrol, 41 Patrol",39,1800,2.430555556,50,0.08,0.024305556,0.92,0.181722222,Low,19
680,0 days 19:20:00,"[1, 0, 1, 1]",79,44.5,"28 Patrol, 55 Trucks",68,1800,1.097222222,50,0.11,0.010972222,0.89,0.298388889,Moderate,19
681,0 days 19:21:00,"[0, 0, 0, 1]",79,27.7,"58 Vans, 19 Bikes, 77 Vans",35,1800,1.097222222,50,0.446,0.010972222,0.554,0.233588889,Moderate,19
682,0 days 19:22:00,"[1, 0, 1, 0]",76,25.1,"74 Vans, 49 Ambulance",34,1800,1.055555556,50,0.498,0.010555556,0.502,0.239822222,Moderate,19
683,0 days 19:23:00,"[1, 1, 1, 1]",118,40.1,"94 Vans, 22 Patrol",66,1800,1.638888889,50,0.198,0.016388889,0.802,0.310155556,High,19
684,0 days 19:24:00,"[0, 0, 1, 1]",184,47.9,"98 Trucks, 48 Trucks, 73 Ambulance",63,1800,2.555555556,50,0.042,0.025555556,0.958,0.270622222,Moderate,19
685,0 days 19:25:00,"[0, 1, 1, 0]",181,36.7,"46 Cars, 15 Patrol",52,1800,2.513888889,50,0.266,0.025138889,0.734,0.271255556,Moderate,19
686,0 days 19:26:00,"[0, 1, 1, 0]",155,37.1,"25 Ambulance, 20 Vans",85,1800,2.152777778,50,0.258,0.021527778,0.742,0.400211111,Very High,19
687,0 days 19:27:00,"[1, 1, 1, 1]",100,28.4,"27 Ambulance, 44 Fire Extinguisher, 76 Ambulance, 78 Vans",49,1800,1.388888889,50,0.432,0.013888889,0.568,0.287955556,Moderate,19
688,0 days 19:28:00,"[1, 1, 0, 0]",150,43.1,"15 Vans, 24 Vans, 79 Cars, 72 Patrol",30,1800,2.083333333,50,0.138,0.020833333,0.862,0.155933333,Low,19
689,0 days 19:29:00,"[1, 1, 1, 1]",68,25.6,"58 Trucks, 45 Vans, 49 Trucks",61,1800,0.944444444,50,0.488,0.009444444,0.512,0.345377778,High,19
690,0 days 19:30:00,"[0, 0, 1, 0]",195,29.7,"32 Patrol, 17 Fire Extinguisher, 24 Cars",55,1800,2.708333333,50,0.406,0.027083333,0.594,0.312033333,High,19
691,0 days 19:31:00,"[0, 0, 0, 1]",86,32.8,"68 Patrol, 49 Fire Extinguisher, 10 Ambulance",45,1800,1.194444444,50,0.344,0.011944444,0.656,0.253577778,Moderate,19
692,0 days 19:32:00,"[1, 0, 1, 0]",167,35.2,"52 Vans, 81 Patrol, 85 Ambulance, 81 Patrol",48,1800,2.319444444,50,0.296,0.023194444,0.704,0.260477778,Moderate,19
693,0 days 19:33:00,"[1, 1, 1, 1]",78,27.3,"75 Patrol, 76 Patrol, 69 Ambulance, 13 Trucks",80,1800,1.083333333,50,0.454,0.010833333,0.546,0.415133333,Very High,19
694,0 days 19:34:00,"[0, 0, 0, 1]",60,23.4,"26 Fire Extinguisher, 21 Patrol, 95 Vans, 22 Fire Extinguisher",82,1800,0.833333333,50,0.532,0.008333333,0.468,0.437733333,Very High,19
695,0 days 19:35:00,"[1, 0, 0, 1]",164,38.3,"30 Cars, 53 Ambulance, 26 Ambulance, 83 Ambulance",57,1800,2.277777778,50,0.234,0.022777778,0.766,0.283911111,Moderate,19
696,0 days 19:36:00,"[0, 0, 1, 0]",68,28.7,"17 Ambulance, 45 Vans, 88 Ambulance",33,1800,0.944444444,50,0.426,0.009444444,0.574,0.220977778,Moderate,19
697,0 days 19:37:00,"[1, 1, 1, 1]",124,37.4,"20 Vans, 99 Ambulance",41,1800,1.722222222,50,0.252,0.017222222,0.748,0.221288889,Moderate,19
698,0 days 19:38:00,"[1, 1, 1, 0]",170,24.6,"24 Cars, 80 Trucks",36,1800,2.361111111,50,0.508,0.023611111,0.492,0.255044444,Moderate,19
699,0 days 19:39:00,"[0, 0, 0, 0]",170,34.4,"67 Patrol, 85 Trucks, 53 Trucks, 18 Vans",30,1800,2.361111111,50,0.312,0.023611111,0.688,0.191844444,Low,19
700,0 days 19:40:00,"[1, 0, 1, 0]",63,36.0,"72 Bikes, 17 Patrol, 41 Cars, 19 Cars",80,1800,0.875,50,0.28,0.00875,0.72,0.3795,High,19
701,0 days 19:41:00,"[1, 0, 0, 1]",107,21.6,"27 Trucks, 74 Fire Extinguisher, 54 Fire Extinguisher, 69 Trucks",85,1800,1.486111111,50,0.568,0.014861111,0.432,0.459544444,Very High,19
702,0 days 19:42:00,"[1, 1, 0, 0]",132,30.1,"80 Vans, 13 Cars, 30 Vans, 75 Bikes",69,1800,1.833333333,50,0.398,0.018333333,0.602,0.362933333,High,19
703,0 days 19:43:00,"[1, 1, 0, 1]",91,24.0,"38 Trucks, 59 Fire Extinguisher, 43 Patrol, 74 Bikes",51,1800,1.263888889,50,0.52,0.012638889,0.48,0.313055556,High,19
704,0 days 19:44:00,"[0, 1, 0, 1]",196,21.9,"89 Vans, 42 Cars, 87 Ambulance",33,1800,2.722222222,50,0.562,0.027222222,0.438,0.255288889,Moderate,19
705,0 days 19:45:00,"[1, 0, 1, 1]",195,49.7,"31 Vans, 62 Bikes",39,1800,2.708333333,50,0.006,0.027083333,0.994,0.168033333,Low,19
706,0 days 19:46:00,"[1, 0, 0, 1]",132,29.7,"64 Vans, 69 Patrol",44,1800,1.833333333,50,0.406,0.018333333,0.594,0.264533333,Moderate,19
707,0 days 19:47:00,"[0, 0, 1, 1]",110,44.3,"24 Patrol, 93 Trucks, 98 Trucks",72,1800,1.527777778,50,0.114,0.015277778,0.886,0.316911111,High,19
708,0 days 19:48:00,"[1, 0, 0, 1]",89,27.6,"23 Ambulance, 61 Vans",31,1800,1.236111111,50,0.448,0.012361111,0.552,0.218544444,Moderate,19
709,0 days 19:49:00,"[1, 0, 1, 1]",145,40.4,"68 Ambulance, 46 Ambulance",59,1800,2.013888889,50,0.192,0.020138889,0.808,0.282455556,Moderate,19
710,0 days 19:50:00,"[0, 1, 0, 1]",127,42.8,"61 Vans, 47 Vans, 18 Bikes",51,1800,1.763888889,50,0.144,0.017638889,0.856,0.239855556,Moderate,19
711,0 days 19:51:00,"[1, 0, 0, 1]",188,37.9,"90 Ambulance, 69 Patrol",39,1800,2.611111111,50,0.242,0.026111111,0.758,0.214844444,Moderate,19
712,0 days 19:52:00,"[0, 1, 0, 0]",138,34.1,"47 Fire Extinguisher, 72 Ambulance, 46 Ambulance, 80 Ambulance",37,1800,1.916666667,50,0.318,0.019166667,0.682,0.219266667,Moderate,19
713,0 days 19:53:00,"[0, 0, 1, 0]",135,32.4,"90 Patrol, 15 Trucks, 12 Bikes",32,1800,1.875,50,0.352,0.01875,0.648,0.2059,Moderate,19
714,0 days 19:54:00,"[1, 1, 0, 0]",93,30.5,"65 Bikes, 41 Bikes",54,1800,1.291666667,50,0.39,0.012916667,0.61,0.299166667,Moderate,19
715,0 days 19:55:00,"[0, 1, 1, 1]",140,47.9,"17 Cars, 77 Cars, 49 Vans",43,1800,1.944444444,50,0.042,0.019444444,0.958,0.188177778,Low,19
716,0 days 19:56:00,"[1, 1, 1, 1]",179,44.9,"86 Fire Extinguisher, 71 Ambulance, 33 Ambulance",84,1800,2.486111111,50,0.102,0.024861111,0.898,0.366344444,High,19
717,0 days 19:57:00,"[1, 1, 1, 1]",60,49.0,"23 Trucks, 29 Patrol, 100 Ambulance",45,1800,0.833333333,50,0.02,0.008333333,0.98,0.187333333,Low,19
718,0 days 19:58:00,"[0, 1, 0, 0]",110,23.7,"83 Ambulance, 91 Fire Extinguisher",33,1800,1.527777778,50,0.526,0.015277778,0.474,0.243311111,Moderate,19
719,0 days 19:59:00,"[0, 1, 0, 1]",194,41.9,"15 Cars, 19 Ambulance, 61 Vans, 27 Fire Extinguisher",49,1800,2.694444444,50,0.162,0.026944444,0.838,0.239177778,Moderate,19
720,0 days 20:00:00,"[0, 0, 1, 0]",97,48.2,"38 Ambulance, 31 Vans, 60 Bikes, 96 Vans",48,1800,1.347222222,50,0.036,0.013472222,0.964,0.204588889,Moderate,20
721,0 days 20:01:00,"[0, 0, 0, 0]",73,25.4,"69 Bikes, 35 Bikes, 20 Vans",77,1800,1.013888889,50,0.492,0.010138889,0.508,0.410455556,Very High,20
722,0 days 20:02:00,"[0, 0, 1, 1]",178,22.0,"10 Trucks, 60 Bikes",73,1800,2.472222222,50,0.56,0.024722222,0.44,0.413888889,Very High,20
723,0 days 20:03:00,"[1, 1, 1, 1]",135,42.2,"50 Vans, 42 Cars, 94 Cars, 97 Ambulance",43,1800,1.875,50,0.156,0.01875,0.844,0.2107,Moderate,20
724,0 days 20:04:00,"[1, 0, 0, 1]",137,37.2,"19 Bikes, 52 Bikes, 70 Patrol, 92 Fire Extinguisher",51,1800,1.902777778,50,0.256,0.019027778,0.744,0.262811111,Moderate,20
725,0 days 20:05:00,"[1, 1, 0, 1]",137,45.3,"52 Ambulance, 89 Bikes, 37 Vans",49,1800,1.902777778,50,0.094,0.019027778,0.906,0.222411111,Moderate,20
726,0 days 20:06:00,"[0, 1, 1, 1]",124,24.2,"32 Patrol, 68 Cars",69,1800,1.722222222,50,0.516,0.017222222,0.484,0.386088889,High,20
727,0 days 20:07:00,"[1, 1, 1, 0]",82,43.9,"18 Patrol, 80 Patrol, 34 Vans, 34 Vans",39,1800,1.138888889,50,0.122,0.011388889,0.878,0.184955556,Low,20
728,0 days 20:08:00,"[0, 0, 0, 0]",136,26.0,"98 Bikes, 98 Vans, 41 Bikes, 11 Patrol",78,1800,1.888888889,50,0.48,0.018888889,0.52,0.415555556,Very High,20
729,0 days 20:09:00,"[1, 0, 1, 0]",165,24.9,"45 Bikes, 14 Cars, 62 Bikes",41,1800,2.291666667,50,0.502,0.022916667,0.498,0.273566667,Moderate,20
730,0 days 20:10:00,"[0, 1, 1, 1]",92,24.9,"37 Fire Extinguisher, 45 Vans, 71 Cars",64,1800,1.277777778,50,0.502,0.012777778,0.498,0.361511111,High,20
731,0 days 20:11:00,"[1, 1, 0, 0]",79,44.4,"37 Patrol, 64 Fire Extinguisher, 57 Ambulance",75,1800,1.097222222,50,0.112,0.010972222,0.888,0.326788889,High,20
732,0 days 20:12:00,"[1, 0, 0, 1]",74,40.0,"60 Fire Extinguisher, 85 Ambulance",35,1800,1.027777778,50,0.2,0.010277778,0.8,0.184111111,Low,20
733,0 days 20:13:00,"[1, 1, 0, 0]",165,35.7,"61 Vans, 20 Patrol, 60 Bikes, 10 Patrol",44,1800,2.291666667,50,0.286,0.022916667,0.714,0.242366667,Moderate,20
734,0 days 20:14:00,"[1, 0, 0, 0]",179,30.8,"94 Fire Extinguisher, 28 Trucks, 63 Fire Extinguisher",82,1800,2.486111111,50,0.384,0.024861111,0.616,0.414744444,Very High,20
735,0 days 20:15:00,"[0, 1, 1, 1]",150,46.3,"59 Fire Extinguisher, 72 Trucks",80,1800,2.083333333,50,0.074,0.020833333,0.926,0.343133333,High,20
736,0 days 20:16:00,"[0, 0, 0, 0]",139,31.8,"92 Patrol, 79 Bikes, 74 Cars",58,1800,1.930555556,50,0.364,0.019305556,0.636,0.312522222,High,20
737,0 days 20:17:00,"[0, 0, 0, 1]",92,44.5,"80 Trucks, 14 Ambulance, 82 Trucks, 13 Cars",72,1800,1.277777778,50,0.11,0.012777778,0.89,0.315111111,High,20
738,0 days 20:18:00,"[0, 1, 1, 0]",147,33.2,"44 Bikes, 69 Bikes",87,1800,2.041666667,50,0.336,0.020416667,0.664,0.423366667,Very High,20
739,0 days 20:19:00,"[1, 0, 0, 1]",90,31.3,"11 Ambulance, 87 Trucks",66,1800,1.25,50,0.374,0.0125,0.626,0.3438,High,20
740,0 days 20:20:00,"[0, 1, 1, 0]",119,33.9,"70 Vans, 17 Ambulance, 80 Fire Extinguisher, 67 Vans",37,1800,1.652777778,50,0.322,0.016527778,0.678,0.219011111,Moderate,20
741,0 days 20:21:00,"[0, 1, 0, 1]",151,29.0,"96 Fire Extinguisher, 79 Ambulance, 16 Ambulance",75,1800,2.097222222,50,0.42,0.020972222,0.58,0.392388889,High,20
742,0 days 20:22:00,"[1, 0, 1, 1]",109,42.4,"89 Patrol, 21 Bikes, 78 Bikes",36,1800,1.513888889,50,0.152,0.015138889,0.848,0.180455556,Low,20
743,0 days 20:23:00,"[0, 1, 0, 0]",109,35.1,"74 Cars, 73 Trucks, 72 Fire Extinguisher",54,1800,1.513888889,50,0.298,0.015138889,0.702,0.281655556,Moderate,20
744,0 days 20:24:00,"[0, 0, 0, 1]",78,27.0,"13 Cars, 71 Patrol, 78 Fire Extinguisher, 89 Patrol",45,1800,1.083333333,50,0.46,0.010833333,0.54,0.276333333,Moderate,20
745,0 days 20:25:00,"[0, 1, 1, 0]",158,47.0,"88 Fire Extinguisher, 61 Cars",44,1800,2.194444444,50,0.06,0.021944444,0.94,0.196777778,Low,20
746,0 days 20:26:00,"[1, 1, 0, 1]",164,31.5,"14 Trucks, 33 Patrol, 91 Vans",76,1800,2.277777778,50,0.37,0.022777778,0.63,0.387111111,High,20
747,0 days 20:27:00,"[1, 1, 1, 1]",170,36.3,"72 Cars, 55 Vans, 43 Cars, 73 Trucks",87,1800,2.361111111,50,0.274,0.023611111,0.726,0.412244444,Very High,20
748,0 days 20:28:00,"[1, 0, 1, 1]",97,47.2,"66 Vans, 82 Fire Extinguisher",36,1800,1.347222222,50,0.056,0.013472222,0.944,0.160588889,Low,20
749,0 days 20:29:00,"[1, 1, 0, 0]",181,38.7,"92 Fire Extinguisher, 72 Bikes",33,1800,2.513888889,50,0.226,0.025138889,0.774,0.187255556,Low,20
750,0 days 20:30:00,"[0, 0, 0, 1]",121,23.5,"72 Patrol, 62 Vans",66,1800,1.680555556,50,0.53,0.016805556,0.47,0.376722222,High,20
751,0 days 20:31:00,"[0, 1, 1, 0]",126,48.2,"81 Ambulance, 56 Vans",58,1800,1.75,50,0.036,0.0175,0.964,0.2462,Moderate,20
752,0 days 20:32:00,"[0, 1, 0, 1]",123,38.8,"90 Trucks, 19 Bikes, 90 Patrol, 14 Patrol",73,1800,1.708333333,50,0.224,0.017083333,0.776,0.343633333,High,20
753,0 days 20:33:00,"[0, 1, 0, 0]",163,30.0,"94 Cars, 53 Trucks, 17 Cars, 61 Bikes",39,1800,2.263888889,50,0.4,0.022638889,0.6,0.245055556,Moderate,20
754,0 days 20:34:00,"[1, 0, 1, 0]",182,24.2,"15 Fire Extinguisher, 100 Fire Extinguisher, 79 Patrol, 31 Cars",61,1800,2.527777778,50,0.516,0.025277778,0.484,0.357311111,High,20
755,0 days 20:35:00,"[0, 0, 0, 1]",155,43.8,"35 Cars, 78 Trucks, 97 Vans, 87 Cars",77,1800,2.152777778,50,0.124,0.021527778,0.876,0.341411111,High,20
756,0 days 20:36:00,"[1, 0, 1, 0]",55,38.6,"91 Bikes, 35 Ambulance",30,1800,0.763888889,50,0.228,0.007638889,0.772,0.168655556,Low,20
757,0 days 20:37:00,"[1, 1, 0, 0]",187,36.0,"28 Cars, 33 Cars, 59 Patrol, 42 Bikes",44,1800,2.597222222,50,0.28,0.025972222,0.72,0.242388889,Moderate,20
758,0 days 20:38:00,"[0, 1, 1, 1]",166,46.8,"77 Fire Extinguisher, 78 Trucks, 66 Trucks, 77 Patrol",81,1800,2.305555556,50,0.064,0.023055556,0.936,0.346022222,High,20
759,0 days 20:39:00,"[1, 1, 1, 1]",122,43.7,"51 Ambulance, 86 Patrol",65,1800,1.694444444,50,0.126,0.016944444,0.874,0.291977778,Moderate,20
760,0 days 20:40:00,"[1, 1, 0, 1]",106,24.6,"22 Trucks, 29 Vans, 32 Trucks, 100 Fire Extinguisher",59,1800,1.472222222,50,0.508,0.014722222,0.492,0.343488889,High,20
761,0 days 20:41:00,"[1, 0, 1, 1]",72,29.4,"86 Patrol, 27 Trucks, 23 Cars",44,1800,1.0,50,0.412,0.01,0.588,0.2624,Moderate,20
762,0 days 20:42:00,"[1, 0, 1, 1]",79,27.5,"21 Patrol, 73 Cars, 96 Vans",85,1800,1.097222222,50,0.45,0.010972222,0.55,0.434388889,Very High,20
763,0 days 20:43:00,"[0, 0, 1, 0]",114,42.3,"39 Cars, 35 Vans, 44 Bikes, 13 Trucks",30,1800,1.583333333,50,0.154,0.015833333,0.846,0.157133333,Low,20
764,0 days 20:44:00,"[1, 0, 1, 0]",60,21.0,"75 Bikes, 24 Vans, 16 Fire Extinguisher, 17 Bikes",60,1800,0.833333333,50,0.58,0.008333333,0.42,0.359333333,High,20
765,0 days 20:45:00,"[1, 1, 1, 1]",118,37.1,"20 Trucks, 33 Trucks, 95 Cars",40,1800,1.638888889,50,0.258,0.016388889,0.742,0.218155556,Moderate,20
766,0 days 20:46:00,"[0, 0, 0, 1]",182,42.9,"21 Cars, 19 Bikes, 86 Patrol",48,1800,2.527777778,50,0.142,0.025277778,0.858,0.230511111,Moderate,20
767,0 days 20:47:00,"[1, 1, 1, 0]",176,46.3,"30 Fire Extinguisher, 72 Patrol",87,1800,2.444444444,50,0.074,0.024444444,0.926,0.372577778,High,20
768,0 days 20:48:00,"[1, 0, 0, 1]",95,30.3,"84 Bikes, 31 Ambulance",41,1800,1.319444444,50,0.394,0.013194444,0.606,0.248077778,Moderate,20
769,0 days 20:49:00,"[1, 1, 1, 1]",58,44.6,"54 Bikes, 61 Bikes, 57 Patrol, 34 Ambulance",34,1800,0.805555556,50,0.108,0.008055556,0.892,0.160822222,Low,20
770,0 days 20:50:00,"[1, 1, 1, 1]",85,23.3,"15 Ambulance, 54 Ambulance",47,1800,1.180555556,50,0.534,0.011805556,0.466,0.299522222,Moderate,20
771,0 days 20:51:00,"[0, 0, 1, 0]",154,45.4,"67 Patrol, 44 Bikes, 53 Trucks",70,1800,2.138888889,50,0.092,0.021388889,0.908,0.306955556,High,20
772,0 days 20:52:00,"[1, 1, 0, 0]",62,23.8,"79 Cars, 89 Fire Extinguisher, 54 Ambulance, 19 Vans",89,1800,0.861111111,50,0.524,0.008611111,0.476,0.464244444,Very High,20
773,0 days 20:53:00,"[1, 1, 0, 0]",140,31.9,"100 Ambulance, 46 Vans, 20 Cars",89,1800,1.944444444,50,0.362,0.019444444,0.638,0.436177778,Very High,20
774,0 days 20:54:00,"[0, 0, 1, 1]",155,43.9,"54 Ambulance, 50 Bikes, 74 Trucks",32,1800,2.152777778,50,0.122,0.021527778,0.878,0.161011111,Low,20
775,0 days 20:55:00,"[0, 0, 0, 1]",69,24.5,"87 Cars, 56 Ambulance, 83 Cars, 99 Vans",61,1800,0.958333333,50,0.51,0.009583333,0.49,0.349833333,High,20
776,0 days 20:56:00,"[1, 0, 0, 0]",71,26.9,"54 Ambulance, 42 Cars, 84 Trucks, 11 Ambulance",79,1800,0.986111111,50,0.462,0.009861111,0.538,0.412344444,Very High,20
777,0 days 20:57:00,"[0, 1, 1, 0]",87,41.7,"93 Patrol, 94 Fire Extinguisher, 28 Trucks",79,1800,1.208333333,50,0.166,0.012083333,0.834,0.354033333,High,20
778,0 days 20:58:00,"[1, 0, 0, 1]",130,41.6,"69 Patrol, 71 Trucks, 42 Ambulance",56,1800,1.805555556,50,0.168,0.018055556,0.832,0.264822222,Moderate,20
779,0 days 20:59:00,"[1, 0, 0, 1]",183,39.2,"46 Bikes, 91 Cars, 37 Fire Extinguisher",35,1800,2.541666667,50,0.216,0.025416667,0.784,0.193366667,Low,20
780,0 days 21:00:00,"[1, 1, 1, 0]",106,40.8,"43 Bikes, 88 Fire Extinguisher",30,1800,1.472222222,50,0.184,0.014722222,0.816,0.162688889,Low,21
781,0 days 21:01:00,"[0, 1, 1, 1]",189,36.3,"90 Bikes, 43 Vans",79,1800,2.625,50,0.274,0.02625,0.726,0.3813,High,21
782,0 days 21:02:00,"[1, 0, 1, 1]",146,27.6,"76 Vans, 45 Trucks, 29 Ambulance, 38 Patrol",68,1800,2.027777778,50,0.448,0.020277778,0.552,0.369711111,High,21
783,0 days 21:03:00,"[0, 1, 0, 0]",122,30.4,"42 Trucks, 27 Vans, 37 Vans",56,1800,1.694444444,50,0.392,0.016944444,0.608,0.309177778,High,21
784,0 days 21:04:00,"[0, 0, 1, 1]",70,25.4,"66 Vans, 39 Fire Extinguisher, 42 Fire Extinguisher, 66 Trucks",80,1800,0.972222222,50,0.492,0.009722222,0.508,0.422288889,Very High,21
785,0 days 21:05:00,"[1, 0, 1, 0]",68,47.3,"43 Bikes, 77 Bikes, 86 Fire Extinguisher",52,1800,0.944444444,50,0.054,0.009444444,0.946,0.222577778,Moderate,21
786,0 days 21:06:00,"[1, 1, 1, 1]",159,37.5,"41 Vans, 26 Fire Extinguisher",66,1800,2.208333333,50,0.25,0.022083333,0.75,0.322833333,High,21
787,0 days 21:07:00,"[1, 0, 0, 0]",194,32.0,"36 Fire Extinguisher, 38 Cars",58,1800,2.694444444,50,0.36,0.026944444,0.64,0.314777778,High,21
788,0 days 21:08:00,"[0, 1, 1, 0]",68,33.9,"84 Ambulance, 83 Fire Extinguisher, 38 Patrol",54,1800,0.944444444,50,0.322,0.009444444,0.678,0.284177778,Moderate,21
789,0 days 21:09:00,"[1, 1, 1, 0]",179,48.4,"47 Patrol, 55 Trucks, 66 Bikes",61,1800,2.486111111,50,0.032,0.024861111,0.968,0.260344444,Moderate,21
790,0 days 21:10:00,"[1, 0, 1, 1]",72,24.6,"99 Cars, 86 Ambulance, 55 Cars, 98 Ambulance",69,1800,1.0,50,0.508,0.01,0.492,0.3816,High,21
791,0 days 21:11:00,"[0, 0, 1, 1]",69,37.6,"92 Bikes, 68 Trucks, 73 Cars, 18 Cars",68,1800,0.958333333,50,0.248,0.009583333,0.752,0.325433333,High,21
792,0 days 21:12:00,"[0, 0, 1, 1]",131,35.2,"87 Cars, 73 Trucks, 98 Trucks",30,1800,1.819444444,50,0.296,0.018194444,0.704,0.186477778,Low,21
793,0 days 21:13:00,"[1, 1, 1, 0]",103,38.3,"27 Cars, 72 Vans, 27 Cars",40,1800,1.430555556,50,0.234,0.014305556,0.766,0.212522222,Moderate,21
794,0 days 21:14:00,"[1, 0, 0, 0]",151,20.5,"49 Ambulance, 72 Vans, 53 Bikes",32,1800,2.097222222,50,0.59,0.020972222,0.41,0.254388889,Moderate,21
795,0 days 21:15:00,"[1, 1, 1, 1]",182,46.2,"65 Fire Extinguisher, 54 Vans, 27 Trucks",80,1800,2.527777778,50,0.076,0.025277778,0.924,0.345311111,High,21
796,0 days 21:16:00,"[0, 1, 0, 1]",199,48.0,"43 Cars, 19 Ambulance, 55 Bikes",66,1800,2.763888889,50,0.04,0.027638889,0.96,0.283055556,Moderate,21
797,0 days 21:17:00,"[1, 0, 1, 1]",195,37.0,"20 Patrol, 10 Vans, 19 Cars, 30 Trucks",79,1800,2.708333333,50,0.26,0.027083333,0.74,0.378833333,High,21
798,0 days 21:18:00,"[1, 0, 1, 0]",115,40.9,"38 Patrol, 19 Patrol, 46 Bikes",78,1800,1.597222222,50,0.182,0.015972222,0.818,0.354788889,High,21
799,0 days 21:19:00,"[1, 1, 0, 0]",167,47.7,"11 Vans, 63 Vans, 41 Bikes",67,1800,2.319444444,50,0.046,0.023194444,0.954,0.286477778,Moderate,21
800,0 days 21:20:00,"[1, 1, 0, 0]",61,41.2,"23 Trucks, 44 Cars, 43 Ambulance",69,1800,0.847222222,50,0.176,0.008472222,0.824,0.314588889,High,21
801,0 days 21:21:00,"[0, 0, 0, 1]",86,24.6,"55 Trucks, 35 Vans, 74 Bikes, 99 Vans",87,1800,1.194444444,50,0.508,0.011944444,0.492,0.454377778,Very High,21
802,0 days 21:22:00,"[1, 0, 1, 0]",109,37.3,"65 Vans, 13 Bikes",77,1800,1.513888889,50,0.254,0.015138889,0.746,0.364855556,High,21
803,0 days 21:23:00,"[0, 1, 1, 1]",117,38.2,"75 Vans, 45 Vans",55,1800,1.625,50,0.236,0.01625,0.764,0.2737,Moderate,21
804,0 days 21:24:00,"[0, 1, 1, 1]",135,32.7,"55 Trucks, 71 Ambulance, 85 Fire Extinguisher, 27 Vans",52,1800,1.875,50,0.346,0.01875,0.654,0.2847,Moderate,21
805,0 days 21:25:00,"[1, 1, 0, 1]",117,42.1,"81 Patrol, 77 Ambulance, 54 Fire Extinguisher",35,1800,1.625,50,0.158,0.01625,0.842,0.1781,Low,21
806,0 days 21:26:00,"[0, 0, 1, 1]",185,48.0,"49 Patrol, 61 Ambulance, 95 Vans, 51 Cars",84,1800,2.569444444,50,0.04,0.025694444,0.96,0.354277778,High,21
807,0 days 21:27:00,"[1, 1, 1, 0]",183,47.8,"58 Bikes, 29 Trucks",40,1800,2.541666667,50,0.044,0.025416667,0.956,0.178966667,Low,21
808,0 days 21:28:00,"[0, 1, 1, 0]",142,33.5,"94 Ambulance, 80 Ambulance, 37 Trucks, 90 Cars",87,1800,1.972222222,50,0.33,0.019722222,0.67,0.421888889,Very High,21
809,0 days 21:29:00,"[0, 0, 0, 0]",138,23.4,"38 Patrol, 43 Patrol",66,1800,1.916666667,50,0.532,0.019166667,0.468,0.378066667,High,21
810,0 days 21:30:00,"[1, 1, 0, 1]",191,49.5,"62 Bikes, 41 Ambulance",79,1800,2.652777778,50,0.01,0.026527778,0.99,0.328611111,High,21
811,0 days 21:31:00,"[0, 1, 1, 1]",119,45.2,"54 Patrol, 63 Fire Extinguisher, 15 Bikes, 18 Ambulance",69,1800,1.652777778,50,0.096,0.016527778,0.904,0.301811111,High,21
812,0 days 21:32:00,"[1, 0, 0, 0]",69,23.7,"74 Bikes, 82 Fire Extinguisher, 37 Fire Extinguisher",66,1800,0.958333333,50,0.526,0.009583333,0.474,0.373033333,High,21
813,0 days 21:33:00,"[1, 0, 0, 1]",136,47.6,"35 Fire Extinguisher, 39 Ambulance",39,1800,1.888888889,50,0.048,0.018888889,0.952,0.173155556,Low,21
814,0 days 21:34:00,"[1, 1, 0, 0]",65,46.1,"77 Trucks, 82 Bikes, 36 Trucks, 75 Cars",33,1800,0.902777778,50,0.078,0.009027778,0.922,0.151211111,Low,21
815,0 days 21:35:00,"[0, 1, 0, 1]",127,35.6,"16 Patrol, 54 Patrol, 65 Cars",57,1800,1.763888889,50,0.288,0.017638889,0.712,0.292655556,Moderate,21
816,0 days 21:36:00,"[0, 0, 0, 0]",108,37.7,"70 Bikes, 30 Ambulance, 85 Trucks",50,1800,1.5,50,0.246,0.015,0.754,0.2552,Moderate,21
817,0 days 21:37:00,"[1, 1, 1, 1]",151,32.0,"97 Ambulance, 38 Cars",53,1800,2.097222222,50,0.36,0.020972222,0.64,0.292388889,Moderate,21
818,0 days 21:38:00,"[0, 0, 0, 1]",125,21.6,"48 Vans, 78 Fire Extinguisher, 41 Vans, 47 Vans",50,1800,1.736111111,50,0.568,0.017361111,0.432,0.320544444,High,21
819,0 days 21:39:00,"[1, 1, 0, 0]",154,30.1,"95 Cars, 96 Cars, 76 Patrol, 22 Vans",64,1800,2.138888889,50,0.398,0.021388889,0.602,0.344155556,High,21
820,0 days 21:40:00,"[1, 1, 0, 1]",144,44.1,"87 Fire Extinguisher, 59 Patrol, 10 Cars",63,1800,2.0,50,0.118,0.02,0.882,0.2836,Moderate,21
821,0 days 21:41:00,"[0, 1, 0, 1]",61,20.1,"61 Fire Extinguisher, 39 Vans, 17 Cars",67,1800,0.847222222,50,0.598,0.008472222,0.402,0.390988889,High,21
822,0 days 21:42:00,"[1, 0, 1, 0]",186,30.0,"65 Ambulance, 71 Vans, 69 Trucks, 16 Cars",83,1800,2.583333333,50,0.4,0.025833333,0.6,0.422333333,Very High,21
823,0 days 21:43:00,"[1, 0, 1, 1]",118,31.9,"67 Fire Extinguisher, 98 Trucks",59,1800,1.638888889,50,0.362,0.016388889,0.638,0.314955556,High,21
824,0 days 21:44:00,"[1, 0, 0, 0]",179,36.1,"45 Fire Extinguisher, 32 Cars, 99 Trucks, 82 Trucks",75,1800,2.486111111,50,0.278,0.024861111,0.722,0.365544444,High,21
825,0 days 21:45:00,"[1, 0, 0, 1]",189,47.6,"97 Trucks, 14 Patrol, 72 Vans",68,1800,2.625,50,0.048,0.02625,0.952,0.2921,Moderate,21
826,0 days 21:46:00,"[1, 0, 1, 1]",157,30.4,"69 Patrol, 69 Vans",85,1800,2.180555556,50,0.392,0.021805556,0.608,0.427122222,Very High,21
827,0 days 21:47:00,"[1, 0, 1, 0]",199,30.4,"64 Vans, 31 Fire Extinguisher, 37 Patrol",69,1800,2.763888889,50,0.392,0.027638889,0.608,0.365455556,High,21
828,0 days 21:48:00,"[1, 1, 1, 1]",134,42.1,"40 Fire Extinguisher, 92 Fire Extinguisher, 91 Cars",39,1800,1.861111111,50,0.158,0.018611111,0.842,0.195044444,Low,21
829,0 days 21:49:00,"[0, 0, 0, 1]",100,33.6,"91 Trucks, 89 Patrol",79,1800,1.388888889,50,0.328,0.013888889,0.672,0.387155556,High,21
830,0 days 21:50:00,"[0, 0, 0, 1]",120,26.7,"58 Bikes, 90 Fire Extinguisher, 23 Patrol",40,1800,1.666666667,50,0.466,0.016666667,0.534,0.259866667,Moderate,21
831,0 days 21:51:00,"[0, 1, 1, 1]",196,33.6,"86 Patrol, 13 Trucks, 77 Bikes",85,1800,2.722222222,50,0.328,0.027222222,0.672,0.416488889,Very High,21
832,0 days 21:52:00,"[1, 0, 1, 0]",162,24.2,"12 Patrol, 45 Patrol, 31 Ambulance, 47 Vans",55,1800,2.25,50,0.516,0.0225,0.484,0.3322,High,21
833,0 days 21:53:00,"[0, 1, 0, 1]",62,25.3,"51 Bikes, 80 Bikes, 100 Patrol",81,1800,0.861111111,50,0.494,0.008611111,0.506,0.426244444,Very High,21
834,0 days 21:54:00,"[1, 0, 0, 0]",150,35.0,"66 Bikes, 78 Cars, 42 Ambulance, 23 Ambulance",64,1800,2.083333333,50,0.3,0.020833333,0.7,0.324333333,High,21
835,0 days 21:55:00,"[1, 0, 0, 1]",180,32.6,"67 Patrol, 82 Ambulance, 37 Fire Extinguisher, 95 Trucks",32,1800,2.5,50,0.348,0.025,0.652,0.2076,Moderate,21
836,0 days 21:56:00,"[0, 0, 0, 0]",99,47.4,"86 Bikes, 52 Ambulance",85,1800,1.375,50,0.052,0.01375,0.948,0.3559,High,21
837,0 days 21:57:00,"[1, 0, 1, 0]",68,30.9,"49 Cars, 94 Ambulance, 44 Cars",89,1800,0.944444444,50,0.382,0.009444444,0.618,0.436177778,Very High,21
838,0 days 21:58:00,"[1, 0, 0, 0]",87,37.4,"76 Cars, 64 Vans, 75 Cars",79,1800,1.208333333,50,0.252,0.012083333,0.748,0.371233333,High,21
839,0 days 21:59:00,"[0, 0, 1, 0]",78,39.0,"79 Cars, 33 Trucks, 45 Trucks, 70 Ambulance",90,1800,1.083333333,50,0.22,0.010833333,0.78,0.408333333,Very High,21
840,0 days 22:00:00,"[1, 1, 1, 1]",87,20.4,"83 Patrol, 48 Vans, 70 Trucks",41,1800,1.208333333,50,0.592,0.012083333,0.408,0.287233333,Moderate,22
841,0 days 22:01:00,"[1, 0, 0, 1]",82,39.9,"72 Cars, 85 Trucks, 85 Patrol, 30 Ambulance",50,1800,1.138888889,50,0.202,0.011388889,0.798,0.244955556,Moderate,22
842,0 days 22:02:00,"[0, 1, 1, 0]",53,25.3,"60 Ambulance, 32 Bikes",80,1800,0.736111111,50,0.494,0.007361111,0.506,0.421744444,Very High,22
843,0 days 22:03:00,"[1, 0, 0, 1]",163,48.8,"15 Bikes, 87 Ambulance, 18 Ambulance",43,1800,2.263888889,50,0.024,0.022638889,0.976,0.185855556,Low,22
844,0 days 22:04:00,"[1, 1, 0, 0]",181,24.5,"48 Vans, 13 Fire Extinguisher",45,1800,2.513888889,50,0.51,0.025138889,0.49,0.292055556,Moderate,22
845,0 days 22:05:00,"[1, 1, 1, 0]",178,32.4,"33 Vans, 94 Cars",78,1800,2.472222222,50,0.352,0.024722222,0.648,0.392288889,High,22
846,0 days 22:06:00,"[1, 1, 1, 1]",100,22.6,"92 Vans, 72 Patrol, 48 Trucks, 67 Trucks",36,1800,1.388888889,50,0.548,0.013888889,0.452,0.259155556,Moderate,22
847,0 days 22:07:00,"[1, 1, 0, 1]",117,49.9,"36 Patrol, 62 Bikes, 86 Trucks",46,1800,1.625,50,0.002,0.01625,0.998,0.1909,Low,22
848,0 days 22:08:00,"[1, 0, 1, 1]",96,35.1,"61 Fire Extinguisher, 96 Bikes, 49 Ambulance",77,1800,1.333333333,50,0.298,0.013333333,0.702,0.372933333,High,22
849,0 days 22:09:00,"[1, 0, 1, 1]",89,37.9,"31 Bikes, 95 Patrol",69,1800,1.236111111,50,0.242,0.012361111,0.758,0.329344444,High,22
850,0 days 22:10:00,"[1, 1, 0, 1]",146,22.0,"30 Ambulance, 44 Cars",47,1800,2.027777778,50,0.56,0.020277778,0.44,0.308111111,High,22
851,0 days 22:11:00,"[0, 1, 0, 1]",115,42.5,"59 Cars, 85 Ambulance, 88 Fire Extinguisher, 66 Patrol",90,1800,1.597222222,50,0.15,0.015972222,0.85,0.396388889,High,22
852,0 days 22:12:00,"[0, 0, 0, 0]",64,26.3,"56 Bikes, 19 Trucks",51,1800,0.888888889,50,0.474,0.008888889,0.526,0.302355556,High,22
853,0 days 22:13:00,"[0, 0, 1, 0]",94,46.9,"44 Trucks, 55 Patrol, 93 Cars, 61 Vans",89,1800,1.305555556,50,0.062,0.013055556,0.938,0.373622222,High,22
854,0 days 22:14:00,"[0, 0, 1, 1]",51,26.2,"39 Cars, 60 Cars, 86 Patrol",60,1800,0.708333333,50,0.476,0.007083333,0.524,0.338033333,High,22
855,0 days 22:15:00,"[0, 1, 0, 1]",80,25.7,"38 Patrol, 81 Patrol, 76 Trucks, 47 Vans",50,1800,1.111111111,50,0.486,0.011111111,0.514,0.301644444,High,22
856,0 days 22:16:00,"[0, 0, 1, 1]",172,21.1,"67 Trucks, 64 Trucks, 24 Ambulance",67,1800,2.388888889,50,0.578,0.023888889,0.422,0.393155556,High,22
857,0 days 22:17:00,"[0, 1, 0, 1]",156,34.2,"78 Patrol, 61 Fire Extinguisher, 18 Patrol",59,1800,2.166666667,50,0.316,0.021666667,0.684,0.307866667,High,22
858,0 days 22:18:00,"[1, 1, 1, 0]",133,36.9,"32 Ambulance, 97 Patrol, 58 Trucks",63,1800,1.847222222,50,0.262,0.018472222,0.738,0.311788889,High,22
859,0 days 22:19:00,"[0, 0, 1, 0]",162,22.0,"19 Bikes, 70 Cars, 25 Bikes, 76 Patrol",33,1800,2.25,50,0.56,0.0225,0.44,0.253,Moderate,22
860,0 days 22:20:00,"[1, 0, 0, 1]",57,43.3,"48 Bikes, 75 Patrol",33,1800,0.791666667,50,0.134,0.007916667,0.866,0.161966667,Low,22
861,0 days 22:21:00,"[1, 0, 0, 1]",96,33.6,"83 Cars, 68 Patrol, 27 Bikes",70,1800,1.333333333,50,0.328,0.013333333,0.672,0.350933333,High,22
862,0 days 22:22:00,"[1, 0, 1, 0]",193,35.7,"56 Trucks, 15 Fire Extinguisher, 55 Cars",89,1800,2.680555556,50,0.286,0.026805556,0.714,0.423922222,Very High,22
863,0 days 22:23:00,"[0, 0, 1, 0]",149,33.2,"82 Vans, 43 Ambulance, 39 Ambulance",67,1800,2.069444444,50,0.336,0.020694444,0.664,0.343477778,High,22
864,0 days 22:24:00,"[0, 1, 1, 1]",148,32.0,"100 Ambulance, 73 Fire Extinguisher",41,1800,2.055555556,50,0.36,0.020555556,0.64,0.244222222,Moderate,22
865,0 days 22:25:00,"[1, 0, 0, 1]",62,36.8,"86 Cars, 95 Vans",74,1800,0.861111111,50,0.264,0.008611111,0.736,0.352244444,High,22
866,0 days 22:26:00,"[1, 0, 0, 0]",62,24.7,"46 Patrol, 26 Ambulance",48,1800,0.861111111,50,0.506,0.008611111,0.494,0.296644444,Moderate,22
867,0 days 22:27:00,"[1, 0, 0, 0]",197,25.5,"91 Vans, 10 Vans, 15 Ambulance, 57 Vans",44,1800,2.736111111,50,0.49,0.027361111,0.51,0.284944444,Moderate,22
868,0 days 22:28:00,"[0, 0, 1, 0]",182,45.9,"67 Fire Extinguisher, 34 Fire Extinguisher, 98 Patrol",60,1800,2.527777778,50,0.082,0.025277778,0.918,0.266511111,Moderate,22
869,0 days 22:29:00,"[0, 0, 1, 1]",200,48.4,"26 Bikes, 11 Vans, 45 Ambulance, 54 Vans",73,1800,2.777777778,50,0.032,0.027777778,0.968,0.309511111,High,22
870,0 days 22:30:00,"[1, 0, 0, 1]",167,31.2,"73 Cars, 30 Cars",56,1800,2.319444444,50,0.376,0.023194444,0.624,0.308477778,High,22
871,0 days 22:31:00,"[0, 1, 0, 1]",168,28.1,"39 Trucks, 93 Patrol, 100 Trucks",84,1800,2.333333333,50,0.438,0.023333333,0.562,0.432933333,Very High,22
872,0 days 22:32:00,"[1, 1, 0, 1]",127,39.3,"55 Patrol, 53 Cars, 31 Fire Extinguisher",59,1800,1.763888889,50,0.214,0.017638889,0.786,0.285855556,Moderate,22
873,0 days 22:33:00,"[1, 1, 0, 1]",100,32.3,"69 Vans, 82 Bikes, 45 Patrol",52,1800,1.388888889,50,0.354,0.013888889,0.646,0.284355556,Moderate,22
874,0 days 22:34:00,"[0, 1, 0, 1]",139,20.8,"82 Fire Extinguisher, 96 Fire Extinguisher, 14 Fire Extinguisher, 95 Fire Extinguisher",36,1800,1.930555556,50,0.584,0.019305556,0.416,0.268522222,Moderate,22
875,0 days 22:35:00,"[1, 1, 1, 0]",67,24.7,"32 Ambulance, 78 Vans, 81 Cars, 77 Vans",47,1800,0.930555556,50,0.506,0.009305556,0.494,0.292922222,Moderate,22
876,0 days 22:36:00,"[1, 1, 1, 1]",165,41.5,"70 Ambulance, 85 Patrol, 75 Cars",32,1800,2.291666667,50,0.17,0.022916667,0.83,0.171166667,Low,22
877,0 days 22:37:00,"[0, 0, 0, 0]",90,39.8,"74 Cars, 87 Patrol, 77 Patrol, 22 Patrol",35,1800,1.25,50,0.204,0.0125,0.796,0.1858,Low,22
878,0 days 22:38:00,"[1, 0, 1, 0]",139,20.8,"66 Cars, 47 Ambulance",41,1800,1.930555556,50,0.584,0.019305556,0.416,0.288522222,Moderate,22
879,0 days 22:39:00,"[1, 1, 0, 0]",109,26.7,"92 Cars, 79 Vans",37,1800,1.513888889,50,0.466,0.015138889,0.534,0.247255556,Moderate,22
880,0 days 22:40:00,"[0, 0, 1, 1]",102,26.9,"87 Bikes, 30 Vans",72,1800,1.416666667,50,0.462,0.014166667,0.538,0.386066667,High,22
881,0 days 22:41:00,"[0, 1, 1, 1]",121,40.2,"42 Vans, 73 Bikes, 92 Ambulance",86,1800,1.680555556,50,0.196,0.016805556,0.804,0.389922222,High,22
882,0 days 22:42:00,"[1, 1, 1, 1]",155,20.6,"62 Vans, 20 Patrol",32,1800,2.152777778,50,0.588,0.021527778,0.412,0.254211111,Moderate,22
883,0 days 22:43:00,"[1, 1, 1, 1]",166,23.1,"40 Vans, 56 Vans, 12 Bikes, 53 Patrol",39,1800,2.305555556,50,0.538,0.023055556,0.462,0.272822222,Moderate,22
884,0 days 22:44:00,"[0, 1, 1, 0]",77,44.0,"32 Trucks, 35 Bikes, 73 Patrol",30,1800,1.069444444,50,0.12,0.010694444,0.88,0.148277778,Low,22
885,0 days 22:45:00,"[0, 1, 1, 1]",178,25.4,"84 Patrol, 72 Vans",52,1800,2.472222222,50,0.492,0.024722222,0.508,0.316288889,High,22
886,0 days 22:46:00,"[1, 0, 1, 1]",106,39.6,"88 Cars, 68 Fire Extinguisher, 83 Vans, 52 Vans",44,1800,1.472222222,50,0.208,0.014722222,0.792,0.223488889,Moderate,22
887,0 days 22:47:00,"[1, 0, 1, 1]",145,27.1,"48 Fire Extinguisher, 98 Bikes, 94 Patrol",88,1800,2.013888889,50,0.458,0.020138889,0.542,0.451655556,Very High,22
888,0 days 22:48:00,"[0, 0, 0, 1]",195,23.0,"18 Vans, 22 Trucks",81,1800,2.708333333,50,0.54,0.027083333,0.46,0.442833333,Very High,22
889,0 days 22:49:00,"[1, 0, 1, 1]",111,27.3,"58 Bikes, 91 Patrol, 93 Patrol",30,1800,1.541666667,50,0.454,0.015416667,0.546,0.216966667,Moderate,22
890,0 days 22:50:00,"[1, 1, 0, 1]",123,41.7,"98 Patrol, 71 Ambulance",47,1800,1.708333333,50,0.166,0.017083333,0.834,0.228033333,Moderate,22
891,0 days 22:51:00,"[0, 0, 1, 0]",81,45.7,"33 Cars, 23 Fire Extinguisher, 19 Fire Extinguisher",89,1800,1.125,50,0.086,0.01125,0.914,0.3777,High,22
892,0 days 22:52:00,"[1, 0, 0, 1]",178,44.9,"56 Trucks, 54 Trucks, 92 Fire Extinguisher, 52 Patrol",79,1800,2.472222222,50,0.102,0.024722222,0.898,0.346288889,High,22
893,0 days 22:53:00,"[0, 1, 0, 0]",165,31.9,"89 Patrol, 69 Trucks, 32 Ambulance",57,1800,2.291666667,50,0.362,0.022916667,0.638,0.309566667,High,22
894,0 days 22:54:00,"[0, 1, 0, 1]",98,40.0,"42 Fire Extinguisher, 11 Patrol, 76 Vans, 13 Bikes",79,1800,1.361111111,50,0.2,0.013611111,0.8,0.361444444,High,22
895,0 days 22:55:00,"[0, 0, 0, 1]",83,26.1,"44 Trucks, 47 Cars",62,1800,1.152777778,50,0.478,0.011527778,0.522,0.348211111,High,22
896,0 days 22:56:00,"[1, 1, 1, 1]",99,28.8,"78 Fire Extinguisher, 30 Patrol, 86 Fire Extinguisher, 75 Patrol",43,1800,1.375,50,0.424,0.01375,0.576,0.2623,Moderate,22
897,0 days 22:57:00,"[0, 1, 0, 1]",128,46.9,"83 Fire Extinguisher, 35 Ambulance",39,1800,1.777777778,50,0.062,0.017777778,0.938,0.175511111,Low,22
898,0 days 22:58:00,"[1, 0, 1, 1]",196,20.4,"89 Fire Extinguisher, 19 Cars, 77 Bikes, 12 Cars",76,1800,2.722222222,50,0.592,0.027222222,0.408,0.433288889,Very High,22
899,0 days 22:59:00,"[1, 0, 1, 0]",164,22.6,"46 Vans, 16 Patrol, 61 Patrol",83,1800,2.277777778,50,0.548,0.022777778,0.452,0.450711111,Very High,22
900,0 days 23:00:00,"[1, 1, 1, 0]",98,26.2,"20 Patrol, 32 Patrol, 39 Fire Extinguisher, 84 Vans",50,1800,1.361111111,50,0.476,0.013611111,0.524,0.300644444,High,23
901,0 days 23:01:00,"[1, 0, 0, 0]",112,20.8,"75 Vans, 78 Ambulance, 11 Patrol",87,1800,1.555555556,50,0.584,0.015555556,0.416,0.471022222,Very High,23
902,0 days 23:02:00,"[1, 1, 0, 0]",86,25.4,"56 Patrol, 39 Ambulance, 43 Patrol",55,1800,1.194444444,50,0.492,0.011944444,0.508,0.323177778,High,23
903,0 days 23:03:00,"[1, 1, 1, 1]",77,37.5,"100 Patrol, 30 Ambulance",55,1800,1.069444444,50,0.25,0.010694444,0.75,0.274277778,Moderate,23
904,0 days 23:04:00,"[1, 0, 0, 1]",99,32.6,"13 Cars, 61 Patrol, 79 Fire Extinguisher",38,1800,1.375,50,0.348,0.01375,0.652,0.2271,Moderate,23
905,0 days 23:05:00,"[0, 0, 0, 1]",170,46.8,"56 Patrol, 64 Cars, 99 Vans, 96 Trucks",70,1800,2.361111111,50,0.064,0.023611111,0.936,0.302244444,High,23
906,0 days 23:06:00,"[0, 1, 1, 1]",151,44.5,"54 Fire Extinguisher, 77 Ambulance, 19 Patrol, 58 Patrol",74,1800,2.097222222,50,0.11,0.020972222,0.89,0.326388889,High,23
907,0 days 23:07:00,"[1, 1, 0, 1]",106,30.3,"29 Ambulance, 39 Bikes, 52 Cars",46,1800,1.472222222,50,0.394,0.014722222,0.606,0.268688889,Moderate,23
908,0 days 23:08:00,"[1, 0, 0, 1]",56,27.8,"46 Fire Extinguisher, 53 Trucks",54,1800,0.777777778,50,0.444,0.007777778,0.556,0.307911111,High,23
909,0 days 23:09:00,"[0, 1, 0, 0]",54,31.4,"74 Fire Extinguisher, 28 Bikes, 19 Fire Extinguisher, 58 Vans",75,1800,0.75,50,0.372,0.0075,0.628,0.3774,High,23
910,0 days 23:10:00,"[0, 0, 1, 1]",194,37.7,"71 Cars, 93 Trucks, 66 Fire Extinguisher, 29 Patrol",76,1800,2.694444444,50,0.246,0.026944444,0.754,0.363977778,High,23
911,0 days 23:11:00,"[1, 0, 0, 1]",60,28.0,"26 Vans, 12 Trucks, 17 Trucks, 82 Ambulance",37,1800,0.833333333,50,0.44,0.008333333,0.56,0.239333333,Moderate,23
912,0 days 23:12:00,"[1, 1, 0, 0]",178,38.7,"45 Vans, 88 Fire Extinguisher, 88 Ambulance",40,1800,2.472222222,50,0.226,0.024722222,0.774,0.215088889,Moderate,23
913,0 days 23:13:00,"[0, 0, 1, 1]",54,32.3,"19 Ambulance, 32 Bikes",72,1800,0.75,50,0.354,0.0075,0.646,0.3618,High,23
914,0 days 23:14:00,"[0, 0, 1, 0]",185,36.6,"59 Ambulance, 81 Fire Extinguisher",73,1800,2.569444444,50,0.268,0.025694444,0.732,0.355877778,High,23
915,0 days 23:15:00,"[0, 0, 0, 1]",159,33.1,"73 Fire Extinguisher, 50 Patrol, 35 Cars, 85 Bikes",55,1800,2.208333333,50,0.338,0.022083333,0.662,0.296433333,Moderate,23
916,0 days 23:16:00,"[0, 1, 0, 0]",197,28.8,"36 Vans, 79 Patrol, 76 Ambulance",67,1800,2.736111111,50,0.424,0.027361111,0.576,0.363744444,High,23
917,0 days 23:17:00,"[0, 1, 1, 0]",170,48.5,"42 Fire Extinguisher, 94 Trucks, 64 Vans, 32 Cars",68,1800,2.361111111,50,0.03,0.023611111,0.97,0.287444444,Moderate,23
918,0 days 23:18:00,"[0, 1, 1, 0]",148,42.9,"34 Fire Extinguisher, 11 Bikes",69,1800,2.055555556,50,0.142,0.020555556,0.858,0.312622222,High,23
919,0 days 23:19:00,"[0, 0, 1, 1]",57,24.2,"77 Trucks, 63 Patrol, 63 Trucks, 78 Patrol",73,1800,0.791666667,50,0.516,0.007916667,0.484,0.398366667,High,23
920,0 days 23:20:00,"[1, 1, 1, 1]",166,46.1,"54 Ambulance, 21 Trucks",78,1800,2.305555556,50,0.078,0.023055556,0.922,0.336822222,High,23
921,0 days 23:21:00,"[1, 1, 1, 1]",71,34.6,"66 Bikes, 56 Vans, 47 Patrol, 72 Fire Extinguisher",90,1800,0.986111111,50,0.308,0.009861111,0.692,0.425544444,Very High,23
922,0 days 23:22:00,"[0, 1, 1, 0]",131,46.8,"88 Bikes, 10 Vans",34,1800,1.819444444,50,0.064,0.018194444,0.936,0.156077778,Low,23
923,0 days 23:23:00,"[0, 1, 0, 1]",61,44.0,"52 Cars, 19 Vans",81,1800,0.847222222,50,0.12,0.008472222,0.88,0.351388889,High,23
924,0 days 23:24:00,"[0, 0, 1, 1]",100,32.8,"29 Patrol, 53 Vans",30,1800,1.388888889,50,0.344,0.013888889,0.656,0.194355556,Low,23
925,0 days 23:25:00,"[1, 1, 0, 1]",68,20.7,"62 Bikes, 53 Patrol, 44 Cars, 34 Cars",41,1800,0.944444444,50,0.586,0.009444444,0.414,0.284977778,Moderate,23
926,0 days 23:26:00,"[1, 0, 1, 0]",108,28.1,"95 Trucks, 64 Cars",47,1800,1.5,50,0.438,0.015,0.562,0.2816,Moderate,23
927,0 days 23:27:00,"[0, 0, 1, 1]",82,36.2,"56 Vans, 73 Bikes, 39 Cars",46,1800,1.138888889,50,0.276,0.011388889,0.724,0.243755556,Moderate,23
928,0 days 23:28:00,"[1, 1, 0, 1]",150,39.0,"97 Patrol, 72 Bikes, 32 Patrol, 56 Fire Extinguisher",51,1800,2.083333333,50,0.22,0.020833333,0.78,0.256333333,Moderate,23
929,0 days 23:29:00,"[1, 0, 0, 1]",181,27.7,"13 Patrol, 93 Fire Extinguisher, 46 Bikes, 82 Vans",58,1800,2.513888889,50,0.446,0.025138889,0.554,0.331255556,High,23
930,0 days 23:30:00,"[0, 1, 1, 0]",120,24.2,"60 Cars, 82 Bikes",82,1800,1.666666667,50,0.516,0.016666667,0.484,0.437866667,Very High,23
931,0 days 23:31:00,"[1, 1, 1, 1]",143,45.0,"27 Trucks, 41 Bikes, 42 Bikes, 14 Patrol",41,1800,1.986111111,50,0.1,0.019861111,0.9,0.191944444,Low,23
932,0 days 23:32:00,"[1, 1, 1, 0]",71,49.5,"66 Vans, 100 Patrol, 21 Trucks",35,1800,0.986111111,50,0.01,0.009861111,0.99,0.145944444,Low,23
933,0 days 23:33:00,"[1, 0, 0, 0]",180,35.8,"79 Trucks, 77 Bikes, 34 Trucks",83,1800,2.5,50,0.284,0.025,0.716,0.3988,High,23
934,0 days 23:34:00,"[0, 0, 1, 0]",189,25.2,"23 Patrol, 90 Ambulance, 71 Cars",86,1800,2.625,50,0.496,0.02625,0.504,0.4537,Very High,23
935,0 days 23:35:00,"[0, 0, 1, 0]",89,28.2,"21 Bikes, 56 Vans",86,1800,1.236111111,50,0.436,0.012361111,0.564,0.436144444,Very High,23
936,0 days 23:36:00,"[0, 1, 1, 1]",70,20.6,"64 Vans, 91 Cars, 25 Trucks",73,1800,0.972222222,50,0.588,0.009722222,0.412,0.413488889,Very High,23
937,0 days 23:37:00,"[0, 1, 1, 1]",113,47.4,"16 Ambulance, 82 Patrol, 12 Patrol, 30 Vans",49,1800,1.569444444,50,0.052,0.015694444,0.948,0.212677778,Moderate,23
938,0 days 23:38:00,"[1, 0, 0, 1]",105,23.5,"98 Fire Extinguisher, 67 Ambulance, 22 Fire Extinguisher",70,1800,1.458333333,50,0.53,0.014583333,0.47,0.391833333,High,23
939,0 days 23:39:00,"[1, 1, 1, 0]",153,37.3,"25 Ambulance, 15 Bikes",69,1800,2.125,50,0.254,0.02125,0.746,0.3353,High,23
940,0 days 23:40:00,"[0, 0, 0, 1]",63,28.2,"52 Fire Extinguisher, 69 Trucks, 56 Bikes",86,1800,0.875,50,0.436,0.00875,0.564,0.4347,Very High,23
941,0 days 23:41:00,"[1, 1, 1, 0]",175,36.6,"69 Vans, 59 Cars, 45 Trucks",36,1800,2.430555556,50,0.268,0.024305556,0.732,0.207322222,Moderate,23
942,0 days 23:42:00,"[1, 1, 0, 0]",75,39.5,"66 Fire Extinguisher, 34 Cars",82,1800,1.041666667,50,0.21,0.010416667,0.79,0.374166667,High,23
943,0 days 23:43:00,"[1, 0, 1, 1]",70,44.9,"35 Patrol, 81 Bikes",83,1800,0.972222222,50,0.102,0.009722222,0.898,0.356288889,High,23
944,0 days 23:44:00,"[0, 1, 1, 0]",69,26.2,"32 Bikes, 96 Ambulance, 15 Vans",43,1800,0.958333333,50,0.476,0.009583333,0.524,0.271033333,Moderate,23
945,0 days 23:45:00,"[0, 0, 1, 0]",55,20.3,"75 Trucks, 92 Cars",87,1800,0.763888889,50,0.594,0.007638889,0.406,0.469855556,Very High,23
946,0 days 23:46:00,"[1, 1, 1, 1]",101,24.1,"73 Fire Extinguisher, 88 Ambulance",51,1800,1.402777778,50,0.518,0.014027778,0.482,0.313211111,High,23
947,0 days 23:47:00,"[1, 0, 1, 0]",64,47.0,"70 Bikes, 56 Bikes, 67 Fire Extinguisher",75,1800,0.888888889,50,0.06,0.008888889,0.94,0.315555556,High,23
948,0 days 23:48:00,"[0, 0, 1, 1]",93,46.2,"66 Cars, 64 Patrol, 83 Patrol",42,1800,1.291666667,50,0.076,0.012916667,0.924,0.188366667,Low,23
949,0 days 23:49:00,"[1, 1, 1, 0]",181,37.9,"57 Vans, 93 Ambulance, 14 Ambulance, 11 Bikes",78,1800,2.513888889,50,0.242,0.025138889,0.758,0.370455556,High,23
950,0 days 23:50:00,"[1, 0, 1, 1]",67,38.0,"64 Vans, 65 Fire Extinguisher, 31 Vans",80,1800,0.930555556,50,0.24,0.009305556,0.76,0.371722222,High,23
951,0 days 23:51:00,"[1, 0, 1, 0]",171,40.0,"60 Bikes, 84 Fire Extinguisher, 11 Ambulance, 52 Vans",81,1800,2.375,50,0.2,0.02375,0.8,0.3735,High,23
952,0 days 23:52:00,"[1, 0, 1, 1]",191,25.3,"12 Trucks, 79 Patrol, 73 Trucks, 93 Cars",84,1800,2.652777778,50,0.494,0.026527778,0.506,0.445411111,Very High,23
953,0 days 23:53:00,"[0, 0, 1, 0]",199,47.4,"67 Bikes, 35 Cars, 100 Ambulance",55,1800,2.763888889,50,0.052,0.027638889,0.948,0.241455556,Moderate,23
954,0 days 23:54:00,"[1, 1, 1, 1]",67,32.6,"28 Cars, 72 Ambulance, 77 Bikes, 30 Ambulance",76,1800,0.930555556,50,0.348,0.009305556,0.652,0.377322222,High,23
955,0 days 23:55:00,"[0, 1, 1, 1]",150,31.5,"78 Cars, 57 Patrol",77,1800,2.083333333,50,0.37,0.020833333,0.63,0.390333333,High,23
956,0 days 23:56:00,"[1, 1, 1, 0]",77,35.6,"26 Patrol, 40 Vans, 60 Ambulance",59,1800,1.069444444,50,0.288,0.010694444,0.712,0.297877778,Moderate,23
957,0 days 23:57:00,"[1, 0, 0, 0]",169,21.4,"91 Trucks, 69 Patrol",83,1800,2.347222222,50,0.572,0.023472222,0.428,0.455788889,Very High,23
958,0 days 23:58:00,"[0, 0, 1, 0]",159,25.0,"38 Fire Extinguisher, 96 Cars, 59 Patrol",32,1800,2.208333333,50,0.5,0.022083333,0.5,0.236833333,Moderate,23
959,0 days 23:59:00,"[1, 1, 0, 1]",179,42.1,"22 Trucks, 54 Cars",54,1800,2.486111111,50,0.158,0.024861111,0.842,0.257544444,Moderate,23
960,0 days 00:00:00,"[1, 1, 1, 1]",173,22.5,"77 Vans, 74 Trucks, 50 Patrol, 41 Vans",89,1800,2.402777778,50,0.55,0.024027778,0.45,0.475611111,Very High,0
961,1 days 00:01:00,"[0, 0, 0, 0]",134,38.1,"50 Fire Extinguisher, 52 Patrol, 73 Vans, 94 Fire Extinguisher",88,1800,1.861111111,50,0.238,0.018611111,0.762,0.407044444,Very High,0
962,1 days 00:02:00,"[1, 0, 1, 0]",103,27.4,"58 Ambulance, 12 Cars, 35 Cars",87,1800,1.430555556,50,0.452,0.014305556,0.548,0.444122222,Very High,0
963,1 days 00:03:00,"[0, 0, 0, 1]",157,31.7,"12 Fire Extinguisher, 33 Vans, 21 Patrol",73,1800,2.180555556,50,0.366,0.021805556,0.634,0.373922222,High,0
964,1 days 00:04:00,"[0, 1, 0, 1]",188,28.7,"17 Vans, 75 Patrol, 75 Fire Extinguisher, 29 Vans",52,1800,2.611111111,50,0.426,0.026111111,0.574,0.303644444,High,0
965,1 days 00:05:00,"[0, 0, 1, 1]",86,30.7,"24 Patrol, 41 Trucks, 88 Trucks, 93 Patrol",30,1800,1.194444444,50,0.386,0.011944444,0.614,0.201977778,Moderate,0
966,1 days 00:06:00,"[1, 1, 1, 0]",196,41.6,"96 Patrol, 27 Trucks, 72 Bikes, 53 Fire Extinguisher",61,1800,2.722222222,50,0.168,0.027222222,0.832,0.288488889,Moderate,0
967,1 days 00:07:00,"[0, 1, 1, 0]",105,28.9,"65 Vans, 77 Ambulance, 65 Cars",42,1800,1.458333333,50,0.422,0.014583333,0.578,0.258233333,Moderate,0
968,1 days 00:08:00,"[1, 1, 1, 0]",76,37.0,"13 Patrol, 38 Patrol, 93 Cars",86,1800,1.055555556,50,0.26,0.010555556,0.74,0.400222222,Very High,0
969,1 days 00:09:00,"[0, 0, 1, 0]",55,34.3,"54 Cars, 93 Patrol, 36 Patrol",81,1800,0.763888889,50,0.314,0.007638889,0.686,0.389855556,High,0
970,1 days 00:10:00,"[1, 1, 0, 0]",147,39.9,"77 Patrol, 29 Cars, 16 Ambulance, 42 Trucks",40,1800,2.041666667,50,0.202,0.020416667,0.798,0.208566667,Moderate,0
971,1 days 00:11:00,"[1, 1, 1, 0]",125,48.1,"86 Ambulance, 32 Fire Extinguisher",39,1800,1.736111111,50,0.038,0.017361111,0.962,0.170544444,Low,0
972,1 days 00:12:00,"[1, 0, 1, 1]",143,42.0,"82 Trucks, 65 Ambulance, 13 Vans",45,1800,1.986111111,50,0.16,0.019861111,0.84,0.219944444,Moderate,0
973,1 days 00:13:00,"[1, 1, 0, 0]",152,26.4,"35 Vans, 23 Vans",50,1800,2.111111111,50,0.472,0.021111111,0.528,0.302844444,High,0
974,1 days 00:14:00,"[0, 0, 1, 1]",162,20.9,"30 Bikes, 73 Trucks",40,1800,2.25,50,0.582,0.0225,0.418,0.2854,Moderate,0
975,1 days 00:15:00,"[0, 1, 1, 1]",159,27.9,"61 Cars, 45 Vans, 27 Patrol, 22 Bikes",81,1800,2.208333333,50,0.442,0.022083333,0.558,0.421233333,Very High,0
976,1 days 00:16:00,"[0, 1, 1, 1]",171,37.9,"63 Bikes, 28 Trucks",73,1800,2.375,50,0.242,0.02375,0.758,0.3499,High,0
977,1 days 00:17:00,"[0, 0, 1, 1]",98,21.5,"75 Cars, 42 Patrol",37,1800,1.361111111,50,0.57,0.013611111,0.43,0.267444444,Moderate,0
978,1 days 00:18:00,"[1, 1, 0, 1]",85,34.9,"73 Fire Extinguisher, 50 Trucks, 71 Cars",30,1800,1.180555556,50,0.302,0.011805556,0.698,0.185122222,Low,0
979,1 days 00:19:00,"[0, 0, 0, 1]",104,37.9,"86 Vans, 29 Trucks",82,1800,1.444444444,50,0.242,0.014444444,0.758,0.382177778,High,0
980,1 days 00:20:00,"[0, 1, 0, 1]",153,30.0,"49 Cars, 46 Cars, 83 Fire Extinguisher, 29 Cars",81,1800,2.125,50,0.4,0.02125,0.6,0.4125,Very High,0
981,1 days 00:21:00,"[0, 0, 1, 0]",161,43.1,"28 Trucks, 39 Fire Extinguisher, 61 Fire Extinguisher, 84 Cars",88,1800,2.236111111,50,0.138,0.022361111,0.862,0.388544444,High,0
982,1 days 00:22:00,"[0, 0, 1, 0]",187,23.2,"17 Cars, 26 Patrol, 56 Bikes",42,1800,2.597222222,50,0.536,0.025972222,0.464,0.285588889,Moderate,0
983,1 days 00:23:00,"[1, 1, 0, 0]",112,22.3,"37 Fire Extinguisher, 44 Vans, 20 Vans, 67 Cars",62,1800,1.555555556,50,0.554,0.015555556,0.446,0.365022222,High,0
984,1 days 00:24:00,"[0, 1, 1, 1]",172,41.8,"44 Vans, 72 Bikes, 75 Cars",64,1800,2.388888889,50,0.164,0.023888889,0.836,0.298355556,Moderate,0
985,1 days 00:25:00,"[0, 0, 0, 1]",151,34.9,"41 Cars, 61 Ambulance, 42 Cars",52,1800,2.097222222,50,0.302,0.020972222,0.698,0.276788889,Moderate,0
986,1 days 00:26:00,"[1, 1, 1, 1]",152,40.7,"85 Vans, 47 Trucks",83,1800,2.111111111,50,0.186,0.021111111,0.814,0.377644444,High,0
987,1 days 00:27:00,"[0, 0, 1, 1]",172,33.0,"34 Fire Extinguisher, 28 Cars, 56 Trucks",66,1800,2.388888889,50,0.34,0.023888889,0.66,0.341555556,High,0
988,1 days 00:28:00,"[1, 1, 0, 0]",63,27.4,"56 Trucks, 15 Bikes, 33 Fire Extinguisher",53,1800,0.875,50,0.452,0.00875,0.548,0.3059,High,0
989,1 days 00:29:00,"[1, 1, 0, 0]",130,44.6,"14 Cars, 84 Patrol, 27 Trucks",39,1800,1.805555556,50,0.108,0.018055556,0.892,0.184822222,Low,0
990,1 days 00:30:00,"[0, 0, 0, 1]",83,44.0,"46 Fire Extinguisher, 49 Ambulance, 24 Vans, 39 Cars",47,1800,1.152777778,50,0.12,0.011527778,0.88,0.216611111,Moderate,0
991,1 days 00:31:00,"[1, 1, 1, 1]",141,40.8,"64 Bikes, 10 Trucks, 51 Vans, 58 Trucks",30,1800,1.958333333,50,0.184,0.019583333,0.816,0.164633333,Low,0
992,1 days 00:32:00,"[0, 1, 1, 0]",90,28.2,"56 Trucks, 14 Cars, 43 Trucks",63,1800,1.25,50,0.436,0.0125,0.564,0.3442,High,0
993,1 days 00:33:00,"[0, 0, 0, 1]",163,37.7,"23 Fire Extinguisher, 10 Cars",86,1800,2.263888889,50,0.246,0.022638889,0.754,0.402255556,Very High,0
994,1 days 00:34:00,"[1, 0, 0, 0]",187,30.8,"62 Fire Extinguisher, 86 Ambulance, 98 Cars, 52 Fire Extinguisher",46,1800,2.597222222,50,0.384,0.025972222,0.616,0.271188889,Moderate,0
995,1 days 00:35:00,"[0, 0, 1, 1]",119,22.7,"22 Cars, 61 Bikes, 75 Patrol",63,1800,1.652777778,50,0.546,0.016527778,0.454,0.367811111,High,0
996,1 days 00:36:00,"[1, 1, 1, 1]",95,47.5,"75 Fire Extinguisher, 23 Patrol",62,1800,1.319444444,50,0.05,0.013194444,0.95,0.263277778,Moderate,0
997,1 days 00:37:00,"[0, 1, 0, 0]",158,24.1,"79 Vans, 50 Fire Extinguisher, 53 Ambulance, 58 Vans",33,1800,2.194444444,50,0.518,0.021944444,0.482,0.244377778,Moderate,0
998,1 days 00:38:00,"[1, 1, 1, 1]",164,48.5,"88 Patrol, 71 Vans",82,1800,2.277777778,50,0.03,0.022777778,0.97,0.343111111,High,0
999,1 days 00:39:00,"[0, 0, 0, 1]",103,33.4,"83 Cars, 43 Vans",74,1800,1.430555556,50,0.332,0.014305556,0.668,0.368122222,High,0
1000,1 days 00:40:00,"[1, 0, 1, 0]",99,25.6,"96 Ambulance, 24 Bikes, 33 Patrol",61,1800,1.375,50,0.488,0.01375,0.512,0.3471,High,0
1001,1 days 00:41:00,"[0, 0, 1, 1]",197,36.3,"60 Patrol, 18 Fire Extinguisher, 57 Cars",62,1800,2.736111111,50,0.274,0.027361111,0.726,0.313744444,High,0
1002,1 days 00:42:00,"[1, 1, 1, 0]",125,46.2,"31 Vans, 68 Ambulance, 91 Vans, 61 Patrol",73,1800,1.736111111,50,0.076,0.017361111,0.924,0.314144444,High,0
1003,1 days 00:43:00,"[1, 0, 1, 0]",137,42.0,"56 Cars, 23 Patrol",44,1800,1.902777778,50,0.16,0.019027778,0.84,0.215611111,Moderate,0
1004,1 days 00:44:00,"[0, 0, 0, 0]",99,44.2,"10 Patrol, 18 Fire Extinguisher",48,1800,1.375,50,0.116,0.01375,0.884,0.2207,Moderate,0
1005,1 days 00:45:00,"[1, 0, 0, 0]",126,39.8,"34 Ambulance, 100 Fire Extinguisher, 44 Fire Extinguisher, 54 Fire Extinguisher",37,1800,1.75,50,0.204,0.0175,0.796,0.1958,Low,0
1006,1 days 00:46:00,"[0, 0, 1, 0]",131,40.8,"38 Cars, 100 Cars",63,1800,1.819444444,50,0.184,0.018194444,0.816,0.296077778,Moderate,0
1007,1 days 00:47:00,"[0, 1, 1, 1]",136,45.5,"81 Trucks, 53 Patrol",63,1800,1.888888889,50,0.09,0.018888889,0.91,0.277555556,Moderate,0
1008,1 days 00:48:00,"[1, 1, 0, 1]",63,27.5,"64 Patrol, 24 Patrol, 63 Fire Extinguisher",59,1800,0.875,50,0.45,0.00875,0.55,0.3295,High,0
1009,1 days 00:49:00,"[0, 0, 0, 1]",93,34.7,"86 Vans, 21 Vans, 67 Trucks",57,1800,1.291666667,50,0.306,0.012916667,0.694,0.294366667,Moderate,0
1010,1 days 00:50:00,"[1, 1, 1, 1]",176,26.6,"17 Patrol, 14 Ambulance",34,1800,2.444444444,50,0.468,0.024444444,0.532,0.239377778,Moderate,0
1011,1 days 00:51:00,"[1, 1, 1, 0]",196,49.6,"56 Trucks, 11 Trucks",76,1800,2.722222222,50,0.008,0.027222222,0.992,0.316488889,High,0
1012,1 days 00:52:00,"[0, 1, 0, 1]",79,48.3,"34 Cars, 48 Fire Extinguisher, 42 Fire Extinguisher, 58 Trucks",39,1800,1.097222222,50,0.034,0.010972222,0.966,0.167188889,Low,0
1013,1 days 00:53:00,"[0, 1, 0, 0]",69,21.2,"92 Cars, 13 Bikes, 99 Vans, 12 Ambulance",66,1800,0.958333333,50,0.576,0.009583333,0.424,0.383033333,High,0
1014,1 days 00:54:00,"[0, 0, 1, 0]",110,41.2,"22 Trucks, 12 Ambulance, 21 Patrol",43,1800,1.527777778,50,0.176,0.015277778,0.824,0.213311111,Moderate,0
1015,1 days 00:55:00,"[0, 1, 0, 1]",179,47.8,"57 Patrol, 86 Patrol",83,1800,2.486111111,50,0.044,0.024861111,0.956,0.350744444,High,0
1016,1 days 00:56:00,"[0, 0, 1, 1]",135,25.4,"89 Patrol, 33 Ambulance",81,1800,1.875,50,0.492,0.01875,0.508,0.4299,Very High,0
1017,1 days 00:57:00,"[1, 0, 1, 0]",106,37.0,"34 Ambulance, 82 Cars, 69 Patrol",56,1800,1.472222222,50,0.26,0.014722222,0.74,0.281888889,Moderate,0
1018,1 days 00:58:00,"[1, 0, 1, 0]",181,47.5,"79 Bikes, 47 Trucks",55,1800,2.513888889,50,0.05,0.025138889,0.95,0.240055556,Moderate,0
1019,1 days 00:59:00,"[1, 1, 0, 0]",80,21.0,"91 Fire Extinguisher, 43 Cars, 14 Fire Extinguisher",51,1800,1.111111111,50,0.58,0.011111111,0.42,0.324444444,High,0
1020,1 days 01:00:00,"[0, 1, 1, 1]",76,40.9,"83 Cars, 68 Bikes, 48 Patrol",84,1800,1.055555556,50,0.182,0.010555556,0.818,0.376622222,High,1
1021,1 days 01:01:00,"[0, 0, 1, 1]",134,28.9,"12 Vans, 31 Ambulance, 24 Patrol",30,1800,1.861111111,50,0.422,0.018611111,0.578,0.211844444,Moderate,1
1022,1 days 01:02:00,"[1, 0, 1, 1]",168,47.7,"75 Cars, 13 Bikes, 97 Ambulance, 78 Trucks",90,1800,2.333333333,50,0.046,0.023333333,0.954,0.378533333,High,1
1023,1 days 01:03:00,"[0, 0, 1, 0]",117,49.1,"94 Bikes, 11 Cars, 23 Bikes, 39 Fire Extinguisher",79,1800,1.625,50,0.018,0.01625,0.982,0.3261,High,1
1024,1 days 01:04:00,"[1, 0, 0, 0]",75,48.3,"61 Trucks, 41 Trucks",42,1800,1.041666667,50,0.034,0.010416667,0.966,0.178966667,Low,1
1025,1 days 01:05:00,"[0, 0, 1, 1]",199,34.2,"81 Ambulance, 86 Vans",42,1800,2.763888889,50,0.316,0.027638889,0.684,0.242255556,Moderate,1
1026,1 days 01:06:00,"[0, 1, 1, 0]",137,45.9,"76 Bikes, 65 Patrol, 26 Bikes",53,1800,1.902777778,50,0.082,0.019027778,0.918,0.236011111,Moderate,1
1027,1 days 01:07:00,"[0, 0, 1, 0]",102,45.3,"47 Vans, 36 Ambulance, 33 Trucks",64,1800,1.416666667,50,0.094,0.014166667,0.906,0.280466667,Moderate,1
1028,1 days 01:08:00,"[0, 1, 1, 1]",197,29.6,"48 Ambulance, 99 Fire Extinguisher",80,1800,2.736111111,50,0.408,0.027361111,0.592,0.412544444,Very High,1
1029,1 days 01:09:00,"[1, 0, 0, 0]",137,44.9,"24 Cars, 19 Fire Extinguisher, 56 Patrol",33,1800,1.902777778,50,0.102,0.019027778,0.898,0.160011111,Low,1
1030,1 days 01:10:00,"[0, 0, 0, 0]",108,21.1,"27 Fire Extinguisher, 60 Bikes, 17 Vans, 88 Patrol",41,1800,1.5,50,0.578,0.015,0.422,0.2856,Moderate,1
1031,1 days 01:11:00,"[0, 1, 0, 0]",136,37.9,"30 Patrol, 67 Vans, 64 Patrol, 60 Trucks",75,1800,1.888888889,50,0.242,0.018888889,0.758,0.355955556,High,1
1032,1 days 01:12:00,"[0, 1, 0, 0]",183,26.9,"52 Patrol, 25 Ambulance, 97 Cars, 33 Cars",39,1800,2.541666667,50,0.462,0.025416667,0.538,0.258566667,Moderate,1
1033,1 days 01:13:00,"[0, 0, 0, 0]",52,23.6,"86 Vans, 80 Patrol, 14 Fire Extinguisher",85,1800,0.722222222,50,0.528,0.007222222,0.472,0.448488889,Very High,1
1034,1 days 01:14:00,"[0, 0, 0, 0]",192,22.3,"48 Bikes, 81 Patrol",80,1800,2.666666667,50,0.554,0.026666667,0.446,0.441466667,Very High,1
1035,1 days 01:15:00,"[1, 0, 1, 1]",150,40.9,"77 Ambulance, 87 Trucks",69,1800,2.083333333,50,0.182,0.020833333,0.818,0.320733333,High,1
1036,1 days 01:16:00,"[1, 1, 0, 1]",166,30.2,"37 Bikes, 70 Ambulance",69,1800,2.305555556,50,0.396,0.023055556,0.604,0.364422222,High,1
1037,1 days 01:17:00,"[0, 1, 1, 1]",73,41.7,"50 Trucks, 40 Trucks, 11 Ambulance",32,1800,1.013888889,50,0.166,0.010138889,0.834,0.165255556,Low,1
1038,1 days 01:18:00,"[0, 1, 0, 1]",126,22.0,"90 Fire Extinguisher, 75 Ambulance, 38 Vans, 82 Patrol",82,1800,1.75,50,0.56,0.0175,0.44,0.447,Very High,1
1039,1 days 01:19:00,"[0, 0, 1, 1]",139,29.5,"41 Patrol, 31 Patrol, 75 Trucks, 63 Fire Extinguisher",47,1800,1.930555556,50,0.41,0.019305556,0.59,0.277722222,Moderate,1
1040,1 days 01:20:00,"[1, 1, 0, 1]",115,36.2,"73 Patrol, 77 Vans",35,1800,1.597222222,50,0.276,0.015972222,0.724,0.201588889,Moderate,1
1041,1 days 01:21:00,"[1, 0, 0, 1]",144,43.7,"51 Bikes, 52 Bikes, 47 Trucks, 29 Bikes",35,1800,2.0,50,0.126,0.02,0.874,0.1732,Low,1
1042,1 days 01:22:00,"[1, 1, 1, 1]",58,29.6,"44 Ambulance, 28 Trucks, 86 Patrol",74,1800,0.805555556,50,0.408,0.008055556,0.592,0.380822222,High,1
1043,1 days 01:23:00,"[0, 0, 0, 0]",68,38.8,"59 Cars, 40 Trucks, 64 Ambulance",56,1800,0.944444444,50,0.224,0.009444444,0.776,0.272577778,Moderate,1
1044,1 days 01:24:00,"[0, 1, 0, 1]",133,46.6,"88 Cars, 89 Cars",41,1800,1.847222222,50,0.068,0.018472222,0.932,0.184988889,Low,1
1045,1 days 01:25:00,"[0, 0, 1, 1]",88,38.5,"10 Ambulance, 44 Bikes, 71 Cars, 17 Ambulance",34,1800,1.222222222,50,0.23,0.012222222,0.77,0.186888889,Low,1
1046,1 days 01:26:00,"[0, 0, 1, 0]",161,27.0,"65 Bikes, 80 Vans, 93 Trucks",78,1800,2.236111111,50,0.46,0.022361111,0.54,0.412944444,Very High,1
1047,1 days 01:27:00,"[1, 0, 0, 1]",99,20.7,"23 Trucks, 77 Cars, 67 Ambulance, 97 Patrol",77,1800,1.375,50,0.586,0.01375,0.414,0.4307,Very High,1
1048,1 days 01:28:00,"[0, 1, 0, 0]",99,46.1,"10 Vans, 82 Patrol",36,1800,1.375,50,0.078,0.01375,0.922,0.1651,Low,1
1049,1 days 01:29:00,"[1, 1, 0, 0]",60,20.6,"20 Bikes, 70 Cars, 51 Bikes",87,1800,0.833333333,50,0.588,0.008333333,0.412,0.468933333,Very High,1
1050,1 days 01:30:00,"[0, 1, 1, 0]",93,46.2,"63 Trucks, 80 Bikes, 60 Vans",82,1800,1.291666667,50,0.076,0.012916667,0.924,0.348366667,High,1
1051,1 days 01:31:00,"[0, 0, 0, 0]",99,35.9,"65 Trucks, 45 Bikes, 94 Ambulance, 80 Vans",76,1800,1.375,50,0.282,0.01375,0.718,0.3659,High,1
1052,1 days 01:32:00,"[1, 1, 0, 0]",160,48.2,"14 Trucks, 98 Ambulance",59,1800,2.222222222,50,0.036,0.022222222,0.964,0.252088889,Moderate,1
1053,1 days 01:33:00,"[0, 1, 0, 0]",179,44.0,"15 Vans, 45 Patrol, 31 Ambulance, 88 Ambulance",69,1800,2.486111111,50,0.12,0.024861111,0.88,0.309944444,High,1
1054,1 days 01:34:00,"[1, 1, 0, 1]",124,49.9,"46 Fire Extinguisher, 80 Patrol, 98 Bikes",52,1800,1.722222222,50,0.002,0.017222222,0.998,0.215288889,Moderate,1
1055,1 days 01:35:00,"[0, 0, 0, 0]",185,30.5,"15 Bikes, 60 Cars",73,1800,2.569444444,50,0.39,0.025694444,0.61,0.380277778,High,1
1056,1 days 01:36:00,"[0, 0, 0, 0]",151,43.0,"59 Cars, 14 Trucks, 96 Trucks",47,1800,2.097222222,50,0.14,0.020972222,0.86,0.224388889,Moderate,1
1057,1 days 01:37:00,"[0, 0, 1, 0]",160,32.1,"77 Patrol, 79 Ambulance",70,1800,2.222222222,50,0.358,0.022222222,0.642,0.360488889,High,1
1058,1 days 01:38:00,"[0, 0, 1, 0]",59,34.4,"31 Cars, 84 Trucks, 84 Cars, 93 Vans",58,1800,0.819444444,50,0.312,0.008194444,0.688,0.297677778,Moderate,1
1059,1 days 01:39:00,"[0, 1, 0, 0]",191,38.8,"38 Cars, 78 Trucks",46,1800,2.652777778,50,0.224,0.026527778,0.776,0.239411111,Moderate,1
1060,1 days 01:40:00,"[0, 0, 0, 1]",141,46.2,"30 Cars, 44 Fire Extinguisher, 80 Patrol, 94 Bikes",63,1800,1.958333333,50,0.076,0.019583333,0.924,0.275033333,Moderate,1
1061,1 days 01:41:00,"[0, 0, 1, 0]",144,49.5,"67 Trucks, 95 Cars, 85 Vans",71,1800,2.0,50,0.01,0.02,0.99,0.294,Moderate,1
1062,1 days 01:42:00,"[1, 0, 0, 1]",72,43.0,"36 Bikes, 95 Ambulance, 87 Patrol, 14 Trucks",66,1800,1.0,50,0.14,0.01,0.86,0.296,Moderate,1
1063,1 days 01:43:00,"[1, 0, 1, 1]",72,32.5,"100 Bikes, 48 Vans, 78 Bikes",63,1800,1.0,50,0.35,0.01,0.65,0.326,High,1
1064,1 days 01:44:00,"[1, 1, 0, 1]",182,32.6,"52 Cars, 28 Bikes, 68 Bikes",58,1800,2.527777778,50,0.348,0.025277778,0.652,0.311711111,High,1
1065,1 days 01:45:00,"[1, 1, 0, 1]",193,42.1,"95 Bikes, 17 Trucks",38,1800,2.680555556,50,0.158,0.026805556,0.842,0.194322222,Low,1
1066,1 days 01:46:00,"[0, 1, 1, 0]",151,27.2,"57 Bikes, 37 Trucks, 20 Fire Extinguisher",62,1800,2.097222222,50,0.456,0.020972222,0.544,0.347588889,High,1
1067,1 days 01:47:00,"[0, 1, 0, 0]",139,23.3,"91 Trucks, 37 Ambulance, 99 Bikes, 90 Cars",63,1800,1.930555556,50,0.534,0.019305556,0.466,0.366522222,High,1
1068,1 days 01:48:00,"[1, 1, 1, 0]",130,30.6,"25 Vans, 84 Ambulance",45,1800,1.805555556,50,0.388,0.018055556,0.612,0.264822222,Moderate,1
1069,1 days 01:49:00,"[1, 0, 0, 0]",107,28.6,"38 Cars, 38 Trucks",90,1800,1.486111111,50,0.428,0.014861111,0.572,0.451544444,Very High,1
1070,1 days 01:50:00,"[1, 1, 1, 0]",186,28.9,"59 Bikes, 43 Patrol",49,1800,2.583333333,50,0.422,0.025833333,0.578,0.290733333,Moderate,1
1071,1 days 01:51:00,"[1, 1, 1, 1]",99,27.0,"71 Ambulance, 28 Bikes, 77 Bikes, 17 Patrol",48,1800,1.375,50,0.46,0.01375,0.54,0.2895,Moderate,1
1072,1 days 01:52:00,"[0, 1, 0, 1]",179,21.3,"10 Trucks, 73 Bikes, 83 Trucks, 31 Vans",86,1800,2.486111111,50,0.574,0.024861111,0.426,0.468744444,Very High,1
1073,1 days 01:53:00,"[0, 1, 0, 0]",84,20.5,"28 Cars, 57 Patrol, 17 Fire Extinguisher",41,1800,1.166666667,50,0.59,0.011666667,0.41,0.286666667,Moderate,1
1074,1 days 01:54:00,"[0, 1, 0, 0]",133,49.6,"47 Ambulance, 61 Vans, 71 Ambulance, 12 Trucks",80,1800,1.847222222,50,0.008,0.018472222,0.992,0.328988889,High,1
1075,1 days 01:55:00,"[0, 1, 1, 0]",65,32.8,"65 Vans, 75 Fire Extinguisher, 81 Ambulance",60,1800,0.902777778,50,0.344,0.009027778,0.656,0.312411111,High,1
1076,1 days 01:56:00,"[0, 0, 0, 0]",95,31.5,"86 Fire Extinguisher, 38 Bikes, 94 Bikes",42,1800,1.319444444,50,0.37,0.013194444,0.63,0.247277778,Moderate,1
1077,1 days 01:57:00,"[0, 1, 1, 1]",164,40.4,"67 Bikes, 80 Vans",42,1800,2.277777778,50,0.192,0.022777778,0.808,0.215511111,Moderate,1
1078,1 days 01:58:00,"[1, 0, 0, 1]",60,26.5,"62 Cars, 58 Patrol, 72 Bikes",60,1800,0.833333333,50,0.47,0.008333333,0.53,0.337333333,High,1
1079,1 days 01:59:00,"[1, 1, 0, 0]",195,48.5,"14 Bikes, 89 Ambulance, 91 Bikes",84,1800,2.708333333,50,0.03,0.027083333,0.97,0.352833333,High,1
1080,1 days 02:00:00,"[0, 0, 0, 0]",164,43.6,"61 Bikes, 50 Trucks, 15 Bikes",73,1800,2.277777778,50,0.128,0.022777778,0.872,0.326711111,High,2
1081,1 days 02:01:00,"[0, 1, 1, 1]",75,22.7,"74 Trucks, 24 Fire Extinguisher",39,1800,1.041666667,50,0.546,0.010416667,0.454,0.269366667,Moderate,2
1082,1 days 02:02:00,"[1, 1, 1, 0]",69,32.5,"42 Vans, 20 Cars, 99 Fire Extinguisher",35,1800,0.958333333,50,0.35,0.009583333,0.65,0.213833333,Moderate,2
1083,1 days 02:03:00,"[0, 0, 1, 1]",126,46.4,"91 Trucks, 11 Cars, 86 Ambulance, 19 Cars",70,1800,1.75,50,0.072,0.0175,0.928,0.3014,High,2
1084,1 days 02:04:00,"[0, 0, 0, 0]",94,48.3,"69 Bikes, 65 Bikes",34,1800,1.305555556,50,0.034,0.013055556,0.966,0.148022222,Low,2
1085,1 days 02:05:00,"[0, 0, 0, 0]",150,34.0,"40 Bikes, 95 Cars, 16 Fire Extinguisher, 67 Cars",88,1800,2.083333333,50,0.32,0.020833333,0.68,0.424333333,Very High,2
1086,1 days 02:06:00,"[1, 0, 1, 0]",122,38.4,"31 Bikes, 55 Bikes, 62 Ambulance, 49 Bikes",74,1800,1.694444444,50,0.232,0.016944444,0.768,0.349177778,High,2
1087,1 days 02:07:00,"[0, 1, 0, 0]",133,25.0,"91 Ambulance, 91 Trucks, 46 Patrol",67,1800,1.847222222,50,0.5,0.018472222,0.5,0.375388889,High,2
1088,1 days 02:08:00,"[0, 0, 1, 0]",167,49.7,"50 Bikes, 78 Patrol, 71 Fire Extinguisher",55,1800,2.319444444,50,0.006,0.023194444,0.994,0.230477778,Moderate,2
1089,1 days 02:09:00,"[0, 0, 1, 1]",62,27.0,"34 Vans, 14 Patrol",32,1800,0.861111111,50,0.46,0.008611111,0.54,0.223444444,Moderate,2
1090,1 days 02:10:00,"[0, 1, 0, 0]",191,48.3,"23 Bikes, 29 Vans, 87 Bikes",39,1800,2.652777778,50,0.034,0.026527778,0.966,0.173411111,Low,2
1091,1 days 02:11:00,"[0, 1, 1, 0]",104,39.5,"84 Fire Extinguisher, 79 Trucks, 88 Fire Extinguisher, 99 Patrol",74,1800,1.444444444,50,0.21,0.014444444,0.79,0.343777778,High,2
1092,1 days 02:12:00,"[0, 1, 0, 1]",148,38.2,"87 Vans, 71 Fire Extinguisher, 43 Patrol",89,1800,2.055555556,50,0.236,0.020555556,0.764,0.411422222,Very High,2
1093,1 days 02:13:00,"[1, 1, 1, 1]",198,35.4,"56 Bikes, 16 Trucks, 48 Fire Extinguisher",77,1800,2.75,50,0.292,0.0275,0.708,0.3774,High,2
1094,1 days 02:14:00,"[0, 0, 0, 0]",193,26.9,"68 Fire Extinguisher, 32 Cars, 99 Bikes",78,1800,2.680555556,50,0.462,0.026805556,0.538,0.415122222,Very High,2
1095,1 days 02:15:00,"[1, 0, 0, 0]",200,25.3,"18 Cars, 76 Trucks, 25 Patrol, 86 Patrol",49,1800,2.777777778,50,0.494,0.027777778,0.506,0.305911111,High,2
1096,1 days 02:16:00,"[0, 1, 0, 0]",147,26.6,"89 Trucks, 16 Patrol",71,1800,2.041666667,50,0.468,0.020416667,0.532,0.385766667,High,2
1097,1 days 02:17:00,"[1, 1, 0, 0]",74,25.6,"12 Cars, 70 Bikes, 97 Fire Extinguisher, 29 Patrol",81,1800,1.027777778,50,0.488,0.010277778,0.512,0.425711111,Very High,2
1098,1 days 02:18:00,"[1, 1, 0, 1]",160,43.4,"30 Fire Extinguisher, 53 Patrol",80,1800,2.222222222,50,0.132,0.022222222,0.868,0.355288889,High,2
1099,1 days 02:19:00,"[1, 1, 0, 0]",173,30.5,"24 Fire Extinguisher, 41 Cars",54,1800,2.402777778,50,0.39,0.024027778,0.61,0.303611111,High,2
1100,1 days 02:20:00,"[0, 0, 0, 1]",53,21.7,"25 Ambulance, 81 Vans, 88 Ambulance",48,1800,0.736111111,50,0.566,0.007361111,0.434,0.308144444,High,2
1101,1 days 02:21:00,"[1, 0, 0, 0]",141,49.1,"64 Fire Extinguisher, 68 Fire Extinguisher, 58 Bikes",49,1800,1.958333333,50,0.018,0.019583333,0.982,0.207433333,Moderate,2
1102,1 days 02:22:00,"[0, 0, 1, 0]",197,46.5,"84 Trucks, 95 Ambulance",62,1800,2.736111111,50,0.07,0.027361111,0.93,0.272944444,Moderate,2
1103,1 days 02:23:00,"[1, 0, 1, 0]",60,47.8,"41 Cars, 95 Ambulance, 16 Trucks",42,1800,0.833333333,50,0.044,0.008333333,0.956,0.180133333,Low,2
1104,1 days 02:24:00,"[1, 0, 1, 0]",52,49.8,"50 Vans, 80 Ambulance",30,1800,0.722222222,50,0.004,0.007222222,0.996,0.123688889,Low,2
1105,1 days 02:25:00,"[0, 0, 1, 0]",192,25.2,"98 Cars, 92 Trucks, 71 Fire Extinguisher, 87 Vans",48,1800,2.666666667,50,0.496,0.026666667,0.504,0.301866667,High,2
1106,1 days 02:26:00,"[0, 1, 1, 0]",59,31.9,"39 Fire Extinguisher, 29 Patrol, 55 Cars",86,1800,0.819444444,50,0.362,0.008194444,0.638,0.419677778,Very High,2
1107,1 days 02:27:00,"[1, 0, 0, 0]",155,42.7,"86 Vans, 22 Bikes",81,1800,2.152777778,50,0.146,0.021527778,0.854,0.361811111,High,2
1108,1 days 02:28:00,"[0, 1, 1, 1]",122,40.9,"44 Ambulance, 88 Trucks, 28 Trucks, 23 Bikes",78,1800,1.694444444,50,0.182,0.016944444,0.818,0.355177778,High,2
1109,1 days 02:29:00,"[1, 0, 0, 0]",129,24.6,"56 Fire Extinguisher, 39 Fire Extinguisher, 31 Cars, 42 Bikes",48,1800,1.791666667,50,0.508,0.017916667,0.492,0.300766667,High,2
1110,1 days 02:30:00,"[0, 1, 1, 1]",76,44.5,"43 Trucks, 35 Vans, 98 Vans",55,1800,1.055555556,50,0.11,0.010555556,0.89,0.246222222,Moderate,2
1111,1 days 02:31:00,"[0, 0, 1, 1]",82,26.7,"32 Patrol, 34 Bikes, 82 Fire Extinguisher",52,1800,1.138888889,50,0.466,0.011388889,0.534,0.305755556,High,2
1112,1 days 02:32:00,"[1, 0, 0, 0]",135,26.7,"79 Trucks, 31 Trucks, 70 Trucks",39,1800,1.875,50,0.466,0.01875,0.534,0.2567,Moderate,2
1113,1 days 02:33:00,"[0, 1, 0, 1]",85,36.1,"62 Patrol, 13 Fire Extinguisher",86,1800,1.180555556,50,0.278,0.011805556,0.722,0.404322222,Very High,2
1114,1 days 02:34:00,"[1, 1, 0, 0]",76,37.8,"63 Fire Extinguisher, 21 Ambulance",47,1800,1.055555556,50,0.244,0.010555556,0.756,0.241022222,Moderate,2
1115,1 days 02:35:00,"[1, 1, 1, 0]",172,37.4,"61 Fire Extinguisher, 71 Vans, 35 Vans, 96 Ambulance",57,1800,2.388888889,50,0.252,0.023888889,0.748,0.287955556,Moderate,2
1116,1 days 02:36:00,"[0, 0, 0, 0]",197,22.7,"66 Cars, 22 Trucks, 54 Fire Extinguisher",86,1800,2.736111111,50,0.546,0.027361111,0.454,0.464144444,Very High,2
1117,1 days 02:37:00,"[1, 0, 1, 1]",69,46.3,"21 Vans, 71 Fire Extinguisher, 21 Trucks",50,1800,0.958333333,50,0.074,0.009583333,0.926,0.218633333,Moderate,2
1118,1 days 02:38:00,"[1, 0, 1, 1]",188,28.0,"14 Cars, 26 Ambulance, 61 Patrol, 73 Patrol",34,1800,2.611111111,50,0.44,0.026111111,0.56,0.234444444,Moderate,2
1119,1 days 02:39:00,"[0, 0, 0, 0]",165,23.9,"85 Vans, 70 Cars, 70 Ambulance, 75 Bikes",51,1800,2.291666667,50,0.522,0.022916667,0.478,0.317566667,High,2
1120,1 days 02:40:00,"[1, 1, 1, 1]",138,46.7,"58 Trucks, 14 Cars, 91 Vans",62,1800,1.916666667,50,0.066,0.019166667,0.934,0.268866667,Moderate,2
1121,1 days 02:41:00,"[0, 1, 1, 0]",55,48.7,"59 Trucks, 78 Ambulance, 98 Fire Extinguisher",70,1800,0.763888889,50,0.026,0.007638889,0.974,0.288255556,Moderate,2
1122,1 days 02:42:00,"[0, 1, 1, 1]",95,45.9,"37 Trucks, 43 Ambulance, 23 Fire Extinguisher, 44 Cars",77,1800,1.319444444,50,0.082,0.013194444,0.918,0.329677778,High,2
1123,1 days 02:43:00,"[1, 1, 1, 1]",53,44.3,"20 Vans, 96 Bikes, 14 Fire Extinguisher, 46 Vans",87,1800,0.736111111,50,0.114,0.007361111,0.886,0.373744444,High,2
1124,1 days 02:44:00,"[0, 1, 1, 1]",191,39.7,"59 Trucks, 98 Bikes",67,1800,2.652777778,50,0.206,0.026527778,0.794,0.319811111,High,2
1125,1 days 02:45:00,"[1, 1, 0, 0]",61,36.5,"54 Cars, 54 Patrol",56,1800,0.847222222,50,0.27,0.008472222,0.73,0.281388889,Moderate,2
1126,1 days 02:46:00,"[0, 0, 0, 0]",139,22.6,"80 Patrol, 76 Fire Extinguisher",51,1800,1.930555556,50,0.548,0.019305556,0.452,0.321322222,High,2
1127,1 days 02:47:00,"[0, 1, 1, 1]",131,32.3,"64 Trucks, 45 Ambulance, 52 Patrol, 94 Ambulance",47,1800,1.819444444,50,0.354,0.018194444,0.646,0.266077778,Moderate,2
1128,1 days 02:48:00,"[0, 1, 1, 1]",163,31.2,"27 Patrol, 36 Trucks, 35 Trucks, 41 Trucks",33,1800,2.263888889,50,0.376,0.022638889,0.624,0.216255556,Moderate,2
1129,1 days 02:49:00,"[0, 1, 1, 1]",52,27.8,"20 Trucks, 54 Bikes, 32 Ambulance, 64 Trucks",37,1800,0.722222222,50,0.444,0.007222222,0.556,0.239688889,Moderate,2
1130,1 days 02:50:00,"[0, 1, 0, 0]",93,41.7,"65 Trucks, 74 Ambulance",50,1800,1.291666667,50,0.166,0.012916667,0.834,0.238366667,Moderate,2
1131,1 days 02:51:00,"[1, 1, 1, 0]",89,34.9,"100 Fire Extinguisher, 93 Fire Extinguisher",54,1800,1.236111111,50,0.302,0.012361111,0.698,0.281344444,Moderate,2
1132,1 days 02:52:00,"[1, 0, 0, 0]",56,22.4,"44 Patrol, 64 Patrol, 52 Vans, 42 Trucks",37,1800,0.777777778,50,0.552,0.007777778,0.448,0.261511111,Moderate,2
1133,1 days 02:53:00,"[1, 1, 1, 1]",74,26.6,"55 Trucks, 24 Ambulance, 67 Cars, 13 Trucks",62,1800,1.027777778,50,0.468,0.010277778,0.532,0.345711111,High,2
1134,1 days 02:54:00,"[0, 0, 1, 0]",117,40.5,"87 Ambulance, 54 Bikes, 35 Vans, 62 Cars",64,1800,1.625,50,0.19,0.01625,0.81,0.3005,High,2
1135,1 days 02:55:00,"[0, 1, 1, 1]",121,22.3,"27 Cars, 73 Ambulance",61,1800,1.680555556,50,0.554,0.016805556,0.446,0.361522222,High,2
1136,1 days 02:56:00,"[0, 0, 0, 0]",149,45.5,"79 Trucks, 62 Fire Extinguisher, 90 Fire Extinguisher",60,1800,2.069444444,50,0.09,0.020694444,0.91,0.266277778,Moderate,2
1137,1 days 02:57:00,"[0, 0, 0, 0]",51,34.9,"89 Bikes, 22 Cars, 18 Bikes",34,1800,0.708333333,50,0.302,0.007083333,0.698,0.199233333,Low,2
1138,1 days 02:58:00,"[1, 1, 0, 1]",123,34.4,"66 Fire Extinguisher, 44 Ambulance, 42 Trucks",72,1800,1.708333333,50,0.312,0.017083333,0.688,0.357233333,High,2
1139,1 days 02:59:00,"[1, 1, 0, 0]",80,37.8,"30 Bikes, 56 Cars, 44 Bikes",30,1800,1.111111111,50,0.244,0.011111111,0.756,0.173244444,Low,2
1140,1 days 03:00:00,"[0, 1, 0, 0]",99,44.7,"37 Cars, 11 Vans, 51 Patrol",72,1800,1.375,50,0.106,0.01375,0.894,0.3147,High,3
1141,1 days 03:01:00,"[1, 0, 0, 1]",183,30.4,"54 Vans, 78 Patrol",83,1800,2.541666667,50,0.392,0.025416667,0.608,0.420566667,Very High,3
1142,1 days 03:02:00,"[0, 0, 1, 1]",64,40.3,"25 Fire Extinguisher, 71 Cars",84,1800,0.888888889,50,0.194,0.008888889,0.806,0.378355556,High,3
1143,1 days 03:03:00,"[0, 0, 1, 0]",89,37.0,"88 Trucks, 65 Vans, 49 Trucks",42,1800,1.236111111,50,0.26,0.012361111,0.74,0.224944444,Moderate,3
1144,1 days 03:04:00,"[1, 0, 0, 1]",127,28.0,"47 Patrol, 41 Ambulance, 25 Cars, 81 Bikes",71,1800,1.763888889,50,0.44,0.017638889,0.56,0.379055556,High,3
1145,1 days 03:05:00,"[0, 0, 0, 0]",109,46.4,"71 Patrol, 61 Vans",74,1800,1.513888889,50,0.072,0.015138889,0.928,0.316455556,High,3
1146,1 days 03:06:00,"[1, 0, 0, 1]",75,43.9,"31 Bikes, 33 Cars, 16 Vans, 100 Bikes",65,1800,1.041666667,50,0.122,0.010416667,0.878,0.288566667,Moderate,3
1147,1 days 03:07:00,"[1, 0, 0, 1]",84,39.8,"93 Cars, 82 Bikes",45,1800,1.166666667,50,0.204,0.011666667,0.796,0.225466667,Moderate,3
1148,1 days 03:08:00,"[1, 1, 0, 1]",168,45.5,"61 Bikes, 32 Bikes, 39 Patrol, 94 Patrol",56,1800,2.333333333,50,0.09,0.023333333,0.91,0.251333333,Moderate,3
1149,1 days 03:09:00,"[0, 1, 1, 0]",121,46.0,"32 Vans, 62 Trucks, 85 Bikes, 94 Bikes",50,1800,1.680555556,50,0.08,0.016805556,0.92,0.222722222,Moderate,3
1150,1 days 03:10:00,"[0, 0, 0, 0]",189,41.3,"94 Cars, 40 Patrol, 74 Bikes",70,1800,2.625,50,0.174,0.02625,0.826,0.3253,High,3
1151,1 days 03:11:00,"[1, 1, 0, 1]",118,45.1,"88 Fire Extinguisher, 76 Fire Extinguisher",63,1800,1.638888889,50,0.098,0.016388889,0.902,0.278155556,Moderate,3
1152,1 days 03:12:00,"[0, 1, 0, 1]",113,40.9,"93 Fire Extinguisher, 87 Fire Extinguisher",66,1800,1.569444444,50,0.182,0.015694444,0.818,0.306677778,High,3
1153,1 days 03:13:00,"[0, 1, 0, 1]",90,40.4,"96 Ambulance, 61 Vans",48,1800,1.25,50,0.192,0.0125,0.808,0.2354,Moderate,3
1154,1 days 03:14:00,"[1, 0, 1, 0]",200,38.6,"66 Fire Extinguisher, 11 Trucks, 30 Ambulance",37,1800,2.777777778,50,0.228,0.027777778,0.772,0.204711111,Moderate,3
1155,1 days 03:15:00,"[1, 0, 0, 0]",199,42.6,"86 Vans, 68 Bikes",35,1800,2.763888889,50,0.148,0.027638889,0.852,0.180655556,Low,3
1156,1 days 03:16:00,"[1, 0, 0, 1]",148,24.8,"58 Cars, 50 Ambulance",73,1800,2.055555556,50,0.504,0.020555556,0.496,0.401022222,Very High,3
1157,1 days 03:17:00,"[0, 0, 1, 0]",77,46.4,"61 Ambulance, 64 Bikes, 13 Trucks, 35 Trucks",70,1800,1.069444444,50,0.072,0.010694444,0.928,0.298677778,Moderate,3
1158,1 days 03:18:00,"[1, 1, 1, 1]",175,46.2,"20 Vans, 23 Vans, 49 Vans",35,1800,2.430555556,50,0.076,0.024305556,0.924,0.164922222,Low,3
1159,1 days 03:19:00,"[1, 0, 1, 0]",136,20.9,"91 Vans, 88 Vans",65,1800,1.888888889,50,0.582,0.018888889,0.418,0.383955556,High,3
1160,1 days 03:20:00,"[0, 0, 0, 0]",68,44.8,"76 Patrol, 99 Vans, 30 Ambulance",72,1800,0.944444444,50,0.104,0.009444444,0.896,0.312577778,High,3
1161,1 days 03:21:00,"[0, 1, 1, 1]",126,23.9,"41 Cars, 60 Bikes",30,1800,1.75,50,0.522,0.0175,0.478,0.2314,Moderate,3
1162,1 days 03:22:00,"[1, 1, 0, 1]",180,30.1,"69 Fire Extinguisher, 99 Cars, 88 Bikes, 81 Fire Extinguisher",72,1800,2.5,50,0.398,0.025,0.602,0.3776,High,3
1163,1 days 03:23:00,"[0, 1, 0, 1]",161,42.3,"19 Ambulance, 10 Fire Extinguisher, 27 Fire Extinguisher",39,1800,2.236111111,50,0.154,0.022361111,0.846,0.195744444,Low,3
1164,1 days 03:24:00,"[0, 1, 0, 1]",51,24.8,"96 Patrol, 16 Patrol",31,1800,0.708333333,50,0.504,0.007083333,0.496,0.227633333,Moderate,3
1165,1 days 03:25:00,"[1, 0, 1, 1]",116,44.5,"91 Trucks, 61 Patrol, 77 Bikes",60,1800,1.611111111,50,0.11,0.016111111,0.89,0.268444444,Moderate,3
1166,1 days 03:26:00,"[1, 1, 1, 1]",129,45.0,"80 Fire Extinguisher, 67 Fire Extinguisher, 14 Vans, 90 Vans",40,1800,1.791666667,50,0.1,0.017916667,0.9,0.187166667,Low,3
1167,1 days 03:27:00,"[0, 0, 1, 0]",128,35.2,"60 Cars, 23 Fire Extinguisher, 37 Cars",72,1800,1.777777778,50,0.296,0.017777778,0.704,0.354311111,High,3
1168,1 days 03:28:00,"[1, 0, 0, 1]",140,20.2,"63 Patrol, 19 Bikes",88,1800,1.944444444,50,0.596,0.019444444,0.404,0.478977778,Very High,3
1169,1 days 03:29:00,"[1, 1, 1, 1]",86,28.6,"76 Ambulance, 35 Fire Extinguisher",53,1800,1.194444444,50,0.428,0.011944444,0.572,0.302377778,High,3
1170,1 days 03:30:00,"[1, 0, 0, 1]",170,38.5,"35 Fire Extinguisher, 50 Patrol",38,1800,2.361111111,50,0.23,0.023611111,0.77,0.207444444,Moderate,3
1171,1 days 03:31:00,"[1, 0, 0, 1]",70,49.4,"48 Patrol, 49 Ambulance, 37 Vans",71,1800,0.972222222,50,0.012,0.009722222,0.988,0.290288889,Moderate,3
1172,1 days 03:32:00,"[1, 0, 1, 0]",139,39.0,"26 Cars, 24 Ambulance, 45 Fire Extinguisher, 91 Cars",71,1800,1.930555556,50,0.22,0.019305556,0.78,0.335722222,High,3
1173,1 days 03:33:00,"[0, 0, 1, 1]",88,27.8,"58 Cars, 24 Ambulance",57,1800,1.222222222,50,0.444,0.012222222,0.556,0.321688889,High,3
1174,1 days 03:34:00,"[1, 0, 1, 1]",60,39.0,"63 Ambulance, 39 Trucks, 16 Cars",65,1800,0.833333333,50,0.22,0.008333333,0.78,0.307333333,High,3
1175,1 days 03:35:00,"[1, 1, 1, 0]",127,36.2,"38 Ambulance, 63 Patrol, 10 Trucks, 60 Vans",44,1800,1.763888889,50,0.276,0.017638889,0.724,0.238255556,Moderate,3
1176,1 days 03:36:00,"[0, 1, 1, 0]",74,43.4,"93 Trucks, 47 Cars, 94 Vans, 35 Vans",53,1800,1.027777778,50,0.132,0.010277778,0.868,0.242511111,Moderate,3
1177,1 days 03:37:00,"[1, 1, 1, 0]",181,23.2,"91 Patrol, 43 Fire Extinguisher, 58 Trucks",68,1800,2.513888889,50,0.536,0.025138889,0.464,0.389255556,High,3
1178,1 days 03:38:00,"[1, 0, 0, 0]",84,42.8,"24 Cars, 59 Vans",30,1800,1.166666667,50,0.144,0.011666667,0.856,0.153466667,Low,3
1179,1 days 03:39:00,"[1, 1, 1, 1]",173,36.2,"26 Trucks, 31 Vans, 49 Cars, 77 Vans",85,1800,2.402777778,50,0.276,0.024027778,0.724,0.404811111,Very High,3
1180,1 days 03:40:00,"[0, 1, 0, 0]",61,48.9,"39 Vans, 40 Ambulance, 72 Fire Extinguisher",37,1800,0.847222222,50,0.022,0.008472222,0.978,0.155788889,Low,3
1181,1 days 03:41:00,"[1, 1, 0, 1]",118,30.3,"99 Cars, 46 Cars, 40 Patrol, 34 Cars",55,1800,1.638888889,50,0.394,0.016388889,0.606,0.305355556,High,3
1182,1 days 03:42:00,"[1, 1, 0, 1]",118,39.0,"90 Patrol, 15 Fire Extinguisher, 86 Vans, 48 Trucks",34,1800,1.638888889,50,0.22,0.016388889,0.78,0.186555556,Low,3
1183,1 days 03:43:00,"[1, 0, 0, 1]",81,48.0,"35 Vans, 16 Trucks",83,1800,1.125,50,0.04,0.01125,0.96,0.3445,High,3
1184,1 days 03:44:00,"[1, 1, 0, 0]",51,23.1,"45 Bikes, 12 Cars",35,1800,0.708333333,50,0.538,0.007083333,0.462,0.250433333,Moderate,3
1185,1 days 03:45:00,"[1, 0, 1, 1]",104,48.1,"89 Cars, 51 Cars, 78 Ambulance",66,1800,1.444444444,50,0.038,0.014444444,0.962,0.277377778,Moderate,3
1186,1 days 03:46:00,"[0, 0, 0, 0]",81,40.6,"28 Bikes, 67 Bikes",57,1800,1.125,50,0.188,0.01125,0.812,0.2701,Moderate,3
1187,1 days 03:47:00,"[0, 1, 0, 1]",137,22.0,"69 Bikes, 18 Patrol",72,1800,1.902777778,50,0.56,0.019027778,0.44,0.407611111,Very High,3
1188,1 days 03:48:00,"[0, 0, 1, 1]",143,29.0,"33 Bikes, 89 Trucks, 22 Vans, 17 Fire Extinguisher",72,1800,1.986111111,50,0.42,0.019861111,0.58,0.379944444,High,3
1189,1 days 03:49:00,"[1, 0, 1, 0]",167,41.2,"12 Patrol, 73 Fire Extinguisher",87,1800,2.319444444,50,0.176,0.023194444,0.824,0.392477778,High,3
1190,1 days 03:50:00,"[1, 1, 1, 0]",153,22.0,"49 Trucks, 14 Patrol",69,1800,2.125,50,0.56,0.02125,0.44,0.3965,High,3
1191,1 days 03:51:00,"[0, 1, 1, 1]",110,37.5,"44 Fire Extinguisher, 93 Vans",76,1800,1.527777778,50,0.25,0.015277778,0.75,0.360111111,High,3
1192,1 days 03:52:00,"[1, 0, 1, 1]",103,30.4,"12 Bikes, 45 Vans, 71 Vans",45,1800,1.430555556,50,0.392,0.014305556,0.608,0.264122222,Moderate,3
1193,1 days 03:53:00,"[0, 0, 1, 0]",144,38.6,"32 Bikes, 17 Patrol, 19 Trucks",34,1800,2.0,50,0.228,0.02,0.772,0.1896,Low,3
1194,1 days 03:54:00,"[1, 1, 0, 1]",52,21.4,"73 Ambulance, 82 Bikes, 76 Trucks, 91 Fire Extinguisher",40,1800,0.722222222,50,0.572,0.007222222,0.428,0.277288889,Moderate,3
1195,1 days 03:55:00,"[0, 1, 0, 0]",85,46.1,"35 Vans, 67 Bikes, 81 Fire Extinguisher",90,1800,1.180555556,50,0.078,0.011805556,0.922,0.380322222,High,3
1196,1 days 03:56:00,"[0, 0, 0, 0]",147,49.2,"48 Bikes, 62 Vans, 52 Trucks, 37 Cars",31,1800,2.041666667,50,0.016,0.020416667,0.984,0.135366667,Low,3
1197,1 days 03:57:00,"[0, 1, 1, 0]",131,49.1,"59 Trucks, 56 Fire Extinguisher, 15 Fire Extinguisher",43,1800,1.819444444,50,0.018,0.018194444,0.982,0.182877778,Low,3
1198,1 days 03:58:00,"[1, 1, 1, 0]",97,42.5,"73 Trucks, 99 Fire Extinguisher",70,1800,1.347222222,50,0.15,0.013472222,0.85,0.315388889,High,3
1199,1 days 03:59:00,"[0, 1, 0, 1]",122,23.9,"50 Patrol, 67 Patrol, 69 Fire Extinguisher",48,1800,1.694444444,50,0.522,0.016944444,0.478,0.303177778,High,3
1200,1 days 04:00:00,"[0, 0, 0, 0]",154,42.7,"78 Fire Extinguisher, 30 Vans, 80 Cars, 65 Fire Extinguisher",60,1800,2.138888889,50,0.146,0.021388889,0.854,0.277755556,Moderate,4
1201,1 days 04:01:00,"[1, 0, 0, 1]",144,20.7,"86 Vans, 37 Bikes, 58 Trucks",74,1800,2.0,50,0.586,0.02,0.414,0.4212,Very High,4
1202,1 days 04:02:00,"[1, 1, 1, 0]",74,20.7,"89 Fire Extinguisher, 46 Patrol, 79 Bikes, 100 Bikes",59,1800,1.027777778,50,0.586,0.010277778,0.414,0.357311111,High,4
1203,1 days 04:03:00,"[1, 1, 1, 1]",103,29.7,"37 Bikes, 45 Patrol",40,1800,1.430555556,50,0.406,0.014305556,0.594,0.246922222,Moderate,4
1204,1 days 04:04:00,"[0, 1, 0, 0]",55,34.7,"76 Patrol, 98 Bikes, 51 Bikes, 30 Ambulance",80,1800,0.763888889,50,0.306,0.007638889,0.694,0.384255556,High,4
1205,1 days 04:05:00,"[1, 1, 0, 0]",171,43.1,"17 Cars, 43 Trucks, 56 Cars",43,1800,2.375,50,0.138,0.02375,0.862,0.2091,Moderate,4
1206,1 days 04:06:00,"[0, 1, 0, 1]",170,40.5,"27 Vans, 95 Patrol, 30 Fire Extinguisher, 93 Patrol",54,1800,2.361111111,50,0.19,0.023611111,0.81,0.263444444,Moderate,4
1207,1 days 04:07:00,"[1, 1, 1, 1]",120,33.4,"90 Patrol, 30 Bikes",71,1800,1.666666667,50,0.332,0.016666667,0.668,0.357066667,High,4
1208,1 days 04:08:00,"[0, 0, 1, 0]",191,28.2,"77 Fire Extinguisher, 38 Patrol, 41 Trucks, 99 Vans",86,1800,2.652777778,50,0.436,0.026527778,0.564,0.441811111,Very High,4
1209,1 days 04:09:00,"[0, 1, 0, 1]",63,49.9,"100 Fire Extinguisher, 55 Fire Extinguisher, 60 Fire Extinguisher",51,1800,0.875,50,0.002,0.00875,0.998,0.2079,Moderate,4
1210,1 days 04:10:00,"[0, 1, 0, 0]",122,32.8,"33 Ambulance, 66 Cars",84,1800,1.694444444,50,0.344,0.016944444,0.656,0.411577778,Very High,4
1211,1 days 04:11:00,"[1, 0, 0, 1]",109,33.5,"50 Cars, 30 Trucks, 66 Fire Extinguisher",67,1800,1.513888889,50,0.33,0.015138889,0.67,0.340055556,High,4
1212,1 days 04:12:00,"[0, 1, 1, 0]",164,24.9,"93 Patrol, 74 Ambulance, 85 Patrol, 61 Trucks",65,1800,2.277777778,50,0.502,0.022777778,0.498,0.369511111,High,4
1213,1 days 04:13:00,"[1, 0, 0, 0]",182,43.8,"36 Ambulance, 87 Trucks, 20 Bikes",51,1800,2.527777778,50,0.124,0.025277778,0.876,0.238911111,Moderate,4
1214,1 days 04:14:00,"[0, 0, 0, 0]",84,40.8,"42 Ambulance, 98 Bikes, 95 Ambulance",33,1800,1.166666667,50,0.184,0.011666667,0.816,0.173466667,Low,4
1215,1 days 04:15:00,"[0, 1, 1, 1]",108,26.6,"93 Trucks, 49 Vans",39,1800,1.5,50,0.468,0.015,0.532,0.2556,Moderate,4
1216,1 days 04:16:00,"[1, 1, 0, 0]",84,22.5,"14 Ambulance, 82 Trucks",81,1800,1.166666667,50,0.55,0.011666667,0.45,0.438666667,Very High,4
1217,1 days 04:17:00,"[0, 0, 0, 1]",97,40.4,"46 Vans, 15 Patrol, 23 Cars",82,1800,1.347222222,50,0.192,0.013472222,0.808,0.371788889,High,4
1218,1 days 04:18:00,"[0, 0, 1, 0]",136,39.6,"66 Bikes, 76 Vans, 30 Cars",88,1800,1.888888889,50,0.208,0.018888889,0.792,0.401155556,Very High,4
1219,1 days 04:19:00,"[1, 0, 1, 0]",154,28.2,"26 Cars, 51 Patrol, 99 Ambulance, 68 Cars",32,1800,2.138888889,50,0.436,0.021388889,0.564,0.223755556,Moderate,4
1220,1 days 04:20:00,"[1, 1, 0, 1]",139,48.5,"59 Bikes, 74 Fire Extinguisher, 13 Trucks",77,1800,1.930555556,50,0.03,0.019305556,0.97,0.321722222,High,4
1221,1 days 04:21:00,"[0, 1, 1, 1]",65,24.5,"87 Bikes, 51 Vans, 87 Cars",44,1800,0.902777778,50,0.51,0.009027778,0.49,0.281611111,Moderate,4
1222,1 days 04:22:00,"[0, 1, 1, 1]",66,33.0,"66 Cars, 71 Trucks, 29 Fire Extinguisher",31,1800,0.916666667,50,0.34,0.009166667,0.66,0.195666667,Low,4
1223,1 days 04:23:00,"[0, 0, 1, 0]",175,48.3,"49 Patrol, 66 Fire Extinguisher",32,1800,2.430555556,50,0.034,0.024305556,0.966,0.144522222,Low,4
1224,1 days 04:24:00,"[1, 1, 1, 1]",76,32.6,"63 Ambulance, 11 Cars",38,1800,1.055555556,50,0.348,0.010555556,0.652,0.225822222,Moderate,4
1225,1 days 04:25:00,"[0, 0, 1, 0]",170,39.2,"60 Patrol, 10 Cars, 36 Vans, 27 Ambulance",76,1800,2.361111111,50,0.216,0.023611111,0.784,0.356644444,High,4
1226,1 days 04:26:00,"[1, 1, 0, 0]",73,31.9,"35 Cars, 37 Vans, 88 Vans, 26 Ambulance",71,1800,1.013888889,50,0.362,0.010138889,0.638,0.360455556,High,4
1227,1 days 04:27:00,"[0, 0, 0, 0]",58,28.2,"57 Ambulance, 15 Cars, 45 Cars, 73 Vans",33,1800,0.805555556,50,0.436,0.008055556,0.564,0.222422222,Moderate,4
1228,1 days 04:28:00,"[0, 0, 1, 0]",69,49.5,"78 Fire Extinguisher, 80 Bikes, 85 Vans, 61 Patrol",37,1800,0.958333333,50,0.01,0.009583333,0.99,0.153833333,Low,4
1229,1 days 04:29:00,"[1, 0, 1, 0]",55,32.3,"24 Ambulance, 69 Bikes, 38 Fire Extinguisher",66,1800,0.763888889,50,0.354,0.007638889,0.646,0.337855556,High,4
1230,1 days 04:30:00,"[0, 1, 0, 1]",161,46.8,"31 Cars, 66 Trucks",44,1800,2.236111111,50,0.064,0.022361111,0.936,0.197744444,Low,4
1231,1 days 04:31:00,"[1, 0, 1, 1]",175,26.9,"77 Trucks, 22 Cars, 73 Ambulance",86,1800,2.430555556,50,0.462,0.024305556,0.538,0.446122222,Very High,4
1232,1 days 04:32:00,"[0, 0, 1, 0]",144,26.4,"45 Trucks, 34 Trucks",55,1800,2.0,50,0.472,0.02,0.528,0.3224,High,4
1233,1 days 04:33:00,"[1, 1, 0, 0]",154,20.9,"28 Ambulance, 75 Cars",35,1800,2.138888889,50,0.582,0.021388889,0.418,0.264955556,Moderate,4
1234,1 days 04:34:00,"[0, 1, 1, 1]",171,39.6,"98 Patrol, 44 Cars",65,1800,2.375,50,0.208,0.02375,0.792,0.3111,High,4
1235,1 days 04:35:00,"[0, 0, 0, 1]",121,31.1,"86 Ambulance, 95 Ambulance, 83 Ambulance, 62 Vans",38,1800,1.680555556,50,0.378,0.016805556,0.622,0.234322222,Moderate,4
1236,1 days 04:36:00,"[1, 1, 0, 0]",57,45.9,"34 Bikes, 51 Bikes",80,1800,0.791666667,50,0.082,0.007916667,0.918,0.339566667,High,4
1237,1 days 04:37:00,"[1, 0, 1, 1]",194,34.2,"73 Cars, 77 Ambulance, 16 Ambulance",31,1800,2.694444444,50,0.316,0.026944444,0.684,0.197977778,Low,4
1238,1 days 04:38:00,"[1, 1, 0, 0]",63,49.0,"38 Fire Extinguisher, 85 Fire Extinguisher",67,1800,0.875,50,0.02,0.00875,0.98,0.2755,Moderate,4
1239,1 days 04:39:00,"[0, 1, 1, 0]",73,25.6,"47 Patrol, 94 Cars",63,1800,1.013888889,50,0.488,0.010138889,0.512,0.353655556,High,4
1240,1 days 04:40:00,"[0, 1, 1, 0]",103,46.1,"66 Ambulance, 83 Cars, 11 Cars",47,1800,1.430555556,50,0.078,0.014305556,0.922,0.209322222,Moderate,4
1241,1 days 04:41:00,"[1, 0, 0, 1]",113,43.3,"34 Vans, 53 Cars",37,1800,1.569444444,50,0.134,0.015694444,0.866,0.181077778,Low,4
1242,1 days 04:42:00,"[1, 1, 0, 0]",144,43.1,"13 Trucks, 92 Patrol, 34 Trucks",50,1800,2.0,50,0.138,0.02,0.862,0.2356,Moderate,4
1243,1 days 04:43:00,"[1, 1, 0, 0]",90,45.3,"87 Fire Extinguisher, 52 Fire Extinguisher, 99 Vans",64,1800,1.25,50,0.094,0.0125,0.906,0.2798,Moderate,4
1244,1 days 04:44:00,"[0, 0, 1, 0]",146,42.8,"16 Ambulance, 77 Bikes, 56 Ambulance, 74 Vans",53,1800,2.027777778,50,0.144,0.020277778,0.856,0.248911111,Moderate,4
1245,1 days 04:45:00,"[0, 0, 1, 1]",112,38.8,"14 Fire Extinguisher, 46 Fire Extinguisher",40,1800,1.555555556,50,0.224,0.015555556,0.776,0.211022222,Moderate,4
1246,1 days 04:46:00,"[1, 0, 0, 0]",170,23.9,"61 Patrol, 32 Fire Extinguisher, 29 Vans",86,1800,2.361111111,50,0.522,0.023611111,0.478,0.457844444,Very High,4
1247,1 days 04:47:00,"[0, 1, 0, 0]",175,21.0,"37 Cars, 17 Patrol",34,1800,2.430555556,50,0.58,0.024305556,0.42,0.261722222,Moderate,4
1248,1 days 04:48:00,"[1, 1, 0, 1]",92,47.6,"90 Bikes, 20 Ambulance, 23 Ambulance",41,1800,1.277777778,50,0.048,0.012777778,0.952,0.178711111,Low,4
1249,1 days 04:49:00,"[1, 0, 1, 0]",119,38.5,"12 Ambulance, 17 Patrol, 15 Bikes, 19 Ambulance",73,1800,1.652777778,50,0.23,0.016527778,0.77,0.344611111,High,4
1250,1 days 04:50:00,"[1, 1, 1, 0]",181,43.9,"96 Vans, 43 Vans",60,1800,2.513888889,50,0.122,0.025138889,0.878,0.274455556,Moderate,4
1251,1 days 04:51:00,"[1, 0, 1, 1]",112,34.4,"53 Trucks, 20 Bikes, 13 Vans",36,1800,1.555555556,50,0.312,0.015555556,0.688,0.212622222,Moderate,4
1252,1 days 04:52:00,"[0, 1, 0, 1]",113,23.5,"76 Fire Extinguisher, 92 Fire Extinguisher, 79 Fire Extinguisher, 19 Vans",61,1800,1.569444444,50,0.53,0.015694444,0.47,0.356277778,High,4
1253,1 days 04:53:00,"[0, 1, 0, 1]",102,23.8,"75 Bikes, 75 Ambulance",65,1800,1.416666667,50,0.524,0.014166667,0.476,0.370466667,High,4
1254,1 days 04:54:00,"[1, 0, 1, 1]",110,40.6,"84 Ambulance, 93 Patrol",32,1800,1.527777778,50,0.188,0.015277778,0.812,0.171711111,Low,4
1255,1 days 04:55:00,"[0, 1, 1, 0]",166,32.9,"37 Vans, 77 Cars, 77 Ambulance, 59 Patrol",90,1800,2.305555556,50,0.342,0.023055556,0.658,0.437622222,Very High,4
1256,1 days 04:56:00,"[1, 1, 1, 1]",160,26.0,"52 Trucks, 11 Cars, 49 Trucks, 72 Vans",34,1800,2.222222222,50,0.48,0.022222222,0.52,0.240888889,Moderate,4
1257,1 days 04:57:00,"[0, 0, 1, 1]",123,34.7,"22 Bikes, 84 Bikes",40,1800,1.708333333,50,0.306,0.017083333,0.694,0.228033333,Moderate,4
1258,1 days 04:58:00,"[0, 1, 1, 0]",117,21.9,"82 Vans, 18 Ambulance",38,1800,1.625,50,0.562,0.01625,0.438,0.2709,Moderate,4
1259,1 days 04:59:00,"[0, 1, 1, 0]",152,37.5,"76 Trucks, 89 Ambulance, 34 Cars",74,1800,2.111111111,50,0.25,0.021111111,0.75,0.354444444,High,4
1260,1 days 05:00:00,"[0, 0, 1, 0]",114,28.1,"26 Ambulance, 70 Patrol, 21 Patrol, 98 Fire Extinguisher",49,1800,1.583333333,50,0.438,0.015833333,0.562,0.289933333,Moderate,5
1261,1 days 05:01:00,"[0, 1, 1, 1]",112,43.9,"32 Bikes, 36 Vans, 32 Ambulance",66,1800,1.555555556,50,0.122,0.015555556,0.878,0.294622222,Moderate,5
1262,1 days 05:02:00,"[0, 0, 0, 1]",149,29.3,"49 Vans, 57 Cars",44,1800,2.069444444,50,0.414,0.020694444,0.586,0.267077778,Moderate,5
1263,1 days 05:03:00,"[0, 1, 0, 0]",170,33.7,"86 Ambulance, 24 Ambulance, 62 Trucks",40,1800,2.361111111,50,0.326,0.023611111,0.674,0.234644444,Moderate,5
1264,1 days 05:04:00,"[1, 0, 1, 0]",59,20.3,"34 Patrol, 46 Cars, 86 Cars",60,1800,0.819444444,50,0.594,0.008194444,0.406,0.362077778,High,5
1265,1 days 05:05:00,"[1, 0, 0, 1]",182,22.2,"78 Ambulance, 27 Fire Extinguisher",70,1800,2.527777778,50,0.556,0.025277778,0.444,0.401311111,Very High,5
1266,1 days 05:06:00,"[0, 0, 1, 1]",146,31.8,"31 Trucks, 66 Bikes, 38 Bikes, 18 Patrol",73,1800,2.027777778,50,0.364,0.020277778,0.636,0.372911111,High,5
1267,1 days 05:07:00,"[0, 1, 0, 1]",89,34.4,"68 Cars, 40 Vans, 92 Trucks",44,1800,1.236111111,50,0.312,0.012361111,0.688,0.243344444,Moderate,5
1268,1 days 05:08:00,"[1, 0, 0, 1]",137,38.0,"68 Fire Extinguisher, 69 Vans, 98 Fire Extinguisher",63,1800,1.902777778,50,0.24,0.019027778,0.76,0.307611111,High,5
1269,1 days 05:09:00,"[1, 0, 1, 1]",98,28.7,"39 Vans, 53 Ambulance",75,1800,1.361111111,50,0.426,0.013611111,0.574,0.390644444,High,5
1270,1 days 05:10:00,"[1, 0, 1, 1]",162,40.8,"38 Fire Extinguisher, 75 Trucks, 55 Cars",54,1800,2.25,50,0.184,0.0225,0.816,0.2618,Moderate,5
1271,1 days 05:11:00,"[0, 1, 0, 1]",188,45.8,"83 Fire Extinguisher, 59 Fire Extinguisher, 39 Trucks",55,1800,2.611111111,50,0.084,0.026111111,0.916,0.247244444,Moderate,5
1272,1 days 05:12:00,"[1, 0, 0, 0]",75,43.4,"32 Bikes, 100 Fire Extinguisher, 98 Fire Extinguisher",42,1800,1.041666667,50,0.132,0.010416667,0.868,0.198566667,Low,5
1273,1 days 05:13:00,"[0, 1, 1, 0]",99,21.2,"95 Vans, 50 Cars, 63 Bikes, 40 Bikes",55,1800,1.375,50,0.576,0.01375,0.424,0.3407,High,5
1274,1 days 05:14:00,"[1, 1, 1, 1]",155,34.4,"55 Ambulance, 78 Bikes, 80 Bikes",86,1800,2.152777778,50,0.312,0.021527778,0.688,0.415011111,Very High,5
1275,1 days 05:15:00,"[1, 0, 1, 1]",126,23.1,"58 Fire Extinguisher, 71 Cars",32,1800,1.75,50,0.538,0.0175,0.462,0.2426,Moderate,5
1276,1 days 05:16:00,"[1, 1, 0, 0]",101,27.3,"66 Patrol, 16 Vans, 95 Cars, 87 Cars",69,1800,1.402777778,50,0.454,0.014027778,0.546,0.372411111,High,5
1277,1 days 05:17:00,"[1, 0, 0, 1]",122,49.6,"47 Ambulance, 86 Patrol, 41 Bikes",70,1800,1.694444444,50,0.008,0.016944444,0.992,0.288377778,Moderate,5
1278,1 days 05:18:00,"[0, 1, 0, 1]",101,24.3,"64 Cars, 12 Vans",87,1800,1.402777778,50,0.514,0.014027778,0.486,0.456411111,Very High,5
1279,1 days 05:19:00,"[1, 1, 1, 0]",186,35.0,"29 Trucks, 27 Vans, 41 Patrol, 51 Ambulance",35,1800,2.583333333,50,0.3,0.025833333,0.7,0.210333333,Moderate,5
1280,1 days 05:20:00,"[0, 0, 0, 0]",86,38.5,"73 Vans, 50 Cars, 69 Trucks, 81 Bikes",31,1800,1.194444444,50,0.23,0.011944444,0.77,0.174777778,Low,5
1281,1 days 05:21:00,"[0, 0, 0, 1]",144,41.1,"49 Ambulance, 88 Trucks",74,1800,2.0,50,0.178,0.02,0.822,0.3396,High,5
1282,1 days 05:22:00,"[1, 0, 0, 0]",101,36.8,"71 Patrol, 56 Ambulance",48,1800,1.402777778,50,0.264,0.014027778,0.736,0.250411111,Moderate,5
1283,1 days 05:23:00,"[0, 1, 1, 1]",54,20.3,"45 Patrol, 60 Ambulance, 92 Patrol, 54 Trucks",42,1800,0.75,50,0.594,0.0075,0.406,0.2898,Moderate,5
1284,1 days 05:24:00,"[1, 0, 0, 0]",131,29.8,"35 Patrol, 38 Trucks, 50 Bikes",37,1800,1.819444444,50,0.404,0.018194444,0.596,0.236077778,Moderate,5
1285,1 days 05:25:00,"[0, 0, 0, 1]",74,35.5,"30 Cars, 44 Bikes, 83 Patrol",76,1800,1.027777778,50,0.29,0.010277778,0.71,0.366111111,High,5
1286,1 days 05:26:00,"[1, 0, 1, 1]",144,22.6,"14 Bikes, 60 Fire Extinguisher, 71 Fire Extinguisher",35,1800,2.0,50,0.548,0.02,0.452,0.2576,Moderate,5
1287,1 days 05:27:00,"[1, 1, 0, 1]",108,30.5,"68 Trucks, 37 Patrol",42,1800,1.5,50,0.39,0.015,0.61,0.252,Moderate,5
1288,1 days 05:28:00,"[0, 1, 1, 1]",105,21.0,"12 Ambulance, 35 Cars, 57 Cars",68,1800,1.458333333,50,0.58,0.014583333,0.42,0.393833333,High,5
1289,1 days 05:29:00,"[1, 1, 1, 0]",176,22.4,"56 Bikes, 44 Fire Extinguisher",43,1800,2.444444444,50,0.552,0.024444444,0.448,0.292177778,Moderate,5
1290,1 days 05:30:00,"[0, 1, 1, 1]",142,31.9,"44 Patrol, 74 Patrol, 70 Ambulance, 24 Patrol",83,1800,1.972222222,50,0.362,0.019722222,0.638,0.412288889,Very High,5
1291,1 days 05:31:00,"[1, 0, 0, 0]",120,24.0,"17 Fire Extinguisher, 51 Cars",30,1800,1.666666667,50,0.52,0.016666667,0.48,0.230666667,Moderate,5
1292,1 days 05:32:00,"[0, 0, 1, 1]",135,37.0,"92 Cars, 58 Patrol, 19 Cars",65,1800,1.875,50,0.26,0.01875,0.74,0.3195,High,5
1293,1 days 05:33:00,"[0, 1, 1, 0]",76,40.7,"10 Fire Extinguisher, 46 Fire Extinguisher, 93 Patrol, 73 Trucks",45,1800,1.055555556,50,0.186,0.010555556,0.814,0.221422222,Moderate,5
1294,1 days 05:34:00,"[0, 0, 1, 0]",126,44.0,"74 Trucks, 11 Trucks, 38 Fire Extinguisher",73,1800,1.75,50,0.12,0.0175,0.88,0.323,High,5
1295,1 days 05:35:00,"[0, 1, 0, 1]",132,26.0,"79 Patrol, 91 Vans",84,1800,1.833333333,50,0.48,0.018333333,0.52,0.439333333,Very High,5
1296,1 days 05:36:00,"[1, 0, 0, 0]",124,25.0,"67 Vans, 29 Fire Extinguisher, 23 Vans, 27 Bikes",58,1800,1.722222222,50,0.5,0.017222222,0.5,0.338888889,High,5
1297,1 days 05:37:00,"[0, 0, 1, 0]",99,23.1,"28 Bikes, 14 Ambulance, 80 Patrol, 71 Fire Extinguisher",52,1800,1.375,50,0.538,0.01375,0.462,0.3211,High,5
1298,1 days 05:38:00,"[0, 0, 1, 0]",125,39.1,"39 Patrol, 100 Fire Extinguisher, 11 Patrol",69,1800,1.736111111,50,0.218,0.017361111,0.782,0.326544444,High,5
1299,1 days 05:39:00,"[0, 0, 0, 0]",119,41.2,"84 Fire Extinguisher, 88 Cars, 100 Cars",49,1800,1.652777778,50,0.176,0.016527778,0.824,0.237811111,Moderate,5
1300,1 days 05:40:00,"[1, 1, 0, 0]",71,20.9,"99 Fire Extinguisher, 24 Ambulance, 92 Patrol, 86 Fire Extinguisher",80,1800,0.986111111,50,0.582,0.009861111,0.418,0.440344444,Very High,5
1301,1 days 05:41:00,"[0, 0, 1, 0]",119,48.1,"100 Bikes, 24 Cars, 97 Trucks, 83 Ambulance",73,1800,1.652777778,50,0.038,0.016527778,0.962,0.306211111,High,5
1302,1 days 05:42:00,"[1, 1, 1, 1]",182,21.6,"42 Trucks, 60 Ambulance, 14 Cars",63,1800,2.527777778,50,0.568,0.025277778,0.432,0.375711111,High,5
1303,1 days 05:43:00,"[0, 0, 1, 1]",200,36.2,"76 Trucks, 28 Ambulance, 60 Patrol, 53 Patrol",89,1800,2.777777778,50,0.276,0.027777778,0.724,0.422311111,Very High,5
1304,1 days 05:44:00,"[1, 0, 1, 0]",168,41.3,"10 Ambulance, 91 Cars",90,1800,2.333333333,50,0.174,0.023333333,0.826,0.404133333,Very High,5
1305,1 days 05:45:00,"[1, 1, 1, 1]",146,46.1,"63 Trucks, 74 Bikes, 89 Patrol",68,1800,2.027777778,50,0.078,0.020277778,0.922,0.295711111,Moderate,5
1306,1 days 05:46:00,"[0, 0, 1, 1]",198,41.4,"22 Ambulance, 45 Patrol, 26 Bikes",77,1800,2.75,50,0.172,0.0275,0.828,0.3534,High,5
1307,1 days 05:47:00,"[1, 1, 1, 0]",191,44.1,"20 Cars, 37 Vans, 53 Fire Extinguisher",85,1800,2.652777778,50,0.118,0.026527778,0.882,0.374211111,High,5
1308,1 days 05:48:00,"[0, 1, 1, 1]",158,30.2,"69 Trucks, 100 Fire Extinguisher, 97 Ambulance, 88 Patrol",59,1800,2.194444444,50,0.396,0.021944444,0.604,0.323977778,High,5
1309,1 days 05:49:00,"[1, 1, 1, 1]",114,44.4,"37 Vans, 54 Fire Extinguisher, 14 Ambulance",69,1800,1.583333333,50,0.112,0.015833333,0.888,0.304733333,High,5
1310,1 days 05:50:00,"[1, 1, 0, 1]",138,22.4,"81 Ambulance, 51 Bikes, 28 Cars",44,1800,1.916666667,50,0.552,0.019166667,0.448,0.294066667,Moderate,5
1311,1 days 05:51:00,"[0, 0, 0, 0]",179,46.8,"61 Ambulance, 76 Patrol, 47 Trucks",72,1800,2.486111111,50,0.064,0.024861111,0.936,0.310744444,High,5
1312,1 days 05:52:00,"[1, 0, 0, 0]",123,36.4,"58 Trucks, 14 Vans",58,1800,1.708333333,50,0.272,0.017083333,0.728,0.293233333,Moderate,5
1313,1 days 05:53:00,"[0, 0, 0, 0]",150,44.5,"68 Patrol, 25 Vans, 61 Cars, 97 Ambulance",39,1800,2.083333333,50,0.11,0.020833333,0.89,0.186333333,Low,5
1314,1 days 05:54:00,"[0, 1, 0, 0]",99,33.6,"100 Ambulance, 88 Patrol, 40 Cars",86,1800,1.375,50,0.328,0.01375,0.672,0.4151,Very High,5
1315,1 days 05:55:00,"[0, 0, 0, 1]",169,39.3,"53 Ambulance, 35 Bikes, 35 Ambulance, 12 Vans",63,1800,2.347222222,50,0.214,0.023472222,0.786,0.304188889,High,5
1316,1 days 05:56:00,"[1, 1, 0, 1]",125,35.8,"25 Ambulance, 62 Trucks, 47 Fire Extinguisher",39,1800,1.736111111,50,0.284,0.017361111,0.716,0.219744444,Moderate,5
1317,1 days 05:57:00,"[1, 0, 1, 1]",111,41.9,"40 Fire Extinguisher, 47 Patrol, 23 Patrol, 59 Trucks",72,1800,1.541666667,50,0.162,0.015416667,0.838,0.326566667,High,5
1318,1 days 05:58:00,"[0, 1, 1, 1]",153,22.4,"13 Ambulance, 15 Ambulance, 42 Ambulance, 46 Bikes",41,1800,2.125,50,0.552,0.02125,0.448,0.2829,Moderate,5
1319,1 days 05:59:00,"[1, 0, 1, 0]",153,21.8,"10 Fire Extinguisher, 20 Bikes, 52 Trucks",64,1800,2.125,50,0.564,0.02125,0.436,0.3773,High,5
1320,1 days 06:00:00,"[0, 0, 0, 1]",174,27.4,"11 Vans, 76 Bikes, 96 Fire Extinguisher, 80 Vans",41,1800,2.416666667,50,0.452,0.024166667,0.548,0.264066667,Moderate,6
1321,1 days 06:01:00,"[0, 1, 1, 1]",199,24.8,"73 Fire Extinguisher, 47 Trucks",87,1800,2.763888889,50,0.504,0.027638889,0.496,0.459855556,Very High,6
1322,1 days 06:02:00,"[1, 0, 0, 0]",169,46.2,"25 Fire Extinguisher, 88 Trucks",31,1800,2.347222222,50,0.076,0.023472222,0.924,0.148588889,Low,6
1323,1 days 06:03:00,"[0, 1, 0, 1]",119,26.6,"96 Vans, 50 Patrol, 30 Patrol",54,1800,1.652777778,50,0.468,0.016527778,0.532,0.316211111,High,6
1324,1 days 06:04:00,"[1, 0, 1, 1]",121,49.3,"89 Trucks, 10 Vans, 52 Trucks, 89 Cars",62,1800,1.680555556,50,0.014,0.016805556,0.986,0.257522222,Moderate,6
1325,1 days 06:05:00,"[1, 1, 1, 1]",80,30.1,"78 Trucks, 66 Trucks",33,1800,1.111111111,50,0.398,0.011111111,0.602,0.216044444,Moderate,6
1326,1 days 06:06:00,"[0, 0, 0, 1]",148,25.5,"23 Ambulance, 81 Ambulance",81,1800,2.055555556,50,0.49,0.020555556,0.51,0.430222222,Very High,6
1327,1 days 06:07:00,"[0, 1, 1, 0]",59,43.7,"80 Ambulance, 78 Bikes, 12 Bikes",65,1800,0.819444444,50,0.126,0.008194444,0.874,0.288477778,Moderate,6
1328,1 days 06:08:00,"[1, 0, 0, 1]",169,39.8,"90 Trucks, 57 Ambulance, 31 Cars, 89 Bikes",35,1800,2.347222222,50,0.204,0.023472222,0.796,0.190188889,Low,6
1329,1 days 06:09:00,"[1, 0, 0, 0]",71,34.9,"80 Patrol, 37 Bikes, 95 Fire Extinguisher",70,1800,0.986111111,50,0.302,0.009861111,0.698,0.344344444,High,6
1330,1 days 06:10:00,"[0, 0, 0, 0]",196,36.7,"18 Trucks, 40 Cars, 89 Trucks, 66 Trucks",72,1800,2.722222222,50,0.266,0.027222222,0.734,0.352088889,High,6
1331,1 days 06:11:00,"[1, 0, 1, 0]",89,41.6,"82 Fire Extinguisher, 53 Trucks",38,1800,1.236111111,50,0.168,0.012361111,0.832,0.190544444,Low,6
1332,1 days 06:12:00,"[0, 1, 1, 0]",149,26.9,"49 Trucks, 11 Ambulance",90,1800,2.069444444,50,0.462,0.020694444,0.538,0.460677778,Very High,6
1333,1 days 06:13:00,"[1, 0, 1, 0]",192,49.9,"71 Trucks, 36 Bikes, 42 Bikes",59,1800,2.666666667,50,0.002,0.026666667,0.998,0.247066667,Moderate,6
1334,1 days 06:14:00,"[0, 0, 1, 1]",128,49.2,"60 Trucks, 81 Ambulance",88,1800,1.777777778,50,0.016,0.017777778,0.984,0.362311111,High,6
1335,1 days 06:15:00,"[1, 0, 1, 1]",75,39.5,"98 Cars, 29 Bikes, 31 Cars",72,1800,1.041666667,50,0.21,0.010416667,0.79,0.334166667,High,6
1336,1 days 06:16:00,"[1, 0, 0, 0]",74,26.0,"46 Trucks, 28 Bikes, 82 Bikes, 76 Ambulance",72,1800,1.027777778,50,0.48,0.010277778,0.52,0.388111111,High,6
1337,1 days 06:17:00,"[0, 1, 0, 1]",63,40.4,"10 Bikes, 38 Cars, 52 Trucks",58,1800,0.875,50,0.192,0.00875,0.808,0.2739,Moderate,6
1338,1 days 06:18:00,"[0, 1, 1, 1]",177,22.2,"26 Trucks, 42 Trucks",40,1800,2.458333333,50,0.556,0.024583333,0.444,0.281033333,Moderate,6
1339,1 days 06:19:00,"[0, 1, 1, 1]",121,20.9,"85 Fire Extinguisher, 22 Bikes, 64 Patrol",44,1800,1.680555556,50,0.582,0.016805556,0.418,0.299122222,Moderate,6
1340,1 days 06:20:00,"[0, 1, 1, 0]",136,27.7,"56 Trucks, 41 Bikes",88,1800,1.888888889,50,0.446,0.018888889,0.554,0.448755556,Very High,6
1341,1 days 06:21:00,"[1, 0, 1, 0]",82,33.9,"39 Patrol, 53 Fire Extinguisher",47,1800,1.138888889,50,0.322,0.011388889,0.678,0.256955556,Moderate,6
1342,1 days 06:22:00,"[1, 1, 1, 0]",69,46.0,"69 Trucks, 28 Fire Extinguisher",39,1800,0.958333333,50,0.08,0.009583333,0.92,0.175833333,Low,6
1343,1 days 06:23:00,"[0, 1, 1, 0]",139,41.8,"18 Fire Extinguisher, 90 Patrol, 73 Patrol",76,1800,1.930555556,50,0.164,0.019305556,0.836,0.344522222,High,6
1344,1 days 06:24:00,"[1, 1, 1, 1]",122,42.3,"61 Ambulance, 71 Trucks",85,1800,1.694444444,50,0.154,0.016944444,0.846,0.377577778,High,6
1345,1 days 06:25:00,"[0, 1, 1, 0]",86,32.8,"86 Trucks, 62 Bikes, 22 Bikes",50,1800,1.194444444,50,0.344,0.011944444,0.656,0.273577778,Moderate,6
1346,1 days 06:26:00,"[1, 1, 0, 1]",55,30.4,"68 Vans, 36 Trucks, 37 Trucks",83,1800,0.763888889,50,0.392,0.007638889,0.608,0.413455556,Very High,6
1347,1 days 06:27:00,"[0, 1, 0, 1]",138,31.1,"84 Ambulance, 53 Fire Extinguisher",55,1800,1.916666667,50,0.378,0.019166667,0.622,0.303266667,High,6
1348,1 days 06:28:00,"[1, 1, 0, 1]",159,49.6,"36 Patrol, 89 Ambulance, 16 Vans, 16 Vans",35,1800,2.208333333,50,0.008,0.022083333,0.992,0.150433333,Low,6
1349,1 days 06:29:00,"[0, 1, 1, 1]",152,21.2,"90 Patrol, 32 Cars, 11 Fire Extinguisher, 58 Patrol",89,1800,2.111111111,50,0.576,0.021111111,0.424,0.479644444,Very High,6
1350,1 days 06:30:00,"[1, 0, 1, 1]",169,46.0,"74 Fire Extinguisher, 39 Trucks, 85 Trucks, 43 Bikes",87,1800,2.347222222,50,0.08,0.023472222,0.92,0.373388889,High,6
1351,1 days 06:31:00,"[0, 1, 0, 0]",100,37.4,"67 Patrol, 29 Ambulance, 43 Fire Extinguisher, 33 Fire Extinguisher",46,1800,1.388888889,50,0.252,0.013888889,0.748,0.239955556,Moderate,6
1352,1 days 06:32:00,"[0, 1, 0, 0]",58,33.2,"65 Patrol, 51 Trucks",58,1800,0.805555556,50,0.336,0.008055556,0.664,0.302422222,High,6
1353,1 days 06:33:00,"[0, 1, 1, 0]",147,41.8,"10 Patrol, 25 Vans, 38 Patrol, 31 Cars",34,1800,2.041666667,50,0.164,0.020416667,0.836,0.176966667,Low,6
1354,1 days 06:34:00,"[0, 0, 0, 1]",81,34.6,"57 Fire Extinguisher, 84 Bikes, 43 Vans",68,1800,1.125,50,0.308,0.01125,0.692,0.3381,High,6
1355,1 days 06:35:00,"[0, 1, 0, 0]",100,46.2,"18 Ambulance, 63 Patrol",57,1800,1.388888889,50,0.076,0.013888889,0.924,0.248755556,Moderate,6
1356,1 days 06:36:00,"[1, 0, 0, 1]",169,47.0,"81 Ambulance, 27 Cars",82,1800,2.347222222,50,0.06,0.023472222,0.94,0.349388889,High,6
1357,1 days 06:37:00,"[1, 0, 1, 0]",54,32.7,"64 Cars, 67 Bikes, 29 Bikes, 45 Bikes",50,1800,0.75,50,0.346,0.0075,0.654,0.2722,Moderate,6
1358,1 days 06:38:00,"[1, 0, 1, 1]",101,28.3,"85 Patrol, 22 Cars",63,1800,1.402777778,50,0.434,0.014027778,0.566,0.344411111,High,6
1359,1 days 06:39:00,"[0, 0, 1, 1]",189,37.8,"76 Ambulance, 15 Fire Extinguisher, 23 Bikes, 37 Fire Extinguisher",80,1800,2.625,50,0.244,0.02625,0.756,0.3793,High,6
1360,1 days 06:40:00,"[0, 0, 1, 1]",135,47.4,"31 Patrol, 94 Trucks, 25 Ambulance",45,1800,1.875,50,0.052,0.01875,0.948,0.1979,Low,6
1361,1 days 06:41:00,"[1, 0, 0, 0]",60,26.3,"74 Trucks, 78 Cars",80,1800,0.833333333,50,0.474,0.008333333,0.526,0.418133333,Very High,6
1362,1 days 06:42:00,"[1, 1, 1, 1]",148,38.7,"92 Vans, 40 Ambulance",82,1800,2.055555556,50,0.226,0.020555556,0.774,0.381422222,High,6
1363,1 days 06:43:00,"[1, 1, 1, 0]",82,38.9,"85 Ambulance, 16 Bikes, 37 Bikes, 40 Fire Extinguisher",39,1800,1.138888889,50,0.222,0.011388889,0.778,0.204955556,Moderate,6
1364,1 days 06:44:00,"[1, 1, 1, 0]",180,42.0,"10 Cars, 27 Ambulance, 23 Vans, 97 Trucks",66,1800,2.5,50,0.16,0.025,0.84,0.306,High,6
1365,1 days 06:45:00,"[0, 0, 0, 1]",60,23.9,"40 Trucks, 14 Cars, 18 Patrol, 61 Ambulance",45,1800,0.833333333,50,0.522,0.008333333,0.478,0.287733333,Moderate,6
1366,1 days 06:46:00,"[1, 1, 1, 0]",110,41.5,"63 Vans, 84 Bikes, 13 Fire Extinguisher, 91 Patrol",64,1800,1.527777778,50,0.17,0.015277778,0.83,0.296111111,Moderate,6
1367,1 days 06:47:00,"[0, 0, 1, 1]",64,47.3,"77 Vans, 90 Ambulance, 34 Patrol, 99 Fire Extinguisher",48,1800,0.888888889,50,0.054,0.008888889,0.946,0.206355556,Moderate,6
1368,1 days 06:48:00,"[0, 0, 1, 1]",191,25.4,"29 Ambulance, 27 Cars, 50 Ambulance",36,1800,2.652777778,50,0.492,0.026527778,0.508,0.253011111,Moderate,6
1369,1 days 06:49:00,"[1, 0, 1, 1]",98,27.1,"48 Patrol, 76 Bikes",30,1800,1.361111111,50,0.458,0.013611111,0.542,0.217044444,Moderate,6
1370,1 days 06:50:00,"[0, 1, 1, 0]",90,49.1,"42 Fire Extinguisher, 86 Bikes, 75 Trucks",43,1800,1.25,50,0.018,0.0125,0.982,0.1806,Low,6
1371,1 days 06:51:00,"[1, 0, 0, 1]",178,25.4,"34 Cars, 99 Fire Extinguisher, 25 Patrol",62,1800,2.472222222,50,0.492,0.024722222,0.508,0.356288889,High,6
1372,1 days 06:52:00,"[1, 0, 1, 1]",87,45.6,"53 Fire Extinguisher, 30 Ambulance, 83 Trucks",85,1800,1.208333333,50,0.088,0.012083333,0.912,0.362433333,High,6
1373,1 days 06:53:00,"[0, 0, 1, 1]",121,34.8,"46 Patrol, 47 Bikes",76,1800,1.680555556,50,0.304,0.016805556,0.696,0.371522222,High,6
1374,1 days 06:54:00,"[0, 1, 1, 0]",129,27.4,"20 Fire Extinguisher, 19 Vans, 78 Bikes, 98 Bikes",34,1800,1.791666667,50,0.452,0.017916667,0.548,0.233566667,Moderate,6
1375,1 days 06:55:00,"[1, 0, 1, 0]",176,46.1,"97 Trucks, 47 Trucks, 64 Fire Extinguisher, 37 Ambulance",52,1800,2.444444444,50,0.078,0.024444444,0.922,0.233377778,Moderate,6
1376,1 days 06:56:00,"[0, 0, 1, 1]",90,33.4,"20 Patrol, 73 Bikes, 19 Vans",80,1800,1.25,50,0.332,0.0125,0.668,0.3914,High,6
1377,1 days 06:57:00,"[0, 0, 0, 0]",108,35.4,"57 Cars, 45 Vans",56,1800,1.5,50,0.292,0.015,0.708,0.2884,Moderate,6
1378,1 days 06:58:00,"[0, 1, 1, 0]",107,30.8,"31 Fire Extinguisher, 71 Trucks, 42 Ambulance",49,1800,1.486111111,50,0.384,0.014861111,0.616,0.278744444,Moderate,6
1379,1 days 06:59:00,"[0, 1, 0, 0]",56,37.8,"17 Patrol, 43 Trucks, 89 Fire Extinguisher",57,1800,0.777777778,50,0.244,0.007777778,0.756,0.279911111,Moderate,6
1380,1 days 07:00:00,"[0, 1, 0, 0]",103,24.9,"37 Trucks, 96 Vans, 80 Patrol",33,1800,1.430555556,50,0.502,0.014305556,0.498,0.238122222,Moderate,7
1381,1 days 07:01:00,"[0, 1, 1, 0]",60,31.7,"46 Cars, 37 Cars, 31 Trucks",69,1800,0.833333333,50,0.366,0.008333333,0.634,0.352533333,High,7
1382,1 days 07:02:00,"[1, 1, 1, 0]",154,49.1,"50 Trucks, 74 Fire Extinguisher, 67 Ambulance",39,1800,2.138888889,50,0.018,0.021388889,0.982,0.168155556,Low,7
1383,1 days 07:03:00,"[1, 0, 0, 0]",175,27.7,"34 Ambulance, 84 Ambulance",88,1800,2.430555556,50,0.446,0.024305556,0.554,0.450922222,Very High,7
1384,1 days 07:04:00,"[0, 1, 0, 1]",83,39.7,"66 Cars, 54 Fire Extinguisher, 94 Vans, 83 Cars",81,1800,1.152777778,50,0.206,0.011527778,0.794,0.369811111,High,7
1385,1 days 07:05:00,"[0, 0, 1, 1]",189,29.8,"69 Ambulance, 49 Fire Extinguisher, 48 Trucks",78,1800,2.625,50,0.404,0.02625,0.596,0.4033,Very High,7
1386,1 days 07:06:00,"[0, 1, 0, 0]",200,43.2,"69 Trucks, 30 Cars, 78 Patrol, 96 Patrol",68,1800,2.777777778,50,0.136,0.027777778,0.864,0.310311111,High,7
1387,1 days 07:07:00,"[0, 0, 0, 1]",178,23.9,"19 Fire Extinguisher, 61 Cars, 66 Cars",54,1800,2.472222222,50,0.522,0.024722222,0.478,0.330288889,High,7
1388,1 days 07:08:00,"[0, 1, 0, 1]",127,49.1,"74 Ambulance, 56 Cars, 35 Cars",30,1800,1.763888889,50,0.018,0.017638889,0.982,0.130655556,Low,7
1389,1 days 07:09:00,"[0, 1, 0, 1]",177,33.6,"25 Vans, 31 Fire Extinguisher, 66 Cars, 34 Ambulance",32,1800,2.458333333,50,0.328,0.024583333,0.672,0.203433333,Moderate,7
1390,1 days 07:10:00,"[0, 1, 1, 0]",81,27.1,"48 Fire Extinguisher, 46 Vans",65,1800,1.125,50,0.458,0.01125,0.542,0.3561,High,7
1391,1 days 07:11:00,"[0, 0, 0, 0]",94,22.2,"52 Trucks, 17 Vans, 58 Fire Extinguisher, 30 Cars",31,1800,1.305555556,50,0.556,0.013055556,0.444,0.240422222,Moderate,7
1392,1 days 07:12:00,"[1, 0, 1, 0]",57,25.1,"48 Vans, 92 Bikes",86,1800,0.791666667,50,0.498,0.007916667,0.502,0.446766667,Very High,7
1393,1 days 07:13:00,"[0, 0, 1, 1]",191,35.6,"96 Vans, 79 Patrol",56,1800,2.652777778,50,0.288,0.026527778,0.712,0.292211111,Moderate,7
1394,1 days 07:14:00,"[0, 0, 1, 0]",99,30.1,"16 Fire Extinguisher, 94 Fire Extinguisher",42,1800,1.375,50,0.398,0.01375,0.602,0.2531,Moderate,7
1395,1 days 07:15:00,"[0, 1, 1, 1]",178,44.9,"98 Patrol, 58 Trucks",79,1800,2.472222222,50,0.102,0.024722222,0.898,0.346288889,High,7
1396,1 days 07:16:00,"[1, 0, 1, 0]",125,32.9,"44 Trucks, 61 Ambulance, 27 Cars, 76 Vans",90,1800,1.736111111,50,0.342,0.017361111,0.658,0.435344444,Very High,7
1397,1 days 07:17:00,"[0, 0, 1, 0]",164,27.5,"79 Vans, 18 Fire Extinguisher, 67 Vans",68,1800,2.277777778,50,0.45,0.022777778,0.55,0.371111111,High,7
1398,1 days 07:18:00,"[1, 0, 0, 1]",114,38.5,"54 Cars, 29 Fire Extinguisher",62,1800,1.583333333,50,0.23,0.015833333,0.77,0.300333333,High,7
1399,1 days 07:19:00,"[1, 1, 1, 0]",103,41.2,"20 Fire Extinguisher, 96 Fire Extinguisher, 88 Trucks",75,1800,1.430555556,50,0.176,0.014305556,0.824,0.340922222,High,7
1400,1 days 07:20:00,"[0, 1, 0, 0]",126,25.0,"54 Trucks, 92 Vans, 70 Bikes",71,1800,1.75,50,0.5,0.0175,0.5,0.391,High,7
1401,1 days 07:21:00,"[1, 1, 1, 1]",57,25.0,"37 Fire Extinguisher, 53 Cars, 43 Bikes",43,1800,0.791666667,50,0.5,0.007916667,0.5,0.275166667,Moderate,7
1402,1 days 07:22:00,"[0, 0, 1, 0]",88,21.1,"92 Patrol, 14 Fire Extinguisher, 24 Ambulance, 47 Ambulance",78,1800,1.222222222,50,0.578,0.012222222,0.422,0.432488889,Very High,7
1403,1 days 07:23:00,"[1, 0, 1, 0]",168,42.1,"43 Cars, 30 Cars, 95 Vans",45,1800,2.333333333,50,0.158,0.023333333,0.842,0.220933333,Moderate,7
1404,1 days 07:24:00,"[0, 0, 1, 1]",59,39.9,"28 Ambulance, 100 Vans",34,1800,0.819444444,50,0.202,0.008194444,0.798,0.179677778,Low,7
1405,1 days 07:25:00,"[0, 0, 1, 0]",132,34.2,"96 Fire Extinguisher, 23 Trucks",54,1800,1.833333333,50,0.316,0.018333333,0.684,0.286533333,Moderate,7
1406,1 days 07:26:00,"[0, 0, 0, 1]",63,45.3,"49 Trucks, 67 Ambulance",47,1800,0.875,50,0.094,0.00875,0.906,0.2103,Moderate,7
1407,1 days 07:27:00,"[1, 1, 1, 1]",75,44.2,"38 Vans, 56 Trucks, 37 Ambulance",34,1800,1.041666667,50,0.116,0.010416667,0.884,0.163366667,Low,7
1408,1 days 07:28:00,"[0, 1, 1, 1]",128,37.6,"54 Ambulance, 80 Patrol, 41 Ambulance, 80 Bikes",59,1800,1.777777778,50,0.248,0.017777778,0.752,0.292711111,Moderate,7
1409,1 days 07:29:00,"[1, 1, 1, 0]",94,46.0,"76 Patrol, 99 Patrol, 71 Ambulance",32,1800,1.305555556,50,0.08,0.013055556,0.92,0.149222222,Low,7
1410,1 days 07:30:00,"[1, 0, 1, 0]",104,26.2,"48 Ambulance, 68 Trucks, 22 Ambulance",71,1800,1.444444444,50,0.476,0.014444444,0.524,0.384977778,High,7
1411,1 days 07:31:00,"[1, 1, 0, 1]",113,23.4,"88 Vans, 76 Trucks, 76 Fire Extinguisher, 48 Cars",78,1800,1.569444444,50,0.532,0.015694444,0.468,0.424677778,Very High,7
1412,1 days 07:32:00,"[0, 1, 0, 1]",134,28.1,"51 Trucks, 54 Patrol",86,1800,1.861111111,50,0.438,0.018611111,0.562,0.439044444,Very High,7
1413,1 days 07:33:00,"[1, 0, 0, 0]",181,21.7,"21 Fire Extinguisher, 87 Ambulance",86,1800,2.513888889,50,0.566,0.025138889,0.434,0.467255556,Very High,7
1414,1 days 07:34:00,"[1, 1, 1, 1]",85,35.9,"64 Ambulance, 43 Vans, 14 Ambulance",35,1800,1.180555556,50,0.282,0.011805556,0.718,0.201122222,Moderate,7
1415,1 days 07:35:00,"[1, 0, 1, 1]",105,48.1,"100 Fire Extinguisher, 31 Vans, 50 Bikes",62,1800,1.458333333,50,0.038,0.014583333,0.962,0.261433333,Moderate,7
1416,1 days 07:36:00,"[1, 1, 0, 1]",199,21.2,"85 Cars, 48 Patrol, 12 Vans, 79 Cars",50,1800,2.763888889,50,0.576,0.027638889,0.424,0.326255556,High,7
1417,1 days 07:37:00,"[0, 1, 1, 0]",78,23.7,"74 Bikes, 22 Trucks",84,1800,1.083333333,50,0.526,0.010833333,0.474,0.445533333,Very High,7
1418,1 days 07:38:00,"[1, 1, 1, 1]",104,33.6,"26 Cars, 24 Bikes, 58 Ambulance, 11 Cars",48,1800,1.444444444,50,0.328,0.014444444,0.672,0.263377778,Moderate,7
1419,1 days 07:39:00,"[0, 0, 0, 0]",67,48.0,"18 Fire Extinguisher, 52 Ambulance",38,1800,0.930555556,50,0.04,0.009305556,0.96,0.163722222,Low,7
1420,1 days 07:40:00,"[1, 1, 1, 0]",85,29.5,"51 Fire Extinguisher, 28 Fire Extinguisher",56,1800,1.180555556,50,0.41,0.011805556,0.59,0.310722222,High,7
1421,1 days 07:41:00,"[0, 0, 0, 1]",175,35.2,"99 Bikes, 47 Vans, 41 Bikes, 73 Bikes",30,1800,2.430555556,50,0.296,0.024305556,0.704,0.188922222,Low,7
1422,1 days 07:42:00,"[0, 0, 0, 1]",144,21.2,"38 Fire Extinguisher, 38 Trucks, 82 Trucks, 43 Cars",41,1800,2.0,50,0.576,0.02,0.424,0.2872,Moderate,7
1423,1 days 07:43:00,"[0, 1, 1, 0]",131,24.5,"68 Cars, 16 Cars",81,1800,1.819444444,50,0.51,0.018194444,0.49,0.433277778,Very High,7
1424,1 days 07:44:00,"[1, 1, 0, 1]",143,49.6,"20 Bikes, 51 Patrol",71,1800,1.986111111,50,0.008,0.019861111,0.992,0.293544444,Moderate,7
1425,1 days 07:45:00,"[1, 1, 1, 1]",112,49.0,"30 Vans, 30 Cars, 31 Cars, 77 Trucks",46,1800,1.555555556,50,0.02,0.015555556,0.98,0.194222222,Low,7
1426,1 days 07:46:00,"[1, 0, 0, 0]",145,20.1,"73 Ambulance, 71 Fire Extinguisher",73,1800,2.013888889,50,0.598,0.020138889,0.402,0.419655556,Very High,7
1427,1 days 07:47:00,"[0, 1, 1, 0]",63,48.6,"58 Bikes, 43 Fire Extinguisher, 79 Trucks",51,1800,0.875,50,0.028,0.00875,0.972,0.2131,Moderate,7
1428,1 days 07:48:00,"[0, 0, 0, 0]",149,39.2,"99 Trucks, 73 Patrol, 66 Vans",56,1800,2.069444444,50,0.216,0.020694444,0.784,0.275477778,Moderate,7
1429,1 days 07:49:00,"[0, 0, 0, 1]",138,46.0,"78 Trucks, 18 Trucks, 35 Fire Extinguisher",63,1800,1.916666667,50,0.08,0.019166667,0.92,0.275666667,Moderate,7
1430,1 days 07:50:00,"[0, 0, 0, 1]",128,33.6,"51 Patrol, 17 Trucks",38,1800,1.777777778,50,0.328,0.017777778,0.672,0.224711111,Moderate,7
1431,1 days 07:51:00,"[1, 1, 0, 0]",115,35.5,"94 Cars, 59 Cars, 46 Ambulance",46,1800,1.597222222,50,0.29,0.015972222,0.71,0.248388889,Moderate,7
1432,1 days 07:52:00,"[0, 0, 1, 0]",99,34.7,"58 Vans, 42 Cars, 85 Ambulance",67,1800,1.375,50,0.306,0.01375,0.694,0.3347,High,7
1433,1 days 07:53:00,"[0, 0, 0, 0]",131,40.0,"92 Ambulance, 96 Bikes, 92 Patrol, 83 Vans",43,1800,1.819444444,50,0.2,0.018194444,0.8,0.219277778,Moderate,7
1434,1 days 07:54:00,"[1, 0, 0, 0]",151,24.2,"51 Fire Extinguisher, 25 Bikes, 71 Bikes",39,1800,2.097222222,50,0.516,0.020972222,0.484,0.267588889,Moderate,7
1435,1 days 07:55:00,"[0, 0, 1, 0]",82,20.9,"14 Patrol, 19 Fire Extinguisher, 41 Bikes",43,1800,1.138888889,50,0.582,0.011388889,0.418,0.292955556,Moderate,7
1436,1 days 07:56:00,"[1, 0, 0, 0]",183,29.2,"96 Ambulance, 72 Fire Extinguisher, 28 Trucks",79,1800,2.541666667,50,0.416,0.025416667,0.584,0.409366667,Very High,7
1437,1 days 07:57:00,"[1, 1, 0, 1]",53,41.1,"58 Patrol, 49 Vans",70,1800,0.736111111,50,0.178,0.007361111,0.822,0.318544444,High,7
1438,1 days 07:58:00,"[1, 1, 0, 1]",81,26.1,"85 Fire Extinguisher, 97 Trucks, 89 Patrol, 39 Trucks",51,1800,1.125,50,0.478,0.01125,0.522,0.3041,High,7
1439,1 days 07:59:00,"[0, 1, 1, 1]",103,40.2,"98 Patrol, 25 Trucks",32,1800,1.430555556,50,0.196,0.014305556,0.804,0.172922222,Low,7
1440,1 days 08:00:00,"[0, 0, 1, 0]",164,49.1,"99 Patrol, 13 Patrol, 94 Ambulance, 61 Bikes",52,1800,2.277777778,50,0.018,0.022777778,0.982,0.220711111,Moderate,8
1441,1 days 08:01:00,"[1, 1, 1, 1]",80,22.8,"30 Patrol, 30 Cars, 70 Trucks",35,1800,1.111111111,50,0.544,0.011111111,0.456,0.253244444,Moderate,8
1442,1 days 08:02:00,"[0, 1, 1, 1]",198,40.2,"48 Fire Extinguisher, 10 Bikes, 87 Ambulance",67,1800,2.75,50,0.196,0.0275,0.804,0.3182,High,8
1443,1 days 08:03:00,"[1, 0, 0, 0]",108,33.3,"68 Trucks, 90 Vans, 68 Vans",39,1800,1.5,50,0.334,0.015,0.666,0.2288,Moderate,8
1444,1 days 08:04:00,"[1, 0, 1, 1]",134,46.0,"17 Bikes, 82 Patrol, 68 Vans",52,1800,1.861111111,50,0.08,0.018611111,0.92,0.231444444,Moderate,8
1445,1 days 08:05:00,"[0, 0, 0, 1]",160,25.3,"55 Bikes, 45 Cars, 49 Cars",31,1800,2.222222222,50,0.494,0.022222222,0.506,0.231688889,Moderate,8
1446,1 days 08:06:00,"[1, 1, 0, 1]",114,40.8,"36 Trucks, 25 Fire Extinguisher, 32 Cars",45,1800,1.583333333,50,0.184,0.015833333,0.816,0.223133333,Moderate,8
1447,1 days 08:07:00,"[0, 1, 0, 1]",113,45.1,"28 Cars, 87 Cars, 72 Vans, 91 Fire Extinguisher",68,1800,1.569444444,50,0.098,0.015694444,0.902,0.297877778,Moderate,8
1448,1 days 08:08:00,"[0, 1, 0, 0]",174,48.3,"21 Bikes, 53 Patrol, 36 Patrol",84,1800,2.416666667,50,0.034,0.024166667,0.966,0.352466667,High,8
1449,1 days 08:09:00,"[0, 0, 1, 1]",173,40.5,"15 Bikes, 96 Ambulance, 95 Bikes",56,1800,2.402777778,50,0.19,0.024027778,0.81,0.271611111,Moderate,8
1450,1 days 08:10:00,"[1, 1, 1, 1]",78,34.9,"76 Fire Extinguisher, 51 Trucks, 58 Bikes",75,1800,1.083333333,50,0.302,0.010833333,0.698,0.364733333,High,8
1451,1 days 08:11:00,"[1, 1, 0, 1]",150,38.5,"37 Patrol, 54 Bikes",45,1800,2.083333333,50,0.23,0.020833333,0.77,0.234333333,Moderate,8
1452,1 days 08:12:00,"[1, 1, 1, 1]",93,46.1,"33 Cars, 11 Patrol, 25 Trucks, 55 Trucks",67,1800,1.291666667,50,0.078,0.012916667,0.922,0.288766667,Moderate,8
1453,1 days 08:13:00,"[0, 1, 0, 1]",110,37.1,"38 Bikes, 15 Fire Extinguisher, 58 Patrol",35,1800,1.527777778,50,0.258,0.015277778,0.742,0.197711111,Low,8
1454,1 days 08:14:00,"[1, 0, 1, 0]",181,20.9,"87 Patrol, 12 Ambulance, 20 Vans, 93 Cars",50,1800,2.513888889,50,0.582,0.025138889,0.418,0.326455556,High,8
1455,1 days 08:15:00,"[1, 1, 1, 0]",120,47.9,"89 Ambulance, 10 Bikes, 46 Cars, 11 Fire Extinguisher",36,1800,1.666666667,50,0.042,0.016666667,0.958,0.159066667,Low,8
1456,1 days 08:16:00,"[1, 1, 1, 0]",105,40.7,"46 Fire Extinguisher, 14 Trucks, 95 Patrol",90,1800,1.458333333,50,0.186,0.014583333,0.814,0.403033333,Very High,8
1457,1 days 08:17:00,"[0, 1, 1, 1]",162,40.3,"33 Ambulance, 13 Patrol, 60 Patrol",35,1800,2.25,50,0.194,0.0225,0.806,0.1878,Low,8
1458,1 days 08:18:00,"[1, 1, 0, 0]",175,26.5,"19 Cars, 25 Trucks",65,1800,2.430555556,50,0.47,0.024305556,0.53,0.363722222,High,8
1459,1 days 08:19:00,"[1, 1, 0, 0]",68,39.8,"55 Vans, 38 Bikes, 67 Trucks, 79 Patrol",65,1800,0.944444444,50,0.204,0.009444444,0.796,0.304577778,High,8
1460,1 days 08:20:00,"[0, 0, 1, 0]",94,31.8,"29 Cars, 83 Vans, 12 Fire Extinguisher",32,1800,1.305555556,50,0.364,0.013055556,0.636,0.206022222,Moderate,8
1461,1 days 08:21:00,"[1, 1, 1, 0]",57,39.5,"14 Bikes, 95 Bikes, 45 Patrol",31,1800,0.791666667,50,0.21,0.007916667,0.79,0.169166667,Low,8
1462,1 days 08:22:00,"[1, 1, 1, 1]",143,23.2,"20 Fire Extinguisher, 94 Fire Extinguisher",35,1800,1.986111111,50,0.536,0.019861111,0.464,0.255144444,Moderate,8
1463,1 days 08:23:00,"[1, 0, 1, 1]",120,39.7,"63 Fire Extinguisher, 71 Cars",67,1800,1.666666667,50,0.206,0.016666667,0.794,0.315866667,High,8
1464,1 days 08:24:00,"[0, 0, 1, 0]",186,50.0,"88 Cars, 75 Patrol",57,1800,2.583333333,50,0.0,0.025833333,1.0,0.238333333,Moderate,8
1465,1 days 08:25:00,"[0, 1, 0, 1]",146,21.4,"22 Ambulance, 47 Patrol, 86 Ambulance",81,1800,2.027777778,50,0.572,0.020277778,0.428,0.446511111,Very High,8
1466,1 days 08:26:00,"[1, 0, 0, 0]",118,49.3,"86 Vans, 59 Patrol, 100 Cars, 57 Fire Extinguisher",83,1800,1.638888889,50,0.014,0.016388889,0.986,0.341355556,High,8
1467,1 days 08:27:00,"[1, 0, 1, 0]",137,32.2,"94 Cars, 17 Fire Extinguisher, 34 Bikes, 53 Trucks",89,1800,1.902777778,50,0.356,0.019027778,0.644,0.434811111,Very High,8
1468,1 days 08:28:00,"[0, 0, 1, 0]",93,46.1,"45 Patrol, 55 Bikes",45,1800,1.291666667,50,0.078,0.012916667,0.922,0.200766667,Moderate,8
1469,1 days 08:29:00,"[1, 1, 0, 0]",188,43.5,"90 Fire Extinguisher, 40 Patrol",63,1800,2.611111111,50,0.13,0.026111111,0.87,0.288444444,Moderate,8
1470,1 days 08:30:00,"[1, 0, 0, 0]",60,37.0,"34 Trucks, 87 Trucks",46,1800,0.833333333,50,0.26,0.008333333,0.74,0.239333333,Moderate,8
1471,1 days 08:31:00,"[1, 0, 0, 0]",106,42.2,"42 Bikes, 82 Trucks",53,1800,1.472222222,50,0.156,0.014722222,0.844,0.249088889,Moderate,8
1472,1 days 08:32:00,"[0, 0, 1, 1]",65,46.4,"23 Patrol, 62 Trucks, 62 Trucks",65,1800,0.902777778,50,0.072,0.009027778,0.928,0.278011111,Moderate,8
1473,1 days 08:33:00,"[1, 0, 0, 1]",189,32.1,"89 Trucks, 65 Trucks",30,1800,2.625,50,0.358,0.02625,0.642,0.2021,Moderate,8
1474,1 days 08:34:00,"[1, 0, 1, 0]",180,29.8,"31 Cars, 24 Ambulance, 30 Bikes, 35 Bikes",55,1800,2.5,50,0.404,0.025,0.596,0.3108,High,8
1475,1 days 08:35:00,"[1, 1, 1, 0]",63,40.0,"94 Vans, 19 Patrol, 57 Trucks, 12 Trucks",39,1800,0.875,50,0.2,0.00875,0.8,0.1995,Low,8
1476,1 days 08:36:00,"[0, 0, 0, 0]",140,44.2,"52 Ambulance, 31 Cars",56,1800,1.944444444,50,0.116,0.019444444,0.884,0.254977778,Moderate,8
1477,1 days 08:37:00,"[0, 1, 1, 0]",199,42.9,"71 Trucks, 93 Fire Extinguisher, 37 Cars",55,1800,2.763888889,50,0.142,0.027638889,0.858,0.259455556,Moderate,8
1478,1 days 08:38:00,"[0, 1, 1, 1]",186,43.9,"62 Fire Extinguisher, 49 Trucks",57,1800,2.583333333,50,0.122,0.025833333,0.878,0.262733333,Moderate,8
1479,1 days 08:39:00,"[1, 1, 1, 0]",171,33.1,"47 Vans, 97 Trucks, 10 Cars, 58 Cars",81,1800,2.375,50,0.338,0.02375,0.662,0.4011,Very High,8
1480,1 days 08:40:00,"[1, 0, 1, 0]",94,44.5,"92 Trucks, 24 Vans, 43 Cars, 10 Patrol",62,1800,1.305555556,50,0.11,0.013055556,0.89,0.275222222,Moderate,8
1481,1 days 08:41:00,"[0, 0, 1, 0]",148,23.6,"28 Bikes, 31 Trucks, 39 Ambulance",57,1800,2.055555556,50,0.528,0.020555556,0.472,0.341822222,High,8
1482,1 days 08:42:00,"[0, 0, 1, 1]",157,36.3,"92 Fire Extinguisher, 54 Patrol",46,1800,2.180555556,50,0.274,0.021805556,0.726,0.247522222,Moderate,8
1483,1 days 08:43:00,"[0, 1, 1, 1]",106,20.2,"98 Trucks, 44 Patrol, 25 Bikes, 21 Bikes",79,1800,1.472222222,50,0.596,0.014722222,0.404,0.441088889,Very High,8
1484,1 days 08:44:00,"[0, 1, 0, 0]",196,29.7,"14 Vans, 92 Patrol, 11 Patrol",67,1800,2.722222222,50,0.406,0.027222222,0.594,0.360088889,High,8
1485,1 days 08:45:00,"[0, 0, 0, 0]",181,31.0,"32 Fire Extinguisher, 66 Fire Extinguisher",60,1800,2.513888889,50,0.38,0.025138889,0.62,0.326055556,High,8
1486,1 days 08:46:00,"[0, 1, 1, 1]",135,31.9,"71 Fire Extinguisher, 77 Vans",66,1800,1.875,50,0.362,0.01875,0.638,0.3439,High,8
1487,1 days 08:47:00,"[1, 0, 1, 1]",73,40.9,"32 Bikes, 36 Ambulance, 100 Bikes",81,1800,1.013888889,50,0.182,0.010138889,0.818,0.364455556,High,8
1488,1 days 08:48:00,"[0, 1, 0, 0]",97,31.7,"86 Ambulance, 79 Patrol, 17 Patrol",70,1800,1.347222222,50,0.366,0.013472222,0.634,0.358588889,High,8
1489,1 days 08:49:00,"[0, 1, 0, 1]",90,33.5,"14 Cars, 55 Patrol, 12 Bikes, 64 Bikes",68,1800,1.25,50,0.33,0.0125,0.67,0.343,High,8
1490,1 days 08:50:00,"[1, 1, 1, 0]",154,27.1,"54 Ambulance, 92 Bikes",44,1800,2.138888889,50,0.458,0.021388889,0.542,0.276155556,Moderate,8
1491,1 days 08:51:00,"[1, 1, 1, 0]",148,31.2,"47 Patrol, 13 Fire Extinguisher",57,1800,2.055555556,50,0.376,0.020555556,0.624,0.311422222,High,8
1492,1 days 08:52:00,"[1, 1, 1, 1]",89,26.8,"67 Cars, 28 Patrol",84,1800,1.236111111,50,0.464,0.012361111,0.536,0.433744444,Very High,8
1493,1 days 08:53:00,"[0, 1, 0, 1]",55,22.2,"97 Trucks, 72 Cars, 54 Patrol, 26 Vans",85,1800,0.763888889,50,0.556,0.007638889,0.444,0.454255556,Very High,8
1494,1 days 08:54:00,"[0, 0, 1, 0]",61,38.1,"10 Ambulance, 63 Cars",33,1800,0.847222222,50,0.238,0.008472222,0.762,0.182988889,Low,8
1495,1 days 08:55:00,"[0, 0, 1, 0]",180,40.0,"18 Cars, 67 Ambulance",57,1800,2.5,50,0.2,0.025,0.8,0.278,Moderate,8
1496,1 days 08:56:00,"[0, 0, 1, 1]",135,38.6,"95 Vans, 19 Bikes, 27 Patrol",53,1800,1.875,50,0.228,0.01875,0.772,0.2651,Moderate,8
1497,1 days 08:57:00,"[1, 1, 1, 1]",146,33.9,"89 Fire Extinguisher, 64 Patrol",90,1800,2.027777778,50,0.322,0.020277778,0.678,0.432511111,Very High,8
1498,1 days 08:58:00,"[0, 0, 1, 0]",107,31.4,"82 Cars, 71 Ambulance",58,1800,1.486111111,50,0.372,0.014861111,0.628,0.312344444,High,8
1499,1 days 08:59:00,"[0, 1, 1, 0]",166,45.9,"76 Bikes, 43 Cars, 89 Fire Extinguisher, 96 Patrol",37,1800,2.305555556,50,0.082,0.023055556,0.918,0.173622222,Low,8
1500,1 days 09:00:00,"[1, 0, 1, 1]",64,35.6,"24 Cars, 100 Vans",75,1800,0.888888889,50,0.288,0.008888889,0.712,0.361155556,High,9
1501,1 days 09:01:00,"[0, 0, 1, 1]",116,34.4,"96 Ambulance, 21 Patrol",81,1800,1.611111111,50,0.312,0.016111111,0.688,0.392844444,High,9
1502,1 days 09:02:00,"[1, 1, 0, 0]",198,20.8,"40 Trucks, 44 Vans, 99 Trucks, 58 Bikes",46,1800,2.75,50,0.584,0.0275,0.416,0.3118,High,9
1503,1 days 09:03:00,"[1, 1, 1, 0]",107,30.2,"85 Ambulance, 17 Patrol, 37 Vans, 41 Vans",85,1800,1.486111111,50,0.396,0.014861111,0.604,0.425144444,Very High,9
1504,1 days 09:04:00,"[1, 0, 0, 1]",117,31.4,"47 Fire Extinguisher, 92 Ambulance",30,1800,1.625,50,0.372,0.01625,0.628,0.2009,Moderate,9
1505,1 days 09:05:00,"[1, 1, 0, 1]",95,32.0,"89 Ambulance, 10 Ambulance, 14 Patrol, 28 Trucks",52,1800,1.319444444,50,0.36,0.013194444,0.64,0.285277778,Moderate,9
1506,1 days 09:06:00,"[0, 1, 1, 1]",66,37.4,"78 Bikes, 43 Bikes, 55 Trucks, 63 Trucks",30,1800,0.916666667,50,0.252,0.009166667,0.748,0.174066667,Low,9
1507,1 days 09:07:00,"[1, 0, 0, 0]",118,36.0,"100 Patrol, 21 Vans, 78 Bikes, 65 Cars",67,1800,1.638888889,50,0.28,0.016388889,0.72,0.330555556,High,9
1508,1 days 09:08:00,"[1, 0, 1, 1]",112,38.2,"10 Patrol, 39 Patrol, 46 Bikes, 27 Vans",82,1800,1.555555556,50,0.236,0.015555556,0.764,0.381422222,High,9
1509,1 days 09:09:00,"[1, 0, 0, 1]",83,42.9,"65 Bikes, 49 Patrol",84,1800,1.152777778,50,0.142,0.011527778,0.858,0.369011111,High,9
1510,1 days 09:10:00,"[0, 1, 1, 0]",119,44.4,"28 Trucks, 98 Cars",55,1800,1.652777778,50,0.112,0.016527778,0.888,0.249011111,Moderate,9
1511,1 days 09:11:00,"[0, 1, 1, 0]",97,41.5,"42 Cars, 42 Vans, 90 Trucks, 68 Cars",74,1800,1.347222222,50,0.17,0.013472222,0.83,0.335388889,High,9
1512,1 days 09:12:00,"[1, 0, 1, 0]",104,48.7,"28 Patrol, 70 Bikes, 19 Ambulance",36,1800,1.444444444,50,0.026,0.014444444,0.974,0.154977778,Low,9
1513,1 days 09:13:00,"[0, 1, 1, 0]",180,20.5,"20 Trucks, 99 Trucks, 93 Cars",62,1800,2.5,50,0.59,0.025,0.41,0.376,High,9
1514,1 days 09:14:00,"[1, 1, 1, 1]",178,25.9,"30 Ambulance, 80 Vans",52,1800,2.472222222,50,0.482,0.024722222,0.518,0.314288889,High,9
1515,1 days 09:15:00,"[1, 1, 0, 1]",170,20.2,"85 Bikes, 87 Ambulance",53,1800,2.361111111,50,0.596,0.023611111,0.404,0.340644444,High,9
1516,1 days 09:16:00,"[0, 0, 0, 1]",167,39.4,"31 Patrol, 95 Patrol, 16 Cars, 43 Trucks",43,1800,2.319444444,50,0.212,0.023194444,0.788,0.223677778,Moderate,9
1517,1 days 09:17:00,"[1, 1, 1, 1]",78,46.9,"18 Patrol, 74 Trucks, 88 Cars, 100 Ambulance",40,1800,1.083333333,50,0.062,0.010833333,0.938,0.176733333,Low,9
1518,1 days 09:18:00,"[1, 1, 0, 0]",166,27.3,"42 Vans, 10 Ambulance, 76 Trucks",75,1800,2.305555556,50,0.454,0.023055556,0.546,0.400022222,Very High,9
1519,1 days 09:19:00,"[0, 1, 0, 0]",175,47.8,"24 Patrol, 31 Fire Extinguisher, 36 Trucks, 35 Patrol",37,1800,2.430555556,50,0.044,0.024305556,0.956,0.166522222,Low,9
1520,1 days 09:20:00,"[1, 1, 0, 1]",113,21.8,"23 Vans, 23 Vans",35,1800,1.569444444,50,0.564,0.015694444,0.436,0.259077778,Moderate,9
1521,1 days 09:21:00,"[0, 0, 1, 1]",76,48.0,"92 Ambulance, 57 Fire Extinguisher, 61 Vans, 36 Patrol",39,1800,1.055555556,50,0.04,0.010555556,0.96,0.168222222,Low,9
1522,1 days 09:22:00,"[0, 0, 1, 1]",131,30.5,"98 Cars, 77 Cars",80,1800,1.819444444,50,0.39,0.018194444,0.61,0.405277778,Very High,9
1523,1 days 09:23:00,"[1, 1, 1, 0]",161,23.0,"40 Cars, 97 Patrol",74,1800,2.236111111,50,0.54,0.022361111,0.46,0.412944444,Very High,9
1524,1 days 09:24:00,"[0, 0, 1, 0]",50,34.6,"82 Ambulance, 51 Fire Extinguisher, 81 Cars",44,1800,0.694444444,50,0.308,0.006944444,0.692,0.240377778,Moderate,9
1525,1 days 09:25:00,"[1, 0, 0, 1]",96,27.7,"72 Cars, 28 Cars, 37 Patrol",48,1800,1.333333333,50,0.446,0.013333333,0.554,0.286533333,Moderate,9
1526,1 days 09:26:00,"[0, 0, 1, 1]",192,28.5,"18 Trucks, 50 Vans, 31 Fire Extinguisher",56,1800,2.666666667,50,0.43,0.026666667,0.57,0.320666667,High,9
1527,1 days 09:27:00,"[0, 1, 1, 1]",142,29.2,"49 Fire Extinguisher, 58 Bikes",73,1800,1.972222222,50,0.416,0.019722222,0.584,0.383088889,High,9
1528,1 days 09:28:00,"[0, 0, 1, 0]",64,44.1,"58 Vans, 55 Trucks",73,1800,0.888888889,50,0.118,0.008888889,0.882,0.319155556,High,9
1529,1 days 09:29:00,"[1, 0, 0, 0]",177,36.2,"73 Cars, 65 Fire Extinguisher",35,1800,2.458333333,50,0.276,0.024583333,0.724,0.205033333,Moderate,9
1530,1 days 09:30:00,"[0, 0, 1, 0]",192,29.3,"78 Bikes, 87 Vans, 79 Fire Extinguisher",69,1800,2.666666667,50,0.414,0.026666667,0.586,0.369466667,High,9
1531,1 days 09:31:00,"[0, 0, 1, 1]",126,38.3,"37 Cars, 92 Ambulance, 85 Vans",57,1800,1.75,50,0.234,0.0175,0.766,0.2818,Moderate,9
1532,1 days 09:32:00,"[1, 0, 1, 1]",111,41.5,"72 Patrol, 98 Patrol",69,1800,1.541666667,50,0.17,0.015416667,0.83,0.316166667,High,9
1533,1 days 09:33:00,"[0, 1, 0, 0]",192,28.2,"77 Patrol, 98 Trucks",71,1800,2.666666667,50,0.436,0.026666667,0.564,0.381866667,High,9
1534,1 days 09:34:00,"[0, 0, 0, 1]",148,32.4,"13 Cars, 42 Bikes, 87 Bikes, 67 Trucks",69,1800,2.055555556,50,0.352,0.020555556,0.648,0.354622222,High,9
1535,1 days 09:35:00,"[1, 0, 0, 0]",92,23.7,"96 Vans, 93 Vans, 82 Trucks, 58 Vans",74,1800,1.277777778,50,0.526,0.012777778,0.474,0.406311111,Very High,9
1536,1 days 09:36:00,"[0, 0, 0, 0]",100,25.4,"47 Patrol, 54 Fire Extinguisher, 54 Cars",47,1800,1.388888889,50,0.492,0.013888889,0.508,0.291955556,Moderate,9
1537,1 days 09:37:00,"[0, 1, 1, 0]",78,40.4,"36 Fire Extinguisher, 23 Fire Extinguisher, 93 Ambulance",75,1800,1.083333333,50,0.192,0.010833333,0.808,0.342733333,High,9
1538,1 days 09:38:00,"[1, 1, 0, 0]",67,25.4,"17 Ambulance, 29 Fire Extinguisher, 19 Cars, 100 Cars",49,1800,0.930555556,50,0.492,0.009305556,0.508,0.298122222,Moderate,9
1539,1 days 09:39:00,"[0, 1, 0, 0]",150,35.8,"97 Cars, 94 Bikes, 50 Cars",55,1800,2.083333333,50,0.284,0.020833333,0.716,0.285133333,Moderate,9
1540,1 days 09:40:00,"[1, 1, 1, 1]",164,41.3,"10 Trucks, 37 Bikes",79,1800,2.277777778,50,0.174,0.022777778,0.826,0.359911111,High,9
1541,1 days 09:41:00,"[0, 0, 0, 0]",149,23.2,"58 Cars, 19 Patrol, 67 Patrol",83,1800,2.069444444,50,0.536,0.020694444,0.464,0.447477778,Very High,9
1542,1 days 09:42:00,"[1, 1, 1, 0]",88,37.0,"56 Vans, 38 Ambulance, 16 Trucks, 85 Trucks",83,1800,1.222222222,50,0.26,0.012222222,0.74,0.388888889,High,9
1543,1 days 09:43:00,"[1, 0, 0, 1]",151,27.7,"50 Trucks, 74 Vans",55,1800,2.097222222,50,0.446,0.020972222,0.554,0.317588889,High,9
1544,1 days 09:44:00,"[1, 0, 0, 1]",106,48.9,"56 Fire Extinguisher, 25 Vans",44,1800,1.472222222,50,0.022,0.014722222,0.978,0.186288889,Low,9
1545,1 days 09:45:00,"[0, 1, 0, 1]",71,34.5,"31 Cars, 43 Ambulance",67,1800,0.986111111,50,0.31,0.009861111,0.69,0.333944444,High,9
1546,1 days 09:46:00,"[1, 1, 1, 0]",191,44.2,"83 Ambulance, 66 Patrol, 46 Vans, 61 Patrol",44,1800,2.652777778,50,0.116,0.026527778,0.884,0.209811111,Moderate,9
1547,1 days 09:47:00,"[1, 1, 1, 0]",58,36.5,"79 Ambulance, 99 Ambulance, 100 Bikes, 29 Cars",59,1800,0.805555556,50,0.27,0.008055556,0.73,0.293222222,Moderate,9
1548,1 days 09:48:00,"[0, 0, 0, 1]",115,21.3,"51 Cars, 65 Bikes, 97 Trucks",47,1800,1.597222222,50,0.574,0.015972222,0.426,0.309188889,High,9
1549,1 days 09:49:00,"[1, 0, 0, 1]",180,39.0,"97 Trucks, 49 Patrol",44,1800,2.5,50,0.22,0.025,0.78,0.23,Moderate,9
1550,1 days 09:50:00,"[0, 0, 1, 1]",67,48.5,"67 Patrol, 94 Cars, 51 Cars, 50 Bikes",87,1800,0.930555556,50,0.03,0.009305556,0.97,0.357722222,High,9
1551,1 days 09:51:00,"[1, 0, 0, 1]",82,38.0,"60 Ambulance, 89 Vans, 55 Ambulance",86,1800,1.138888889,50,0.24,0.011388889,0.76,0.396555556,High,9
1552,1 days 09:52:00,"[0, 1, 0, 1]",95,44.6,"13 Trucks, 12 Ambulance, 97 Patrol, 28 Ambulance",32,1800,1.319444444,50,0.108,0.013194444,0.892,0.154877778,Low,9
1553,1 days 09:53:00,"[0, 0, 0, 1]",110,46.5,"87 Vans, 34 Vans, 25 Patrol, 90 Patrol",53,1800,1.527777778,50,0.07,0.015277778,0.93,0.232111111,Moderate,9
1554,1 days 09:54:00,"[1, 0, 0, 0]",147,26.8,"49 Patrol, 48 Patrol, 92 Vans",40,1800,2.041666667,50,0.464,0.020416667,0.536,0.260966667,Moderate,9
1555,1 days 09:55:00,"[0, 0, 0, 1]",61,26.4,"76 Fire Extinguisher, 93 Fire Extinguisher",69,1800,0.847222222,50,0.472,0.008472222,0.528,0.373788889,High,9
1556,1 days 09:56:00,"[0, 0, 1, 1]",94,38.3,"21 Trucks, 22 Cars",55,1800,1.305555556,50,0.234,0.013055556,0.766,0.272022222,Moderate,9
1557,1 days 09:57:00,"[0, 1, 1, 0]",144,32.3,"44 Vans, 72 Cars",69,1800,2.0,50,0.354,0.02,0.646,0.3548,High,9
1558,1 days 09:58:00,"[0, 1, 0, 1]",109,45.2,"82 Trucks, 31 Cars",81,1800,1.513888889,50,0.096,0.015138889,0.904,0.349255556,High,9
1559,1 days 09:59:00,"[0, 1, 0, 0]",115,47.0,"39 Cars, 55 Cars",36,1800,1.597222222,50,0.06,0.015972222,0.94,0.162388889,Low,9
1560,1 days 10:00:00,"[1, 0, 1, 1]",59,30.6,"11 Bikes, 75 Vans, 65 Ambulance",75,1800,0.819444444,50,0.388,0.008194444,0.612,0.380877778,High,10
1561,1 days 10:01:00,"[0, 1, 1, 1]",116,27.1,"23 Ambulance, 82 Fire Extinguisher, 27 Bikes, 12 Vans",35,1800,1.611111111,50,0.458,0.016111111,0.542,0.238044444,Moderate,10
1562,1 days 10:02:00,"[0, 0, 0, 0]",158,43.4,"70 Vans, 63 Fire Extinguisher, 38 Vans, 22 Patrol",44,1800,2.194444444,50,0.132,0.021944444,0.868,0.211177778,Moderate,10
1563,1 days 10:03:00,"[1, 0, 0, 0]",65,28.2,"88 Bikes, 77 Trucks, 96 Cars, 72 Vans",48,1800,0.902777778,50,0.436,0.009027778,0.564,0.282811111,Moderate,10
1564,1 days 10:04:00,"[1, 1, 1, 1]",147,44.7,"75 Fire Extinguisher, 85 Vans",89,1800,2.041666667,50,0.106,0.020416667,0.894,0.385366667,High,10
1565,1 days 10:05:00,"[1, 1, 1, 1]",122,32.7,"76 Cars, 90 Patrol",65,1800,1.694444444,50,0.346,0.016944444,0.654,0.335977778,High,10
1566,1 days 10:06:00,"[1, 1, 1, 1]",179,40.0,"50 Ambulance, 73 Cars, 40 Patrol",60,1800,2.486111111,50,0.2,0.024861111,0.8,0.289944444,Moderate,10
1567,1 days 10:07:00,"[1, 0, 1, 1]",66,22.9,"59 Ambulance, 27 Ambulance",82,1800,0.916666667,50,0.542,0.009166667,0.458,0.440066667,Very High,10
1568,1 days 10:08:00,"[1, 1, 1, 0]",136,38.7,"44 Cars, 51 Bikes, 25 Cars",77,1800,1.888888889,50,0.226,0.018888889,0.774,0.360755556,High,10
1569,1 days 10:09:00,"[0, 1, 0, 1]",106,33.6,"87 Bikes, 93 Cars, 38 Ambulance, 21 Vans",72,1800,1.472222222,50,0.328,0.014722222,0.672,0.359488889,High,10
1570,1 days 10:10:00,"[0, 0, 1, 1]",119,37.6,"14 Bikes, 90 Bikes",33,1800,1.652777778,50,0.248,0.016527778,0.752,0.188211111,Low,10
1571,1 days 10:11:00,"[1, 1, 0, 1]",147,25.0,"67 Patrol, 12 Fire Extinguisher, 94 Vans, 23 Cars",42,1800,2.041666667,50,0.5,0.020416667,0.5,0.276166667,Moderate,10
1572,1 days 10:12:00,"[0, 1, 0, 1]",132,42.1,"42 Ambulance, 57 Ambulance",42,1800,1.833333333,50,0.158,0.018333333,0.842,0.206933333,Moderate,10
1573,1 days 10:13:00,"[1, 1, 0, 1]",195,45.9,"18 Cars, 12 Bikes, 77 Fire Extinguisher",30,1800,2.708333333,50,0.082,0.027083333,0.918,0.147233333,Low,10
1574,1 days 10:14:00,"[0, 0, 1, 1]",162,26.5,"96 Bikes, 71 Patrol, 77 Ambulance, 26 Cars",34,1800,2.25,50,0.47,0.0225,0.53,0.239,Moderate,10
1575,1 days 10:15:00,"[0, 1, 1, 1]",157,22.9,"14 Ambulance, 53 Cars",86,1800,2.180555556,50,0.542,0.021805556,0.458,0.461122222,Very High,10
1576,1 days 10:16:00,"[1, 1, 0, 1]",161,20.7,"83 Patrol, 54 Ambulance, 56 Vans",89,1800,2.236111111,50,0.586,0.022361111,0.414,0.482144444,Very High,10
1577,1 days 10:17:00,"[1, 1, 0, 1]",145,39.3,"90 Vans, 62 Fire Extinguisher",68,1800,2.013888889,50,0.214,0.020138889,0.786,0.322855556,High,10
1578,1 days 10:18:00,"[1, 0, 1, 0]",178,38.2,"40 Ambulance, 63 Ambulance, 70 Patrol, 59 Cars",56,1800,2.472222222,50,0.236,0.024722222,0.764,0.281088889,Moderate,10
1579,1 days 10:19:00,"[1, 1, 1, 1]",88,36.4,"64 Patrol, 78 Patrol, 51 Bikes, 76 Patrol",75,1800,1.222222222,50,0.272,0.012222222,0.728,0.359288889,High,10
1580,1 days 10:20:00,"[0, 1, 0, 0]",147,27.0,"84 Patrol, 72 Fire Extinguisher, 23 Ambulance",45,1800,2.041666667,50,0.46,0.020416667,0.54,0.280166667,Moderate,10
1581,1 days 10:21:00,"[0, 0, 0, 0]",63,31.7,"32 Vans, 26 Trucks",81,1800,0.875,50,0.366,0.00875,0.634,0.4007,Very High,10
1582,1 days 10:22:00,"[1, 0, 1, 1]",121,37.8,"97 Cars, 100 Bikes",72,1800,1.680555556,50,0.244,0.016805556,0.756,0.343522222,High,10
1583,1 days 10:23:00,"[1, 1, 0, 0]",68,34.9,"57 Patrol, 92 Cars, 10 Vans, 79 Vans",66,1800,0.944444444,50,0.302,0.009444444,0.698,0.328177778,High,10
1584,1 days 10:24:00,"[1, 0, 0, 0]",91,49.6,"35 Cars, 78 Bikes, 24 Vans",31,1800,1.263888889,50,0.008,0.012638889,0.992,0.130655556,Low,10
1585,1 days 10:25:00,"[1, 0, 0, 1]",75,24.1,"21 Cars, 31 Ambulance",42,1800,1.041666667,50,0.518,0.010416667,0.482,0.275766667,Moderate,10
1586,1 days 10:26:00,"[1, 1, 1, 1]",183,40.9,"90 Ambulance, 59 Bikes",67,1800,2.541666667,50,0.182,0.025416667,0.818,0.314566667,High,10
1587,1 days 10:27:00,"[0, 0, 1, 1]",81,32.1,"70 Cars, 33 Fire Extinguisher",37,1800,1.125,50,0.358,0.01125,0.642,0.2241,Moderate,10
1588,1 days 10:28:00,"[1, 1, 1, 1]",158,32.8,"90 Ambulance, 71 Trucks",50,1800,2.194444444,50,0.344,0.021944444,0.656,0.277577778,Moderate,10
1589,1 days 10:29:00,"[0, 1, 0, 0]",145,41.5,"11 Fire Extinguisher, 91 Vans, 51 Trucks",36,1800,2.013888889,50,0.17,0.020138889,0.83,0.186055556,Low,10
1590,1 days 10:30:00,"[0, 0, 0, 1]",186,40.8,"75 Trucks, 23 Vans",79,1800,2.583333333,50,0.184,0.025833333,0.816,0.363133333,High,10
1591,1 days 10:31:00,"[0, 1, 0, 1]",169,49.7,"98 Vans, 32 Cars",54,1800,2.347222222,50,0.006,0.023472222,0.994,0.226588889,Moderate,10
1592,1 days 10:32:00,"[0, 1, 0, 1]",117,23.9,"83 Ambulance, 92 Vans",40,1800,1.625,50,0.522,0.01625,0.478,0.2709,Moderate,10
1593,1 days 10:33:00,"[1, 0, 1, 0]",113,23.1,"56 Vans, 42 Ambulance, 35 Bikes, 78 Ambulance",41,1800,1.569444444,50,0.538,0.015694444,0.462,0.277877778,Moderate,10
1594,1 days 10:34:00,"[1, 0, 1, 1]",97,41.7,"32 Cars, 98 Bikes, 66 Fire Extinguisher, 95 Vans",77,1800,1.347222222,50,0.166,0.013472222,0.834,0.346588889,High,10
1595,1 days 10:35:00,"[1, 0, 1, 0]",53,37.4,"30 Vans, 79 Ambulance",64,1800,0.736111111,50,0.252,0.007361111,0.748,0.309344444,High,10
1596,1 days 10:36:00,"[1, 0, 1, 1]",80,28.2,"88 Cars, 14 Vans, 69 Patrol, 87 Bikes",60,1800,1.111111111,50,0.436,0.011111111,0.564,0.331644444,High,10
1597,1 days 10:37:00,"[0, 1, 0, 1]",188,22.4,"33 Patrol, 36 Bikes, 70 Trucks, 96 Patrol",68,1800,2.611111111,50,0.552,0.026111111,0.448,0.392844444,High,10
1598,1 days 10:38:00,"[0, 0, 0, 1]",170,22.6,"38 Bikes, 90 Ambulance",30,1800,2.361111111,50,0.548,0.023611111,0.452,0.239044444,Moderate,10
1599,1 days 10:39:00,"[0, 0, 1, 1]",102,46.8,"33 Cars, 64 Fire Extinguisher",84,1800,1.416666667,50,0.064,0.014166667,0.936,0.354466667,High,10
1600,1 days 10:40:00,"[0, 1, 0, 0]",108,25.8,"88 Cars, 90 Fire Extinguisher, 31 Vans",87,1800,1.5,50,0.484,0.015,0.516,0.4508,Very High,10
1601,1 days 10:41:00,"[0, 1, 1, 1]",122,29.7,"40 Vans, 92 Bikes, 67 Cars, 99 Bikes",50,1800,1.694444444,50,0.406,0.016944444,0.594,0.287977778,Moderate,10
1602,1 days 10:42:00,"[0, 1, 0, 1]",100,26.8,"89 Ambulance, 27 Trucks",71,1800,1.388888889,50,0.464,0.013888889,0.536,0.382355556,High,10
1603,1 days 10:43:00,"[1, 1, 1, 0]",128,30.6,"83 Bikes, 55 Patrol, 37 Cars",42,1800,1.777777778,50,0.388,0.017777778,0.612,0.252711111,Moderate,10
1604,1 days 10:44:00,"[0, 0, 0, 1]",105,22.1,"93 Patrol, 43 Cars, 28 Trucks",81,1800,1.458333333,50,0.558,0.014583333,0.442,0.441433333,Very High,10
1605,1 days 10:45:00,"[0, 0, 1, 1]",127,35.6,"81 Fire Extinguisher, 61 Fire Extinguisher, 85 Vans, 57 Cars",86,1800,1.763888889,50,0.288,0.017638889,0.712,0.408655556,Very High,10
1606,1 days 10:46:00,"[1, 0, 1, 0]",198,22.0,"48 Ambulance, 87 Fire Extinguisher, 77 Patrol, 95 Ambulance",66,1800,2.75,50,0.56,0.0275,0.44,0.387,High,10
1607,1 days 10:47:00,"[0, 1, 1, 0]",69,44.0,"38 Cars, 83 Bikes",88,1800,0.958333333,50,0.12,0.009583333,0.88,0.379833333,High,10
1608,1 days 10:48:00,"[0, 1, 1, 1]",126,27.0,"19 Trucks, 77 Bikes, 78 Vans",86,1800,1.75,50,0.46,0.0175,0.54,0.443,Very High,10
1609,1 days 10:49:00,"[0, 0, 0, 1]",182,36.2,"17 Bikes, 61 Vans, 12 Ambulance, 10 Bikes",79,1800,2.527777778,50,0.276,0.025277778,0.724,0.381311111,High,10
1610,1 days 10:50:00,"[0, 0, 0, 0]",84,46.4,"55 Bikes, 68 Trucks, 24 Patrol",70,1800,1.166666667,50,0.072,0.011666667,0.928,0.299066667,Moderate,10
1611,1 days 10:51:00,"[1, 1, 1, 1]",150,39.5,"91 Bikes, 16 Cars, 23 Trucks, 72 Fire Extinguisher",52,1800,2.083333333,50,0.21,0.020833333,0.79,0.258333333,Moderate,10
1612,1 days 10:52:00,"[1, 0, 1, 1]",81,36.0,"82 Trucks, 83 Bikes, 55 Bikes",58,1800,1.125,50,0.28,0.01125,0.72,0.2925,Moderate,10
1613,1 days 10:53:00,"[0, 0, 0, 1]",93,29.7,"86 Bikes, 13 Bikes, 60 Ambulance, 44 Patrol",33,1800,1.291666667,50,0.406,0.012916667,0.594,0.218366667,Moderate,10
1614,1 days 10:54:00,"[0, 1, 0, 1]",159,30.0,"20 Cars, 80 Cars, 89 Trucks, 66 Fire Extinguisher",74,1800,2.208333333,50,0.4,0.022083333,0.6,0.384833333,High,10
1615,1 days 10:55:00,"[1, 0, 0, 1]",88,40.1,"24 Cars, 97 Trucks",71,1800,1.222222222,50,0.198,0.012222222,0.802,0.328488889,High,10
1616,1 days 10:56:00,"[1, 0, 1, 0]",98,49.8,"33 Ambulance, 70 Bikes",58,1800,1.361111111,50,0.004,0.013611111,0.996,0.238244444,Moderate,10
1617,1 days 10:57:00,"[0, 1, 1, 1]",83,39.9,"20 Patrol, 63 Trucks, 47 Bikes",51,1800,1.152777778,50,0.202,0.011527778,0.798,0.249011111,Moderate,10
1618,1 days 10:58:00,"[0, 0, 0, 0]",95,36.7,"73 Ambulance, 26 Ambulance",88,1800,1.319444444,50,0.266,0.013194444,0.734,0.410477778,Very High,10
1619,1 days 10:59:00,"[0, 1, 1, 1]",195,41.9,"66 Trucks, 63 Bikes",67,1800,2.708333333,50,0.162,0.027083333,0.838,0.311233333,High,10
1620,1 days 11:00:00,"[0, 1, 0, 1]",151,34.0,"41 Ambulance, 18 Fire Extinguisher, 87 Patrol, 25 Bikes",43,1800,2.097222222,50,0.32,0.020972222,0.68,0.244388889,Moderate,11
1621,1 days 11:01:00,"[1, 0, 1, 1]",149,21.8,"70 Vans, 44 Bikes, 41 Vans, 10 Trucks",50,1800,2.069444444,50,0.564,0.020694444,0.436,0.321077778,High,11
1622,1 days 11:02:00,"[0, 0, 0, 1]",58,36.9,"95 Vans, 67 Fire Extinguisher",43,1800,0.805555556,50,0.262,0.008055556,0.738,0.227622222,Moderate,11
1623,1 days 11:03:00,"[1, 0, 0, 1]",79,48.7,"19 Fire Extinguisher, 59 Vans, 100 Ambulance",85,1800,1.097222222,50,0.026,0.010972222,0.974,0.349588889,High,11
1624,1 days 11:04:00,"[1, 0, 0, 1]",158,25.3,"28 Fire Extinguisher, 53 Patrol",43,1800,2.194444444,50,0.494,0.021944444,0.506,0.279577778,Moderate,11
1625,1 days 11:05:00,"[1, 0, 1, 1]",111,40.7,"47 Cars, 65 Vans",70,1800,1.541666667,50,0.186,0.015416667,0.814,0.323366667,High,11
1626,1 days 11:06:00,"[1, 0, 1, 0]",179,26.0,"65 Vans, 44 Patrol",58,1800,2.486111111,50,0.48,0.024861111,0.52,0.337944444,High,11
1627,1 days 11:07:00,"[1, 1, 0, 0]",136,36.1,"18 Patrol, 71 Patrol, 50 Fire Extinguisher, 71 Vans",43,1800,1.888888889,50,0.278,0.018888889,0.722,0.235155556,Moderate,11
1628,1 days 11:08:00,"[0, 1, 1, 1]",114,22.9,"69 Fire Extinguisher, 98 Fire Extinguisher, 86 Vans",66,1800,1.583333333,50,0.542,0.015833333,0.458,0.378733333,High,11
1629,1 days 11:09:00,"[1, 0, 0, 0]",73,33.5,"39 Ambulance, 88 Trucks, 45 Ambulance, 73 Cars",71,1800,1.013888889,50,0.33,0.010138889,0.67,0.354055556,High,11
1630,1 days 11:10:00,"[1, 1, 0, 1]",111,42.7,"23 Cars, 32 Cars",80,1800,1.541666667,50,0.146,0.015416667,0.854,0.355366667,High,11
1631,1 days 11:11:00,"[0, 1, 1, 1]",154,30.4,"16 Patrol, 27 Ambulance, 71 Trucks, 91 Vans",88,1800,2.138888889,50,0.392,0.021388889,0.608,0.438955556,Very High,11
1632,1 days 11:12:00,"[0, 1, 0, 0]",93,39.9,"68 Vans, 85 Ambulance, 14 Cars",61,1800,1.291666667,50,0.202,0.012916667,0.798,0.289566667,Moderate,11
1633,1 days 11:13:00,"[1, 0, 1, 1]",83,43.9,"10 Patrol, 27 Cars, 37 Ambulance, 54 Ambulance",75,1800,1.152777778,50,0.122,0.011527778,0.878,0.329011111,High,11
1634,1 days 11:14:00,"[1, 1, 1, 1]",131,47.8,"50 Ambulance, 15 Bikes",42,1800,1.819444444,50,0.044,0.018194444,0.956,0.184077778,Low,11
1635,1 days 11:15:00,"[1, 0, 0, 0]",89,27.0,"57 Ambulance, 54 Vans, 50 Patrol",81,1800,1.236111111,50,0.46,0.012361111,0.54,0.420944444,Very High,11
1636,1 days 11:16:00,"[0, 0, 0, 0]",121,32.0,"86 Bikes, 72 Trucks, 78 Vans",76,1800,1.680555556,50,0.36,0.016805556,0.64,0.382722222,High,11
1637,1 days 11:17:00,"[1, 0, 0, 0]",192,24.6,"90 Fire Extinguisher, 35 Ambulance, 32 Patrol, 27 Ambulance",62,1800,2.666666667,50,0.508,0.026666667,0.492,0.360266667,High,11
1638,1 days 11:18:00,"[1, 1, 1, 1]",137,49.8,"99 Fire Extinguisher, 76 Patrol, 24 Bikes, 30 Patrol",71,1800,1.902777778,50,0.004,0.019027778,0.996,0.292411111,Moderate,11
1639,1 days 11:19:00,"[0, 1, 1, 1]",104,47.8,"41 Cars, 44 Vans, 42 Ambulance, 52 Cars",57,1800,1.444444444,50,0.044,0.014444444,0.956,0.242577778,Moderate,11
1640,1 days 11:20:00,"[1, 1, 1, 1]",75,36.2,"87 Cars, 62 Fire Extinguisher, 40 Vans, 42 Patrol",60,1800,1.041666667,50,0.276,0.010416667,0.724,0.299366667,Moderate,11
1641,1 days 11:21:00,"[0, 0, 0, 0]",140,45.3,"30 Vans, 48 Vans",71,1800,1.944444444,50,0.094,0.019444444,0.906,0.310577778,High,11
1642,1 days 11:22:00,"[0, 1, 1, 1]",106,35.6,"32 Cars, 73 Bikes, 40 Trucks",58,1800,1.472222222,50,0.288,0.014722222,0.712,0.295488889,Moderate,11
1643,1 days 11:23:00,"[1, 0, 1, 1]",74,38.7,"98 Trucks, 49 Patrol",39,1800,1.027777778,50,0.226,0.010277778,0.774,0.205311111,Moderate,11
1644,1 days 11:24:00,"[1, 1, 0, 0]",198,22.7,"14 Cars, 18 Ambulance, 45 Bikes, 81 Fire Extinguisher",76,1800,2.75,50,0.546,0.0275,0.454,0.4242,Very High,11
1645,1 days 11:25:00,"[0, 0, 1, 0]",58,42.7,"97 Fire Extinguisher, 78 Patrol, 82 Fire Extinguisher, 11 Trucks",34,1800,0.805555556,50,0.146,0.008055556,0.854,0.168422222,Low,11
1646,1 days 11:26:00,"[1, 1, 0, 1]",62,23.8,"86 Bikes, 14 Cars, 43 Trucks",55,1800,0.861111111,50,0.524,0.008611111,0.476,0.328244444,High,11
1647,1 days 11:27:00,"[1, 0, 1, 0]",77,44.8,"23 Ambulance, 78 Bikes, 17 Cars, 18 Cars",83,1800,1.069444444,50,0.104,0.010694444,0.896,0.357077778,High,11
1648,1 days 11:28:00,"[0, 1, 1, 0]",128,43.5,"20 Cars, 51 Patrol, 16 Trucks",35,1800,1.777777778,50,0.13,0.017777778,0.87,0.173111111,Low,11
1649,1 days 11:29:00,"[1, 1, 1, 1]",188,41.3,"39 Fire Extinguisher, 90 Trucks, 70 Vans, 38 Trucks",68,1800,2.611111111,50,0.174,0.026111111,0.826,0.317244444,High,11
1650,1 days 11:30:00,"[1, 0, 0, 1]",54,21.1,"69 Patrol, 20 Ambulance, 10 Bikes, 57 Patrol",86,1800,0.75,50,0.578,0.0075,0.422,0.4626,Very High,11
1651,1 days 11:31:00,"[1, 1, 0, 1]",55,29.1,"13 Cars, 74 Trucks",53,1800,0.763888889,50,0.418,0.007638889,0.582,0.298655556,Moderate,11
1652,1 days 11:32:00,"[0, 1, 0, 0]",130,27.9,"70 Patrol, 95 Vans",73,1800,1.805555556,50,0.442,0.018055556,0.558,0.387622222,High,11
1653,1 days 11:33:00,"[1, 1, 1, 0]",58,30.8,"73 Fire Extinguisher, 28 Patrol",38,1800,0.805555556,50,0.384,0.008055556,0.616,0.232022222,Moderate,11
1654,1 days 11:34:00,"[0, 0, 0, 0]",52,22.6,"36 Fire Extinguisher, 96 Trucks, 31 Cars, 23 Cars",73,1800,0.722222222,50,0.548,0.007222222,0.452,0.404488889,Very High,11
1655,1 days 11:35:00,"[0, 1, 0, 1]",100,48.1,"93 Cars, 12 Ambulance, 93 Bikes",84,1800,1.388888889,50,0.038,0.013888889,0.962,0.349155556,High,11
1656,1 days 11:36:00,"[0, 0, 0, 1]",177,36.6,"45 Bikes, 98 Cars, 32 Ambulance, 33 Vans",60,1800,2.458333333,50,0.268,0.024583333,0.732,0.303433333,High,11
1657,1 days 11:37:00,"[0, 0, 1, 1]",78,29.2,"89 Vans, 43 Vans, 99 Patrol, 95 Bikes",52,1800,1.083333333,50,0.416,0.010833333,0.584,0.295533333,Moderate,11
1658,1 days 11:38:00,"[0, 0, 1, 0]",191,31.9,"15 Fire Extinguisher, 68 Cars, 31 Trucks",47,1800,2.652777778,50,0.362,0.026527778,0.638,0.271011111,Moderate,11
1659,1 days 11:39:00,"[0, 0, 0, 1]",84,33.4,"97 Fire Extinguisher, 51 Cars, 80 Vans, 58 Vans",33,1800,1.166666667,50,0.332,0.011666667,0.668,0.203066667,Moderate,11
1660,1 days 11:40:00,"[1, 1, 0, 0]",58,38.0,"28 Fire Extinguisher, 64 Fire Extinguisher, 33 Bikes, 42 Ambulance",74,1800,0.805555556,50,0.24,0.008055556,0.76,0.347222222,High,11
1661,1 days 11:41:00,"[1, 1, 1, 0]",185,35.5,"27 Bikes, 35 Bikes, 97 Patrol, 83 Ambulance",64,1800,2.569444444,50,0.29,0.025694444,0.71,0.324277778,High,11
1662,1 days 11:42:00,"[1, 0, 1, 1]",98,47.6,"64 Cars, 21 Patrol, 39 Ambulance",84,1800,1.361111111,50,0.048,0.013611111,0.952,0.351044444,High,11
1663,1 days 11:43:00,"[1, 1, 1, 1]",166,34.9,"29 Bikes, 18 Trucks, 93 Trucks",85,1800,2.305555556,50,0.302,0.023055556,0.698,0.409622222,Very High,11
1664,1 days 11:44:00,"[0, 0, 0, 1]",99,49.8,"60 Trucks, 80 Fire Extinguisher",58,1800,1.375,50,0.004,0.01375,0.996,0.2383,Moderate,11
1665,1 days 11:45:00,"[0, 1, 1, 1]",96,45.5,"31 Fire Extinguisher, 50 Ambulance, 66 Ambulance, 31 Patrol",85,1800,1.333333333,50,0.09,0.013333333,0.91,0.363333333,High,11
1666,1 days 11:46:00,"[0, 0, 1, 1]",100,26.3,"42 Trucks, 19 Ambulance",47,1800,1.388888889,50,0.474,0.013888889,0.526,0.288355556,Moderate,11
1667,1 days 11:47:00,"[0, 1, 1, 0]",167,47.9,"22 Vans, 19 Bikes",80,1800,2.319444444,50,0.042,0.023194444,0.958,0.337677778,High,11
1668,1 days 11:48:00,"[1, 0, 1, 0]",150,23.5,"66 Trucks, 11 Trucks, 32 Trucks, 54 Fire Extinguisher",80,1800,2.083333333,50,0.53,0.020833333,0.47,0.434333333,Very High,11
1669,1 days 11:49:00,"[1, 1, 1, 1]",157,44.5,"54 Fire Extinguisher, 79 Trucks",65,1800,2.180555556,50,0.11,0.021805556,0.89,0.290722222,Moderate,11
1670,1 days 11:50:00,"[0, 0, 0, 1]",108,31.4,"59 Trucks, 80 Bikes, 26 Ambulance",67,1800,1.5,50,0.372,0.015,0.628,0.3484,High,11
1671,1 days 11:51:00,"[1, 1, 0, 0]",122,46.3,"68 Patrol, 16 Ambulance",70,1800,1.694444444,50,0.074,0.016944444,0.926,0.301577778,High,11
1672,1 days 11:52:00,"[0, 1, 1, 1]",64,46.0,"35 Ambulance, 56 Patrol",76,1800,0.888888889,50,0.08,0.008888889,0.92,0.323555556,High,11
1673,1 days 11:53:00,"[0, 0, 0, 0]",89,44.2,"72 Vans, 99 Fire Extinguisher, 16 Bikes, 70 Fire Extinguisher",59,1800,1.236111111,50,0.116,0.012361111,0.884,0.264144444,Moderate,11
1674,1 days 11:54:00,"[1, 0, 1, 1]",89,43.7,"100 Cars, 59 Ambulance",63,1800,1.236111111,50,0.126,0.012361111,0.874,0.282144444,Moderate,11
1675,1 days 11:55:00,"[0, 1, 1, 1]",139,29.1,"88 Patrol, 55 Patrol",59,1800,1.930555556,50,0.418,0.019305556,0.582,0.327322222,High,11
1676,1 days 11:56:00,"[1, 1, 0, 1]",170,22.4,"95 Fire Extinguisher, 81 Vans, 30 Vans, 41 Fire Extinguisher",43,1800,2.361111111,50,0.552,0.023611111,0.448,0.291844444,Moderate,11
1677,1 days 11:57:00,"[0, 0, 1, 0]",93,32.1,"34 Patrol, 28 Bikes, 80 Bikes, 60 Ambulance",44,1800,1.291666667,50,0.358,0.012916667,0.642,0.252766667,Moderate,11
1678,1 days 11:58:00,"[1, 1, 1, 0]",58,25.2,"94 Cars, 37 Trucks, 40 Vans, 53 Patrol",89,1800,0.805555556,50,0.496,0.008055556,0.504,0.458422222,Very High,11
1679,1 days 11:59:00,"[1, 1, 0, 0]",62,40.8,"31 Vans, 92 Fire Extinguisher, 34 Bikes",84,1800,0.861111111,50,0.184,0.008611111,0.816,0.376244444,High,11
1680,1 days 12:00:00,"[0, 0, 0, 0]",106,30.4,"27 Vans, 22 Cars",68,1800,1.472222222,50,0.392,0.014722222,0.608,0.356288889,High,12
1681,1 days 12:01:00,"[1, 0, 0, 1]",147,49.3,"58 Bikes, 20 Ambulance, 55 Cars, 13 Fire Extinguisher",50,1800,2.041666667,50,0.014,0.020416667,0.986,0.210966667,Moderate,12
1682,1 days 12:02:00,"[1, 1, 1, 1]",195,39.2,"10 Ambulance, 38 Trucks, 97 Trucks",85,1800,2.708333333,50,0.216,0.027083333,0.784,0.394033333,High,12
1683,1 days 12:03:00,"[1, 1, 0, 1]",193,44.7,"83 Ambulance, 74 Bikes, 28 Vans, 100 Cars",56,1800,2.680555556,50,0.106,0.026805556,0.894,0.255922222,Moderate,12
1684,1 days 12:04:00,"[1, 1, 0, 0]",195,24.0,"48 Fire Extinguisher, 22 Fire Extinguisher, 36 Bikes, 28 Bikes",85,1800,2.708333333,50,0.52,0.027083333,0.48,0.454833333,Very High,12
1685,1 days 12:05:00,"[0, 0, 1, 1]",194,45.9,"64 Ambulance, 89 Ambulance, 49 Fire Extinguisher, 40 Ambulance",31,1800,2.694444444,50,0.082,0.026944444,0.918,0.151177778,Low,12
1686,1 days 12:06:00,"[0, 0, 1, 1]",110,47.7,"49 Patrol, 77 Cars",57,1800,1.527777778,50,0.046,0.015277778,0.954,0.243311111,Moderate,12
1687,1 days 12:07:00,"[0, 1, 0, 1]",83,34.6,"20 Fire Extinguisher, 16 Bikes, 31 Vans",60,1800,1.152777778,50,0.308,0.011527778,0.692,0.306211111,High,12
1688,1 days 12:08:00,"[0, 0, 1, 0]",115,38.2,"59 Bikes, 34 Bikes, 37 Cars, 32 Ambulance",44,1800,1.597222222,50,0.236,0.015972222,0.764,0.229588889,Moderate,12
1689,1 days 12:09:00,"[0, 0, 0, 0]",200,42.9,"20 Ambulance, 17 Fire Extinguisher, 99 Cars, 18 Bikes",75,1800,2.777777778,50,0.142,0.027777778,0.858,0.339511111,High,12
1690,1 days 12:10:00,"[1, 0, 1, 1]",71,25.2,"45 Trucks, 43 Trucks",88,1800,0.986111111,50,0.496,0.009861111,0.504,0.455144444,Very High,12
1691,1 days 12:11:00,"[0, 1, 1, 1]",113,35.1,"54 Ambulance, 40 Trucks, 62 Trucks, 89 Bikes",73,1800,1.569444444,50,0.298,0.015694444,0.702,0.357877778,High,12
1692,1 days 12:12:00,"[0, 0, 0, 1]",146,32.0,"43 Patrol, 75 Fire Extinguisher, 22 Patrol",56,1800,2.027777778,50,0.36,0.020277778,0.64,0.304111111,High,12
1693,1 days 12:13:00,"[0, 0, 1, 1]",141,24.4,"99 Bikes, 19 Bikes, 35 Fire Extinguisher",35,1800,1.958333333,50,0.512,0.019583333,0.488,0.250233333,Moderate,12
1694,1 days 12:14:00,"[1, 1, 0, 1]",167,31.0,"62 Patrol, 36 Vans, 72 Fire Extinguisher",76,1800,2.319444444,50,0.38,0.023194444,0.62,0.389277778,High,12
1695,1 days 12:15:00,"[1, 1, 1, 1]",65,22.0,"34 Trucks, 54 Patrol",67,1800,0.902777778,50,0.56,0.009027778,0.44,0.383611111,High,12
1696,1 days 12:16:00,"[1, 1, 0, 0]",110,20.8,"59 Cars, 61 Fire Extinguisher, 27 Trucks, 56 Fire Extinguisher",55,1800,1.527777778,50,0.584,0.015277778,0.416,0.342911111,High,12
1697,1 days 12:17:00,"[0, 0, 0, 0]",105,24.1,"33 Fire Extinguisher, 59 Ambulance, 53 Patrol, 76 Bikes",60,1800,1.458333333,50,0.518,0.014583333,0.482,0.349433333,High,12
1698,1 days 12:18:00,"[0, 0, 1, 1]",109,48.9,"77 Bikes, 77 Cars, 55 Bikes, 83 Bikes",84,1800,1.513888889,50,0.022,0.015138889,0.978,0.346455556,High,12
1699,1 days 12:19:00,"[0, 0, 1, 0]",124,36.5,"61 Cars, 62 Trucks, 87 Ambulance, 14 Vans",83,1800,1.722222222,50,0.27,0.017222222,0.73,0.392888889,High,12
1700,1 days 12:20:00,"[0, 0, 0, 0]",158,49.0,"40 Fire Extinguisher, 35 Trucks, 34 Patrol, 18 Ambulance",68,1800,2.194444444,50,0.02,0.021944444,0.98,0.284777778,Moderate,12
1701,1 days 12:21:00,"[1, 1, 0, 1]",132,33.0,"61 Vans, 92 Trucks, 46 Vans, 15 Ambulance",53,1800,1.833333333,50,0.34,0.018333333,0.66,0.287333333,Moderate,12
1702,1 days 12:22:00,"[1, 1, 1, 1]",161,29.4,"58 Ambulance, 17 Ambulance, 98 Fire Extinguisher",82,1800,2.236111111,50,0.412,0.022361111,0.588,0.419344444,Very High,12
1703,1 days 12:23:00,"[0, 0, 0, 0]",164,35.2,"24 Cars, 66 Vans",44,1800,2.277777778,50,0.296,0.022777778,0.704,0.244311111,Moderate,12
1704,1 days 12:24:00,"[1, 1, 0, 1]",127,33.2,"11 Ambulance, 10 Ambulance, 69 Patrol",75,1800,1.763888889,50,0.336,0.017638889,0.664,0.374255556,High,12
1705,1 days 12:25:00,"[1, 0, 0, 0]",83,23.2,"23 Ambulance, 34 Trucks, 34 Vans, 77 Vans",34,1800,1.152777778,50,0.536,0.011527778,0.464,0.247811111,Moderate,12
1706,1 days 12:26:00,"[1, 1, 0, 0]",146,39.2,"32 Vans, 93 Patrol",58,1800,2.027777778,50,0.216,0.020277778,0.784,0.283311111,Moderate,12
1707,1 days 12:27:00,"[0, 0, 0, 1]",119,26.5,"36 Trucks, 88 Vans, 49 Fire Extinguisher",88,1800,1.652777778,50,0.47,0.016527778,0.53,0.452611111,Very High,12
1708,1 days 12:28:00,"[0, 0, 0, 1]",146,38.6,"97 Cars, 99 Vans",40,1800,2.027777778,50,0.228,0.020277778,0.772,0.213711111,Moderate,12
1709,1 days 12:29:00,"[1, 0, 0, 1]",131,39.5,"79 Bikes, 10 Ambulance, 25 Trucks",69,1800,1.819444444,50,0.21,0.018194444,0.79,0.325277778,High,12
1710,1 days 12:30:00,"[1, 1, 1, 0]",114,24.6,"38 Trucks, 81 Trucks, 37 Bikes, 60 Trucks",77,1800,1.583333333,50,0.508,0.015833333,0.492,0.415933333,Very High,12
1711,1 days 12:31:00,"[0, 1, 1, 0]",117,21.8,"53 Ambulance, 64 Bikes, 33 Vans, 26 Trucks",38,1800,1.625,50,0.564,0.01625,0.436,0.2713,Moderate,12
1712,1 days 12:32:00,"[1, 0, 0, 0]",198,43.4,"93 Fire Extinguisher, 20 Bikes, 42 Bikes",35,1800,2.75,50,0.132,0.0275,0.868,0.1774,Low,12
1713,1 days 12:33:00,"[0, 0, 0, 0]",150,33.8,"59 Vans, 80 Fire Extinguisher",81,1800,2.083333333,50,0.324,0.020833333,0.676,0.397133333,High,12
1714,1 days 12:34:00,"[1, 1, 0, 0]",83,21.7,"100 Ambulance, 45 Cars, 98 Fire Extinguisher",80,1800,1.152777778,50,0.566,0.011527778,0.434,0.437811111,Very High,12
1715,1 days 12:35:00,"[0, 0, 1, 0]",130,49.8,"13 Vans, 38 Cars, 92 Ambulance",35,1800,1.805555556,50,0.004,0.018055556,0.996,0.148022222,Low,12
1716,1 days 12:36:00,"[1, 1, 1, 0]",79,21.7,"97 Trucks, 85 Vans",85,1800,1.097222222,50,0.566,0.010972222,0.434,0.457588889,Very High,12
1717,1 days 12:37:00,"[1, 0, 0, 0]",195,40.9,"16 Fire Extinguisher, 50 Ambulance, 73 Ambulance",81,1800,2.708333333,50,0.182,0.027083333,0.818,0.371233333,High,12
1718,1 days 12:38:00,"[0, 0, 0, 0]",65,49.5,"58 Cars, 88 Bikes, 54 Ambulance, 29 Trucks",30,1800,0.902777778,50,0.01,0.009027778,0.99,0.125611111,Low,12
1719,1 days 12:39:00,"[1, 1, 1, 1]",184,27.2,"32 Vans, 93 Patrol, 77 Trucks",61,1800,2.555555556,50,0.456,0.025555556,0.544,0.345422222,High,12
1720,1 days 12:40:00,"[1, 0, 0, 0]",189,24.3,"99 Cars, 55 Fire Extinguisher, 87 Patrol, 43 Patrol",74,1800,2.625,50,0.514,0.02625,0.486,0.4093,Very High,12
1721,1 days 12:41:00,"[1, 1, 1, 1]",127,23.6,"26 Trucks, 73 Trucks",51,1800,1.763888889,50,0.528,0.017638889,0.472,0.316655556,High,12
1722,1 days 12:42:00,"[1, 1, 1, 0]",65,29.1,"89 Patrol, 21 Fire Extinguisher, 16 Cars",89,1800,0.902777778,50,0.418,0.009027778,0.582,0.443211111,Very High,12
1723,1 days 12:43:00,"[1, 1, 0, 0]",144,23.0,"16 Trucks, 26 Vans, 67 Cars, 67 Fire Extinguisher",60,1800,2.0,50,0.54,0.02,0.46,0.356,High,12
1724,1 days 12:44:00,"[1, 0, 0, 1]",50,40.8,"12 Patrol, 92 Fire Extinguisher",88,1800,0.694444444,50,0.184,0.006944444,0.816,0.391577778,High,12
1725,1 days 12:45:00,"[0, 0, 1, 1]",146,21.9,"72 Trucks, 98 Fire Extinguisher",48,1800,2.027777778,50,0.562,0.020277778,0.438,0.312511111,High,12
1726,1 days 12:46:00,"[0, 1, 1, 0]",137,35.3,"25 Fire Extinguisher, 53 Fire Extinguisher",46,1800,1.902777778,50,0.294,0.019027778,0.706,0.250411111,Moderate,12
1727,1 days 12:47:00,"[1, 0, 0, 0]",144,49.9,"100 Fire Extinguisher, 66 Vans, 41 Trucks",68,1800,2.0,50,0.002,0.02,0.998,0.2804,Moderate,12
1728,1 days 12:48:00,"[1, 0, 1, 0]",184,44.4,"13 Vans, 27 Fire Extinguisher, 24 Vans, 24 Bikes",57,1800,2.555555556,50,0.112,0.025555556,0.888,0.260622222,Moderate,12
1729,1 days 12:49:00,"[0, 1, 0, 0]",82,38.5,"70 Fire Extinguisher, 22 Ambulance, 34 Bikes, 19 Cars",67,1800,1.138888889,50,0.23,0.011388889,0.77,0.318555556,High,12
1730,1 days 12:50:00,"[0, 0, 0, 0]",171,29.2,"88 Trucks, 85 Bikes, 94 Cars, 97 Vans",61,1800,2.375,50,0.416,0.02375,0.584,0.3367,High,12
1731,1 days 12:51:00,"[1, 0, 1, 1]",117,38.7,"26 Fire Extinguisher, 78 Bikes",77,1800,1.625,50,0.226,0.01625,0.774,0.3597,High,12
1732,1 days 12:52:00,"[0, 0, 0, 1]",130,35.8,"19 Fire Extinguisher, 31 Patrol, 92 Vans, 95 Cars",90,1800,1.805555556,50,0.284,0.018055556,0.716,0.424022222,Very High,12
1733,1 days 12:53:00,"[0, 0, 0, 1]",92,32.8,"63 Patrol, 70 Bikes, 25 Fire Extinguisher",74,1800,1.277777778,50,0.344,0.012777778,0.656,0.369911111,High,12
1734,1 days 12:54:00,"[1, 0, 0, 1]",79,23.9,"31 Patrol, 71 Trucks",31,1800,1.097222222,50,0.522,0.010972222,0.478,0.232788889,Moderate,12
1735,1 days 12:55:00,"[0, 1, 0, 1]",116,46.6,"66 Trucks, 50 Patrol, 14 Patrol, 61 Cars",62,1800,1.611111111,50,0.068,0.016111111,0.932,0.268044444,Moderate,12
1736,1 days 12:56:00,"[1, 1, 1, 0]",61,33.5,"72 Trucks, 62 Ambulance, 92 Trucks",71,1800,0.847222222,50,0.33,0.008472222,0.67,0.353388889,High,12
1737,1 days 12:57:00,"[0, 0, 1, 0]",127,25.8,"15 Ambulance, 90 Fire Extinguisher",39,1800,1.763888889,50,0.484,0.017638889,0.516,0.259855556,Moderate,12
1738,1 days 12:58:00,"[1, 0, 1, 1]",130,31.0,"29 Fire Extinguisher, 19 Ambulance, 12 Vans",73,1800,1.805555556,50,0.38,0.018055556,0.62,0.375222222,High,12
1739,1 days 12:59:00,"[0, 1, 1, 1]",158,32.4,"91 Bikes, 45 Ambulance, 78 Patrol",55,1800,2.194444444,50,0.352,0.021944444,0.648,0.299177778,Moderate,12
1740,1 days 13:00:00,"[0, 0, 0, 0]",61,44.8,"40 Trucks, 77 Vans, 83 Bikes",61,1800,0.847222222,50,0.104,0.008472222,0.896,0.268188889,Moderate,13
1741,1 days 13:01:00,"[1, 0, 1, 0]",182,42.0,"73 Fire Extinguisher, 40 Cars, 14 Vans, 51 Bikes",63,1800,2.527777778,50,0.16,0.025277778,0.84,0.294111111,Moderate,13
1742,1 days 13:02:00,"[0, 0, 0, 0]",94,43.1,"39 Vans, 10 Patrol, 56 Vans, 80 Ambulance",69,1800,1.305555556,50,0.138,0.013055556,0.862,0.308822222,High,13
1743,1 days 13:03:00,"[0, 1, 1, 1]",85,20.3,"20 Cars, 17 Bikes, 68 Bikes",69,1800,1.180555556,50,0.594,0.011805556,0.406,0.399522222,High,13
1744,1 days 13:04:00,"[1, 1, 1, 1]",182,32.5,"87 Vans, 93 Trucks",39,1800,2.527777778,50,0.35,0.025277778,0.65,0.236111111,Moderate,13
1745,1 days 13:05:00,"[0, 0, 0, 0]",118,34.4,"14 Trucks, 100 Bikes, 12 Patrol",83,1800,1.638888889,50,0.312,0.016388889,0.688,0.400955556,Very High,13
1746,1 days 13:06:00,"[0, 1, 1, 0]",128,20.6,"72 Bikes, 69 Cars, 18 Cars, 54 Bikes",78,1800,1.777777778,50,0.588,0.017777778,0.412,0.436711111,Very High,13
1747,1 days 13:07:00,"[0, 1, 1, 0]",159,27.8,"90 Cars, 90 Patrol",53,1800,2.208333333,50,0.444,0.022083333,0.556,0.309633333,High,13
1748,1 days 13:08:00,"[1, 1, 1, 1]",135,42.8,"60 Trucks, 85 Vans, 76 Patrol",68,1800,1.875,50,0.144,0.01875,0.856,0.3083,High,13
1749,1 days 13:09:00,"[1, 0, 0, 0]",152,24.1,"28 Fire Extinguisher, 28 Vans, 62 Trucks",85,1800,2.111111111,50,0.518,0.021111111,0.482,0.452044444,Very High,13
1750,1 days 13:10:00,"[1, 1, 1, 0]",57,36.1,"87 Cars, 50 Cars, 12 Patrol, 59 Fire Extinguisher",56,1800,0.791666667,50,0.278,0.007916667,0.722,0.282766667,Moderate,13
1751,1 days 13:11:00,"[1, 0, 1, 1]",147,26.5,"23 Bikes, 75 Ambulance, 91 Bikes",37,1800,2.041666667,50,0.47,0.020416667,0.53,0.250166667,Moderate,13
1752,1 days 13:12:00,"[1, 0, 1, 1]",110,20.4,"14 Patrol, 97 Vans",42,1800,1.527777778,50,0.592,0.015277778,0.408,0.292511111,Moderate,13
1753,1 days 13:13:00,"[0, 0, 1, 1]",77,27.2,"40 Trucks, 97 Patrol",49,1800,1.069444444,50,0.456,0.010694444,0.544,0.291477778,Moderate,13
1754,1 days 13:14:00,"[0, 0, 0, 0]",95,49.3,"40 Ambulance, 42 Patrol",44,1800,1.319444444,50,0.014,0.013194444,0.986,0.184077778,Low,13
1755,1 days 13:15:00,"[0, 0, 1, 1]",118,44.0,"22 Bikes, 52 Bikes",88,1800,1.638888889,50,0.12,0.016388889,0.88,0.382555556,High,13
1756,1 days 13:16:00,"[0, 0, 0, 0]",129,48.8,"69 Trucks, 17 Vans",55,1800,1.791666667,50,0.024,0.017916667,0.976,0.231966667,Moderate,13
1757,1 days 13:17:00,"[0, 1, 0, 0]",175,34.6,"19 Bikes, 97 Bikes",47,1800,2.430555556,50,0.308,0.024305556,0.692,0.259322222,Moderate,13
1758,1 days 13:18:00,"[0, 1, 1, 1]",156,23.3,"51 Trucks, 79 Trucks, 21 Trucks, 36 Trucks",78,1800,2.166666667,50,0.534,0.021666667,0.466,0.427466667,Very High,13
1759,1 days 13:19:00,"[0, 0, 0, 1]",82,36.4,"74 Patrol, 92 Cars, 68 Bikes",48,1800,1.138888889,50,0.272,0.011388889,0.728,0.250955556,Moderate,13
1760,1 days 13:20:00,"[0, 0, 1, 0]",90,33.6,"56 Trucks, 63 Vans, 92 Patrol, 60 Patrol",48,1800,1.25,50,0.328,0.0125,0.672,0.2626,Moderate,13
1761,1 days 13:21:00,"[0, 1, 1, 0]",180,45.3,"74 Trucks, 46 Trucks, 97 Bikes, 99 Vans",81,1800,2.5,50,0.094,0.025,0.906,0.3528,High,13
1762,1 days 13:22:00,"[0, 0, 0, 0]",128,22.9,"71 Bikes, 57 Bikes",57,1800,1.777777778,50,0.542,0.017777778,0.458,0.343511111,High,13
1763,1 days 13:23:00,"[0, 0, 1, 1]",186,34.6,"46 Fire Extinguisher, 96 Fire Extinguisher, 52 Bikes, 18 Fire Extinguisher",38,1800,2.583333333,50,0.308,0.025833333,0.692,0.223933333,Moderate,13
1764,1 days 13:24:00,"[1, 1, 1, 0]",166,24.5,"56 Cars, 30 Cars, 37 Vans",37,1800,2.305555556,50,0.51,0.023055556,0.49,0.259222222,Moderate,13
1765,1 days 13:25:00,"[0, 0, 0, 0]",127,29.7,"52 Vans, 76 Bikes, 85 Cars",59,1800,1.763888889,50,0.406,0.017638889,0.594,0.324255556,High,13
1766,1 days 13:26:00,"[1, 1, 1, 0]",85,42.1,"85 Cars, 64 Cars, 31 Ambulance, 78 Patrol",42,1800,1.180555556,50,0.158,0.011805556,0.842,0.204322222,Moderate,13
1767,1 days 13:27:00,"[0, 1, 0, 1]",199,34.3,"85 Ambulance, 49 Trucks, 42 Ambulance, 61 Vans",90,1800,2.763888889,50,0.314,0.027638889,0.686,0.433855556,Very High,13
1768,1 days 13:28:00,"[0, 1, 0, 1]",55,31.3,"86 Vans, 66 Trucks",49,1800,0.763888889,50,0.374,0.007638889,0.626,0.273855556,Moderate,13
1769,1 days 13:29:00,"[0, 1, 0, 1]",161,31.8,"91 Vans, 67 Cars, 23 Trucks, 70 Bikes",53,1800,2.236111111,50,0.364,0.022361111,0.636,0.293744444,Moderate,13
1770,1 days 13:30:00,"[0, 1, 0, 0]",79,33.8,"56 Patrol, 14 Cars",40,1800,1.097222222,50,0.324,0.010972222,0.676,0.229188889,Moderate,13
1771,1 days 13:31:00,"[0, 1, 1, 1]",120,43.6,"22 Fire Extinguisher, 73 Bikes, 31 Trucks, 83 Patrol",84,1800,1.666666667,50,0.128,0.016666667,0.872,0.368266667,High,13
1772,1 days 13:32:00,"[0, 1, 0, 0]",118,46.8,"99 Vans, 13 Ambulance, 44 Patrol",45,1800,1.638888889,50,0.064,0.016388889,0.936,0.199355556,Low,13
1773,1 days 13:33:00,"[0, 1, 1, 1]",190,48.7,"13 Cars, 44 Bikes",44,1800,2.638888889,50,0.026,0.026388889,0.974,0.191755556,Low,13
1774,1 days 13:34:00,"[0, 1, 1, 1]",176,43.6,"80 Fire Extinguisher, 31 Vans, 15 Cars, 88 Bikes",90,1800,2.444444444,50,0.128,0.024444444,0.872,0.395377778,High,13
1775,1 days 13:35:00,"[0, 1, 0, 1]",148,29.5,"10 Vans, 73 Cars, 22 Bikes, 69 Bikes",57,1800,2.055555556,50,0.41,0.020555556,0.59,0.318222222,High,13
1776,1 days 13:36:00,"[1, 0, 1, 1]",69,40.6,"89 Trucks, 100 Patrol, 26 Patrol, 41 Fire Extinguisher",83,1800,0.958333333,50,0.188,0.009583333,0.812,0.373433333,High,13
1777,1 days 13:37:00,"[1, 0, 1, 0]",113,33.1,"35 Bikes, 74 Vans, 43 Cars",66,1800,1.569444444,50,0.338,0.015694444,0.662,0.337877778,High,13
1778,1 days 13:38:00,"[1, 0, 1, 0]",96,27.6,"98 Ambulance, 52 Trucks",58,1800,1.333333333,50,0.448,0.013333333,0.552,0.326933333,High,13
1779,1 days 13:39:00,"[1, 0, 0, 1]",173,45.2,"73 Vans, 53 Fire Extinguisher",81,1800,2.402777778,50,0.096,0.024027778,0.904,0.352811111,High,13
1780,1 days 13:40:00,"[1, 0, 0, 1]",90,21.2,"20 Vans, 77 Cars, 23 Fire Extinguisher",51,1800,1.25,50,0.576,0.0125,0.424,0.3242,High,13
1781,1 days 13:41:00,"[1, 0, 1, 0]",186,47.1,"17 Vans, 87 Bikes",70,1800,2.583333333,50,0.058,0.025833333,0.942,0.301933333,High,13
1782,1 days 13:42:00,"[1, 1, 1, 0]",162,33.8,"21 Cars, 55 Cars, 65 Ambulance",43,1800,2.25,50,0.324,0.0225,0.676,0.2458,Moderate,13
1783,1 days 13:43:00,"[0, 0, 1, 1]",194,39.1,"11 Patrol, 39 Vans, 18 Trucks, 40 Fire Extinguisher",75,1800,2.694444444,50,0.218,0.026944444,0.782,0.354377778,High,13
1784,1 days 13:44:00,"[1, 0, 0, 0]",131,39.8,"98 Fire Extinguisher, 47 Bikes, 43 Fire Extinguisher",38,1800,1.819444444,50,0.204,0.018194444,0.796,0.200077778,Moderate,13
1785,1 days 13:45:00,"[1, 0, 1, 1]",87,46.9,"13 Fire Extinguisher, 61 Ambulance, 83 Vans, 93 Vans",36,1800,1.208333333,50,0.062,0.012083333,0.938,0.161233333,Low,13
1786,1 days 13:46:00,"[0, 0, 1, 1]",150,39.1,"98 Ambulance, 79 Fire Extinguisher",79,1800,2.083333333,50,0.218,0.020833333,0.782,0.367933333,High,13
1787,1 days 13:47:00,"[0, 1, 0, 1]",137,38.4,"57 Cars, 83 Patrol, 77 Cars, 34 Ambulance",56,1800,1.902777778,50,0.232,0.019027778,0.768,0.278011111,Moderate,13
1788,1 days 13:48:00,"[1, 0, 0, 0]",131,22.0,"90 Bikes, 38 Fire Extinguisher, 61 Patrol, 33 Cars",86,1800,1.819444444,50,0.56,0.018194444,0.44,0.463277778,Very High,13
1789,1 days 13:49:00,"[0, 0, 1, 1]",52,35.6,"55 Trucks, 12 Trucks, 91 Vans",30,1800,0.722222222,50,0.288,0.007222222,0.712,0.180488889,Low,13
1790,1 days 13:50:00,"[0, 0, 1, 0]",109,24.5,"60 Trucks, 85 Patrol, 91 Ambulance, 72 Vans",79,1800,1.513888889,50,0.51,0.015138889,0.49,0.424055556,Very High,13
1791,1 days 13:51:00,"[1, 0, 0, 0]",188,42.1,"33 Fire Extinguisher, 21 Patrol, 46 Bikes",60,1800,2.611111111,50,0.158,0.026111111,0.842,0.282044444,Moderate,13
1792,1 days 13:52:00,"[1, 0, 0, 1]",125,35.4,"59 Bikes, 62 Ambulance, 70 Vans",73,1800,1.736111111,50,0.292,0.017361111,0.708,0.357344444,High,13
1793,1 days 13:53:00,"[0, 0, 0, 0]",77,40.4,"44 Patrol, 35 Patrol, 66 Vans, 95 Cars",75,1800,1.069444444,50,0.192,0.010694444,0.808,0.342677778,High,13
1794,1 days 13:54:00,"[0, 0, 0, 1]",79,21.3,"75 Patrol, 38 Trucks",68,1800,1.097222222,50,0.574,0.010972222,0.426,0.391188889,High,13
1795,1 days 13:55:00,"[0, 1, 0, 0]",173,22.5,"76 Bikes, 64 Fire Extinguisher",79,1800,2.402777778,50,0.55,0.024027778,0.45,0.435611111,Very High,13
1796,1 days 13:56:00,"[0, 1, 0, 0]",68,41.5,"46 Ambulance, 66 Patrol",69,1800,0.944444444,50,0.17,0.009444444,0.83,0.313777778,High,13
1797,1 days 13:57:00,"[1, 0, 1, 0]",184,22.2,"47 Fire Extinguisher, 50 Ambulance, 31 Cars",35,1800,2.555555556,50,0.556,0.025555556,0.444,0.261422222,Moderate,13
1798,1 days 13:58:00,"[0, 0, 0, 0]",109,22.1,"56 Patrol, 56 Trucks",53,1800,1.513888889,50,0.558,0.015138889,0.442,0.329655556,High,13
1799,1 days 13:59:00,"[0, 0, 1, 1]",101,20.4,"39 Trucks, 42 Bikes, 30 Trucks, 85 Cars",77,1800,1.402777778,50,0.592,0.014027778,0.408,0.432011111,Very High,13
1800,1 days 14:00:00,"[0, 1, 1, 0]",191,48.7,"19 Bikes, 65 Cars, 12 Cars, 55 Patrol",82,1800,2.652777778,50,0.026,0.026527778,0.974,0.343811111,High,14
1801,1 days 14:01:00,"[0, 1, 0, 1]",118,42.1,"17 Vans, 27 Ambulance, 32 Vans, 26 Patrol",89,1800,1.638888889,50,0.158,0.016388889,0.842,0.394155556,High,14
1802,1 days 14:02:00,"[1, 1, 1, 0]",154,30.6,"37 Fire Extinguisher, 90 Cars",71,1800,2.138888889,50,0.388,0.021388889,0.612,0.370155556,High,14
1803,1 days 14:03:00,"[1, 0, 1, 1]",55,28.9,"48 Vans, 79 Fire Extinguisher, 24 Fire Extinguisher",76,1800,0.763888889,50,0.422,0.007638889,0.578,0.391455556,High,14
1804,1 days 14:04:00,"[1, 0, 1, 0]",174,30.5,"61 Cars, 92 Trucks, 85 Cars",51,1800,2.416666667,50,0.39,0.024166667,0.61,0.291666667,Moderate,14
1805,1 days 14:05:00,"[1, 1, 0, 1]",153,43.2,"61 Ambulance, 74 Bikes, 48 Ambulance, 53 Trucks",36,1800,2.125,50,0.136,0.02125,0.864,0.1797,Low,14
1806,1 days 14:06:00,"[0, 1, 0, 1]",128,39.8,"94 Fire Extinguisher, 62 Ambulance",69,1800,1.777777778,50,0.204,0.017777778,0.796,0.323911111,High,14
1807,1 days 14:07:00,"[1, 0, 1, 1]",102,25.6,"91 Bikes, 70 Bikes, 40 Trucks",43,1800,1.416666667,50,0.488,0.014166667,0.512,0.275266667,Moderate,14
1808,1 days 14:08:00,"[0, 0, 0, 1]",79,25.2,"67 Fire Extinguisher, 64 Vans, 93 Patrol, 11 Vans",59,1800,1.097222222,50,0.496,0.010972222,0.504,0.339588889,High,14
1809,1 days 14:09:00,"[0, 1, 0, 1]",108,23.0,"43 Vans, 18 Cars",59,1800,1.5,50,0.54,0.015,0.46,0.35,High,14
1810,1 days 14:10:00,"[0, 0, 1, 0]",189,39.8,"10 Fire Extinguisher, 72 Ambulance",51,1800,2.625,50,0.204,0.02625,0.796,0.2553,Moderate,14
1811,1 days 14:11:00,"[0, 1, 1, 0]",55,42.9,"49 Cars, 50 Trucks, 73 Patrol, 96 Trucks",32,1800,0.763888889,50,0.142,0.007638889,0.858,0.159455556,Low,14
1812,1 days 14:12:00,"[1, 1, 0, 0]",154,28.0,"24 Fire Extinguisher, 82 Ambulance, 29 Patrol, 29 Fire Extinguisher",70,1800,2.138888889,50,0.44,0.021388889,0.56,0.376555556,High,14
1813,1 days 14:13:00,"[0, 1, 0, 0]",134,20.6,"64 Bikes, 76 Fire Extinguisher, 62 Bikes",82,1800,1.861111111,50,0.588,0.018611111,0.412,0.453044444,Very High,14
1814,1 days 14:14:00,"[0, 0, 1, 1]",185,22.5,"80 Ambulance, 47 Ambulance, 78 Trucks",41,1800,2.569444444,50,0.55,0.025694444,0.45,0.284277778,Moderate,14
1815,1 days 14:15:00,"[1, 0, 1, 0]",139,49.0,"87 Vans, 47 Trucks",79,1800,1.930555556,50,0.02,0.019305556,0.98,0.327722222,High,14
1816,1 days 14:16:00,"[0, 0, 1, 0]",56,28.9,"63 Vans, 59 Vans, 57 Vans, 21 Bikes",52,1800,0.777777778,50,0.422,0.007777778,0.578,0.295511111,Moderate,14
1817,1 days 14:17:00,"[0, 1, 1, 1]",170,43.1,"80 Trucks, 46 Cars, 72 Cars",77,1800,2.361111111,50,0.138,0.023611111,0.862,0.345044444,High,14
1818,1 days 14:18:00,"[1, 1, 0, 0]",53,38.7,"67 Fire Extinguisher, 65 Ambulance, 40 Bikes, 74 Patrol",76,1800,0.736111111,50,0.226,0.007361111,0.774,0.352144444,High,14
1819,1 days 14:19:00,"[1, 1, 0, 1]",188,31.5,"27 Trucks, 75 Ambulance, 73 Trucks",47,1800,2.611111111,50,0.37,0.026111111,0.63,0.272444444,Moderate,14
1820,1 days 14:20:00,"[0, 0, 1, 1]",185,26.2,"85 Bikes, 12 Cars, 53 Cars",79,1800,2.569444444,50,0.476,0.025694444,0.524,0.421477778,Very High,14
1821,1 days 14:21:00,"[1, 0, 1, 0]",103,23.6,"38 Patrol, 18 Patrol, 43 Vans, 23 Bikes",41,1800,1.430555556,50,0.528,0.014305556,0.472,0.275322222,Moderate,14
1822,1 days 14:22:00,"[0, 1, 0, 1]",196,38.5,"80 Patrol, 94 Fire Extinguisher",32,1800,2.722222222,50,0.23,0.027222222,0.77,0.184888889,Low,14
1823,1 days 14:23:00,"[0, 0, 0, 0]",121,43.2,"31 Bikes, 34 Patrol",33,1800,1.680555556,50,0.136,0.016805556,0.864,0.165922222,Low,14
1824,1 days 14:24:00,"[1, 1, 1, 0]",110,39.3,"49 Fire Extinguisher, 91 Fire Extinguisher, 100 Patrol, 23 Vans",60,1800,1.527777778,50,0.214,0.015277778,0.786,0.288911111,Moderate,14
1825,1 days 14:25:00,"[0, 1, 1, 1]",193,35.9,"53 Patrol, 77 Bikes",56,1800,2.680555556,50,0.282,0.026805556,0.718,0.291122222,Moderate,14
1826,1 days 14:26:00,"[0, 0, 0, 0]",181,21.3,"18 Patrol, 51 Vans",53,1800,2.513888889,50,0.574,0.025138889,0.426,0.336855556,High,14
1827,1 days 14:27:00,"[0, 1, 1, 1]",113,49.1,"61 Trucks, 99 Cars, 56 Trucks, 10 Vans",50,1800,1.569444444,50,0.018,0.015694444,0.982,0.209877778,Moderate,14
1828,1 days 14:28:00,"[1, 0, 0, 1]",96,44.0,"50 Vans, 11 Vans",45,1800,1.333333333,50,0.12,0.013333333,0.88,0.209333333,Moderate,14
1829,1 days 14:29:00,"[0, 0, 1, 1]",113,28.8,"16 Trucks, 16 Bikes, 76 Fire Extinguisher",50,1800,1.569444444,50,0.424,0.015694444,0.576,0.291077778,Moderate,14
1830,1 days 14:30:00,"[0, 0, 0, 0]",133,49.4,"85 Trucks, 65 Patrol, 52 Cars, 59 Trucks",55,1800,1.847222222,50,0.012,0.018472222,0.988,0.229788889,Moderate,14
1831,1 days 14:31:00,"[0, 1, 0, 1]",84,38.1,"72 Vans, 69 Ambulance, 87 Bikes, 100 Vans",56,1800,1.166666667,50,0.238,0.011666667,0.762,0.276266667,Moderate,14
1832,1 days 14:32:00,"[0, 1, 1, 0]",129,37.5,"43 Vans, 44 Cars, 56 Vans, 76 Ambulance",35,1800,1.791666667,50,0.25,0.017916667,0.75,0.197166667,Low,14
1833,1 days 14:33:00,"[1, 1, 0, 1]",90,42.4,"47 Vans, 47 Bikes, 36 Vans",88,1800,1.25,50,0.152,0.0125,0.848,0.3874,High,14
1834,1 days 14:34:00,"[1, 1, 0, 0]",194,44.4,"72 Patrol, 23 Fire Extinguisher, 74 Bikes, 10 Vans",42,1800,2.694444444,50,0.112,0.026944444,0.888,0.201177778,Moderate,14
1835,1 days 14:35:00,"[0, 0, 1, 0]",191,39.7,"41 Patrol, 43 Cars, 22 Bikes",81,1800,2.652777778,50,0.206,0.026527778,0.794,0.375811111,High,14
1836,1 days 14:36:00,"[0, 0, 0, 0]",73,23.8,"10 Bikes, 56 Ambulance",58,1800,1.013888889,50,0.524,0.010138889,0.476,0.340855556,High,14
1837,1 days 14:37:00,"[1, 0, 0, 0]",100,30.1,"84 Trucks, 30 Vans, 23 Bikes, 75 Cars",39,1800,1.388888889,50,0.398,0.013888889,0.602,0.241155556,Moderate,14
1838,1 days 14:38:00,"[1, 1, 0, 1]",103,47.8,"24 Ambulance, 21 Fire Extinguisher",45,1800,1.430555556,50,0.044,0.014305556,0.956,0.194522222,Low,14
1839,1 days 14:39:00,"[1, 1, 0, 1]",169,26.7,"60 Cars, 27 Trucks",85,1800,2.347222222,50,0.466,0.023472222,0.534,0.442588889,Very High,14
1840,1 days 14:40:00,"[0, 1, 1, 0]",53,31.2,"61 Cars, 36 Patrol, 95 Patrol",89,1800,0.736111111,50,0.376,0.007361111,0.624,0.434144444,Very High,14
1841,1 days 14:41:00,"[1, 0, 0, 1]",149,33.0,"81 Patrol, 64 Trucks",42,1800,2.069444444,50,0.34,0.020694444,0.66,0.244277778,Moderate,14
1842,1 days 14:42:00,"[0, 0, 1, 1]",114,33.2,"22 Patrol, 75 Fire Extinguisher, 57 Vans",39,1800,1.583333333,50,0.336,0.015833333,0.664,0.229533333,Moderate,14
1843,1 days 14:43:00,"[0, 1, 0, 1]",195,38.4,"97 Ambulance, 64 Ambulance, 78 Patrol",31,1800,2.708333333,50,0.232,0.027083333,0.768,0.181233333,Low,14
1844,1 days 14:44:00,"[0, 0, 0, 1]",142,48.3,"67 Fire Extinguisher, 90 Trucks, 15 Ambulance",35,1800,1.972222222,50,0.034,0.019722222,0.966,0.154688889,Low,14
1845,1 days 14:45:00,"[1, 1, 1, 0]",97,27.2,"65 Fire Extinguisher, 56 Cars, 66 Bikes",37,1800,1.347222222,50,0.456,0.013472222,0.544,0.244588889,Moderate,14
1846,1 days 14:46:00,"[0, 1, 1, 1]",72,23.6,"66 Cars, 83 Vans",36,1800,1.0,50,0.528,0.01,0.472,0.2536,Moderate,14
1847,1 days 14:47:00,"[1, 0, 0, 0]",152,25.9,"87 Bikes, 50 Ambulance, 37 Ambulance",74,1800,2.111111111,50,0.482,0.021111111,0.518,0.400844444,Very High,14
1848,1 days 14:48:00,"[1, 0, 1, 1]",126,46.6,"36 Trucks, 42 Patrol, 23 Fire Extinguisher",35,1800,1.75,50,0.068,0.0175,0.932,0.1606,Low,14
1849,1 days 14:49:00,"[1, 1, 0, 0]",135,39.4,"73 Bikes, 73 Ambulance",84,1800,1.875,50,0.212,0.01875,0.788,0.3859,High,14
1850,1 days 14:50:00,"[0, 0, 0, 0]",141,28.6,"49 Patrol, 37 Vans, 66 Cars",38,1800,1.958333333,50,0.428,0.019583333,0.572,0.245433333,Moderate,14
1851,1 days 14:51:00,"[0, 1, 1, 0]",112,44.5,"35 Bikes, 88 Cars, 53 Ambulance, 69 Trucks",40,1800,1.555555556,50,0.11,0.015555556,0.89,0.188222222,Low,14
1852,1 days 14:52:00,"[0, 0, 1, 1]",155,45.8,"15 Cars, 36 Cars, 67 Patrol, 33 Fire Extinguisher",69,1800,2.152777778,50,0.084,0.021527778,0.916,0.301411111,High,14
1853,1 days 14:53:00,"[0, 1, 0, 1]",173,45.4,"49 Fire Extinguisher, 72 Cars, 37 Vans, 35 Ambulance",79,1800,2.402777778,50,0.092,0.024027778,0.908,0.344011111,High,14
1854,1 days 14:54:00,"[0, 0, 0, 1]",150,47.6,"94 Bikes, 84 Cars, 87 Ambulance",36,1800,2.083333333,50,0.048,0.020833333,0.952,0.161933333,Low,14
1855,1 days 14:55:00,"[1, 0, 0, 1]",79,27.6,"26 Trucks, 59 Fire Extinguisher",48,1800,1.097222222,50,0.448,0.010972222,0.552,0.285988889,Moderate,14
1856,1 days 14:56:00,"[1, 0, 0, 1]",199,42.7,"11 Ambulance, 97 Vans, 42 Patrol",80,1800,2.763888889,50,0.146,0.027638889,0.854,0.360255556,High,14
1857,1 days 14:57:00,"[0, 0, 0, 1]",157,33.8,"30 Bikes, 13 Fire Extinguisher, 20 Ambulance, 49 Ambulance",49,1800,2.180555556,50,0.324,0.021805556,0.676,0.269522222,Moderate,14
1858,1 days 14:58:00,"[1, 0, 0, 0]",123,45.3,"62 Patrol, 58 Ambulance, 34 Vans",50,1800,1.708333333,50,0.094,0.017083333,0.906,0.225633333,Moderate,14
1859,1 days 14:59:00,"[0, 1, 1, 1]",168,41.9,"92 Bikes, 47 Trucks, 48 Patrol, 88 Bikes",71,1800,2.333333333,50,0.162,0.023333333,0.838,0.325733333,High,14
1860,1 days 15:00:00,"[0, 0, 0, 0]",113,43.3,"91 Trucks, 21 Ambulance, 83 Ambulance, 59 Cars",71,1800,1.569444444,50,0.134,0.015694444,0.866,0.317077778,High,15
1861,1 days 15:01:00,"[1, 0, 0, 1]",142,39.7,"77 Patrol, 38 Fire Extinguisher, 25 Ambulance, 32 Cars",57,1800,1.972222222,50,0.206,0.019722222,0.794,0.277088889,Moderate,15
1862,1 days 15:02:00,"[0, 1, 0, 1]",134,25.3,"26 Ambulance, 44 Bikes, 58 Trucks, 41 Patrol",35,1800,1.861111111,50,0.494,0.018611111,0.506,0.246244444,Moderate,15
1863,1 days 15:03:00,"[1, 1, 1, 0]",131,36.4,"91 Patrol, 71 Trucks",61,1800,1.819444444,50,0.272,0.018194444,0.728,0.305677778,High,15
1864,1 days 15:04:00,"[1, 0, 1, 0]",75,49.5,"96 Cars, 16 Patrol",77,1800,1.041666667,50,0.01,0.010416667,0.99,0.314166667,High,15
1865,1 days 15:05:00,"[1, 1, 0, 0]",195,48.1,"69 Patrol, 68 Trucks, 63 Bikes",48,1800,2.708333333,50,0.038,0.027083333,0.962,0.210433333,Moderate,15
1866,1 days 15:06:00,"[0, 0, 0, 1]",99,21.3,"48 Cars, 68 Patrol, 76 Fire Extinguisher, 44 Patrol",43,1800,1.375,50,0.574,0.01375,0.426,0.2923,Moderate,15
1867,1 days 15:07:00,"[0, 1, 1, 1]",91,24.9,"20 Trucks, 56 Bikes",83,1800,1.263888889,50,0.502,0.012638889,0.498,0.437455556,Very High,15
1868,1 days 15:08:00,"[0, 1, 1, 1]",143,24.0,"39 Cars, 26 Ambulance, 20 Vans, 94 Bikes",70,1800,1.986111111,50,0.52,0.019861111,0.48,0.391944444,High,15
1869,1 days 15:09:00,"[1, 1, 1, 1]",136,41.8,"18 Patrol, 74 Ambulance",43,1800,1.888888889,50,0.164,0.018888889,0.836,0.212355556,Moderate,15
1870,1 days 15:10:00,"[0, 0, 1, 1]",100,44.5,"97 Vans, 40 Ambulance",35,1800,1.388888889,50,0.11,0.013888889,0.89,0.167555556,Low,15
1871,1 days 15:11:00,"[0, 1, 1, 1]",181,26.4,"14 Cars, 18 Patrol",47,1800,2.513888889,50,0.472,0.025138889,0.528,0.292455556,Moderate,15
1872,1 days 15:12:00,"[1, 1, 0, 1]",198,35.2,"79 Fire Extinguisher, 57 Fire Extinguisher, 82 Fire Extinguisher",42,1800,2.75,50,0.296,0.0275,0.704,0.2382,Moderate,15
1873,1 days 15:13:00,"[0, 1, 0, 1]",79,45.2,"17 Bikes, 27 Patrol, 26 Cars, 29 Fire Extinguisher",31,1800,1.097222222,50,0.096,0.010972222,0.904,0.147588889,Low,15
1874,1 days 15:14:00,"[1, 0, 1, 1]",127,42.0,"36 Patrol, 77 Patrol, 58 Ambulance, 67 Ambulance",55,1800,1.763888889,50,0.16,0.017638889,0.84,0.259055556,Moderate,15
1875,1 days 15:15:00,"[1, 1, 0, 1]",177,36.3,"11 Bikes, 25 Vans",48,1800,2.458333333,50,0.274,0.024583333,0.726,0.256633333,Moderate,15
1876,1 days 15:16:00,"[0, 1, 0, 1]",146,37.7,"25 Vans, 81 Fire Extinguisher",86,1800,2.027777778,50,0.246,0.020277778,0.754,0.401311111,Very High,15
1877,1 days 15:17:00,"[1, 1, 0, 1]",171,35.3,"11 Vans, 91 Fire Extinguisher, 79 Fire Extinguisher, 61 Vans",86,1800,2.375,50,0.294,0.02375,0.706,0.4123,Very High,15
1878,1 days 15:18:00,"[0, 1, 0, 0]",151,28.9,"68 Bikes, 93 Patrol, 75 Bikes",81,1800,2.097222222,50,0.422,0.020972222,0.578,0.416788889,Very High,15
1879,1 days 15:19:00,"[0, 1, 1, 0]",121,37.0,"38 Fire Extinguisher, 97 Ambulance, 81 Vans, 25 Bikes",60,1800,1.680555556,50,0.26,0.016805556,0.74,0.298722222,Moderate,15
1880,1 days 15:20:00,"[1, 1, 1, 0]",109,40.7,"20 Trucks, 65 Patrol",53,1800,1.513888889,50,0.186,0.015138889,0.814,0.255255556,Moderate,15
1881,1 days 15:21:00,"[0, 1, 0, 1]",73,46.2,"46 Vans, 40 Cars",42,1800,1.013888889,50,0.076,0.010138889,0.924,0.187255556,Low,15
1882,1 days 15:22:00,"[1, 0, 1, 1]",151,39.1,"43 Fire Extinguisher, 72 Vans",69,1800,2.097222222,50,0.218,0.020972222,0.782,0.327988889,High,15
1883,1 days 15:23:00,"[1, 0, 0, 1]",72,42.8,"29 Patrol, 67 Patrol",60,1800,1.0,50,0.144,0.01,0.856,0.2728,Moderate,15
1884,1 days 15:24:00,"[0, 1, 1, 1]",152,24.8,"62 Fire Extinguisher, 52 Vans",81,1800,2.111111111,50,0.504,0.021111111,0.496,0.433244444,Very High,15
1885,1 days 15:25:00,"[1, 1, 0, 0]",106,33.8,"88 Patrol, 97 Vans, 15 Trucks",65,1800,1.472222222,50,0.324,0.014722222,0.676,0.330688889,High,15
1886,1 days 15:26:00,"[1, 1, 0, 1]",70,20.3,"95 Bikes, 28 Cars, 15 Trucks, 13 Trucks",81,1800,0.972222222,50,0.594,0.009722222,0.406,0.446688889,Very High,15
1887,1 days 15:27:00,"[1, 0, 1, 0]",52,27.4,"64 Patrol, 86 Bikes",54,1800,0.722222222,50,0.452,0.007222222,0.548,0.309288889,High,15
1888,1 days 15:28:00,"[0, 0, 1, 1]",109,41.8,"36 Cars, 20 Vans, 84 Vans",76,1800,1.513888889,50,0.164,0.015138889,0.836,0.342855556,High,15
1889,1 days 15:29:00,"[1, 1, 0, 0]",102,49.8,"58 Fire Extinguisher, 96 Ambulance",67,1800,1.416666667,50,0.004,0.014166667,0.996,0.274466667,Moderate,15
1890,1 days 15:30:00,"[0, 0, 0, 1]",153,23.0,"44 Patrol, 91 Cars",56,1800,2.125,50,0.54,0.02125,0.46,0.3405,High,15
1891,1 days 15:31:00,"[1, 0, 1, 0]",117,32.0,"31 Bikes, 90 Bikes, 25 Patrol",79,1800,1.625,50,0.36,0.01625,0.64,0.3945,High,15
1892,1 days 15:32:00,"[1, 1, 1, 1]",200,44.0,"36 Bikes, 77 Ambulance, 19 Ambulance, 11 Patrol",86,1800,2.777777778,50,0.12,0.027777778,0.88,0.379111111,High,15
1893,1 days 15:33:00,"[1, 0, 0, 0]",50,26.1,"22 Trucks, 85 Vans, 65 Bikes, 57 Cars",41,1800,0.694444444,50,0.478,0.006944444,0.522,0.262377778,Moderate,15
1894,1 days 15:34:00,"[1, 0, 0, 1]",78,36.7,"52 Bikes, 34 Patrol",75,1800,1.083333333,50,0.266,0.010833333,0.734,0.357533333,High,15
1895,1 days 15:35:00,"[1, 0, 0, 0]",52,42.0,"26 Ambulance, 93 Cars, 52 Patrol",41,1800,0.722222222,50,0.16,0.007222222,0.84,0.198888889,Low,15
1896,1 days 15:36:00,"[0, 1, 0, 0]",101,38.5,"40 Fire Extinguisher, 45 Vans",87,1800,1.402777778,50,0.23,0.014027778,0.77,0.399611111,High,15
1897,1 days 15:37:00,"[0, 1, 1, 1]",172,25.6,"43 Vans, 94 Cars, 60 Trucks, 42 Fire Extinguisher",62,1800,2.388888889,50,0.488,0.023888889,0.512,0.355155556,High,15
1898,1 days 15:38:00,"[1, 1, 1, 1]",58,30.7,"19 Cars, 98 Bikes, 37 Trucks",33,1800,0.805555556,50,0.386,0.008055556,0.614,0.212422222,Moderate,15
1899,1 days 15:39:00,"[1, 0, 1, 1]",99,43.5,"71 Patrol, 52 Bikes, 88 Bikes",55,1800,1.375,50,0.13,0.01375,0.87,0.2515,Moderate,15
1900,1 days 15:40:00,"[0, 1, 0, 0]",174,36.6,"75 Vans, 76 Fire Extinguisher, 84 Patrol, 72 Ambulance",35,1800,2.416666667,50,0.268,0.024166667,0.732,0.203266667,Moderate,15
1901,1 days 15:41:00,"[1, 1, 1, 0]",133,20.2,"76 Vans, 77 Trucks, 52 Patrol",86,1800,1.847222222,50,0.596,0.018472222,0.404,0.470588889,Very High,15
1902,1 days 15:42:00,"[1, 0, 1, 1]",50,42.8,"78 Bikes, 16 Patrol",43,1800,0.694444444,50,0.144,0.006944444,0.856,0.203577778,Moderate,15
1903,1 days 15:43:00,"[0, 0, 0, 0]",196,21.1,"13 Patrol, 97 Trucks",89,1800,2.722222222,50,0.578,0.027222222,0.422,0.482488889,Very High,15
1904,1 days 15:44:00,"[0, 1, 0, 0]",185,42.4,"51 Cars, 10 Ambulance",34,1800,2.569444444,50,0.152,0.025694444,0.848,0.176677778,Low,15
1905,1 days 15:45:00,"[1, 1, 0, 0]",127,26.1,"29 Fire Extinguisher, 83 Fire Extinguisher",39,1800,1.763888889,50,0.478,0.017638889,0.522,0.258655556,Moderate,15
1906,1 days 15:46:00,"[0, 1, 0, 1]",141,48.7,"53 Cars, 35 Fire Extinguisher, 26 Bikes, 21 Ambulance",60,1800,1.958333333,50,0.026,0.019583333,0.974,0.253033333,Moderate,15
1907,1 days 15:47:00,"[1, 0, 1, 0]",191,31.0,"62 Bikes, 75 Trucks",89,1800,2.652777778,50,0.38,0.026527778,0.62,0.442611111,Very High,15
1908,1 days 15:48:00,"[1, 1, 1, 1]",107,29.8,"61 Cars, 55 Patrol",54,1800,1.486111111,50,0.404,0.014861111,0.596,0.302744444,High,15
1909,1 days 15:49:00,"[1, 0, 0, 1]",85,24.5,"52 Cars, 78 Trucks",48,1800,1.180555556,50,0.51,0.011805556,0.49,0.298722222,Moderate,15
1910,1 days 15:50:00,"[0, 0, 0, 1]",62,29.2,"71 Vans, 88 Cars, 70 Bikes",69,1800,0.861111111,50,0.416,0.008611111,0.584,0.362644444,High,15
1911,1 days 15:51:00,"[1, 0, 0, 0]",123,46.3,"57 Bikes, 33 Bikes, 68 Vans, 26 Trucks",54,1800,1.708333333,50,0.074,0.017083333,0.926,0.237633333,Moderate,15
1912,1 days 15:52:00,"[1, 1, 0, 0]",92,49.9,"70 Cars, 29 Fire Extinguisher",30,1800,1.277777778,50,0.002,0.012777778,0.998,0.125511111,Low,15
1913,1 days 15:53:00,"[0, 0, 1, 0]",128,31.0,"23 Trucks, 13 Cars, 80 Trucks",30,1800,1.777777778,50,0.38,0.017777778,0.62,0.203111111,Moderate,15
1914,1 days 15:54:00,"[1, 1, 1, 0]",116,33.5,"97 Ambulance, 46 Trucks",32,1800,1.611111111,50,0.33,0.016111111,0.67,0.200444444,Moderate,15
1915,1 days 15:55:00,"[1, 1, 0, 1]",154,41.7,"72 Patrol, 54 Cars, 37 Bikes",33,1800,2.138888889,50,0.166,0.021388889,0.834,0.173755556,Low,15
1916,1 days 15:56:00,"[1, 0, 1, 1]",175,46.6,"95 Fire Extinguisher, 30 Bikes, 47 Fire Extinguisher, 79 Patrol",57,1800,2.430555556,50,0.068,0.024305556,0.932,0.251322222,Moderate,15
1917,1 days 15:57:00,"[0, 0, 0, 0]",153,37.8,"95 Fire Extinguisher, 76 Bikes, 40 Vans",56,1800,2.125,50,0.244,0.02125,0.756,0.2813,Moderate,15
1918,1 days 15:58:00,"[0, 1, 0, 0]",132,31.7,"14 Bikes, 28 Bikes",90,1800,1.833333333,50,0.366,0.018333333,0.634,0.440533333,Very High,15
1919,1 days 15:59:00,"[1, 0, 0, 0]",146,32.4,"99 Fire Extinguisher, 19 Fire Extinguisher, 91 Vans, 70 Patrol",77,1800,2.027777778,50,0.352,0.020277778,0.648,0.386511111,High,15
1920,1 days 16:00:00,"[0, 1, 1, 0]",64,40.9,"75 Cars, 73 Vans, 89 Bikes",35,1800,0.888888889,50,0.182,0.008888889,0.818,0.179955556,Low,16
1921,1 days 16:01:00,"[0, 1, 0, 0]",187,20.1,"29 Vans, 68 Cars",40,1800,2.597222222,50,0.598,0.025972222,0.402,0.289988889,Moderate,16
1922,1 days 16:02:00,"[1, 1, 1, 1]",115,38.6,"80 Patrol, 27 Bikes, 71 Vans",79,1800,1.597222222,50,0.228,0.015972222,0.772,0.367988889,High,16
1923,1 days 16:03:00,"[0, 1, 1, 0]",104,30.7,"33 Cars, 83 Cars, 22 Ambulance, 89 Cars",37,1800,1.444444444,50,0.386,0.014444444,0.614,0.230977778,Moderate,16
1924,1 days 16:04:00,"[0, 0, 0, 0]",144,43.8,"80 Patrol, 95 Ambulance, 20 Cars, 43 Cars",32,1800,2.0,50,0.124,0.02,0.876,0.1608,Low,16
1925,1 days 16:05:00,"[1, 1, 1, 1]",139,22.8,"33 Vans, 12 Vans, 83 Bikes, 99 Trucks",31,1800,1.930555556,50,0.544,0.019305556,0.456,0.240522222,Moderate,16
1926,1 days 16:06:00,"[0, 0, 1, 1]",60,37.6,"11 Trucks, 49 Vans, 54 Trucks",73,1800,0.833333333,50,0.248,0.008333333,0.752,0.344933333,High,16
1927,1 days 16:07:00,"[1, 0, 1, 0]",89,34.4,"87 Ambulance, 42 Vans, 88 Cars, 44 Bikes",42,1800,1.236111111,50,0.312,0.012361111,0.688,0.235344444,Moderate,16
1928,1 days 16:08:00,"[1, 1, 0, 0]",62,39.3,"81 Patrol, 71 Fire Extinguisher, 57 Trucks",31,1800,0.861111111,50,0.214,0.008611111,0.786,0.170244444,Low,16
1929,1 days 16:09:00,"[0, 0, 1, 0]",196,21.9,"35 Cars, 99 Bikes, 12 Patrol",90,1800,2.722222222,50,0.562,0.027222222,0.438,0.483288889,Very High,16
1930,1 days 16:10:00,"[0, 0, 1, 0]",55,37.4,"20 Patrol, 90 Trucks",52,1800,0.763888889,50,0.252,0.007638889,0.748,0.261455556,Moderate,16
1931,1 days 16:11:00,"[1, 0, 1, 0]",140,36.8,"78 Trucks, 66 Cars",71,1800,1.944444444,50,0.264,0.019444444,0.736,0.344577778,High,16
1932,1 days 16:12:00,"[1, 0, 0, 1]",128,36.8,"91 Bikes, 63 Fire Extinguisher, 47 Cars, 56 Trucks",69,1800,1.777777778,50,0.264,0.017777778,0.736,0.335911111,High,16
1933,1 days 16:13:00,"[0, 0, 0, 0]",75,38.1,"77 Bikes, 85 Trucks",34,1800,1.041666667,50,0.238,0.010416667,0.762,0.187766667,Low,16
1934,1 days 16:14:00,"[0, 1, 1, 0]",74,40.3,"42 Ambulance, 77 Vans",51,1800,1.027777778,50,0.194,0.010277778,0.806,0.246911111,Moderate,16
1935,1 days 16:15:00,"[0, 0, 1, 1]",81,44.1,"100 Cars, 91 Patrol, 26 Vans, 20 Patrol",70,1800,1.125,50,0.118,0.01125,0.882,0.3081,High,16
1936,1 days 16:16:00,"[1, 0, 1, 0]",77,28.1,"71 Patrol, 57 Cars, 78 Fire Extinguisher, 98 Patrol",30,1800,1.069444444,50,0.438,0.010694444,0.562,0.211877778,Moderate,16
1937,1 days 16:17:00,"[0, 1, 1, 0]",57,44.8,"59 Patrol, 62 Bikes, 32 Patrol",59,1800,0.791666667,50,0.104,0.007916667,0.896,0.259966667,Moderate,16
1938,1 days 16:18:00,"[0, 0, 0, 0]",163,34.9,"64 Patrol, 94 Trucks, 27 Vans",55,1800,2.263888889,50,0.302,0.022638889,0.698,0.289455556,Moderate,16
1939,1 days 16:19:00,"[0, 1, 1, 1]",112,22.3,"73 Patrol, 45 Patrol",49,1800,1.555555556,50,0.554,0.015555556,0.446,0.313022222,High,16
1940,1 days 16:20:00,"[0, 1, 0, 1]",91,21.8,"32 Vans, 87 Patrol, 81 Vans",40,1800,1.263888889,50,0.564,0.012638889,0.436,0.277855556,Moderate,16
1941,1 days 16:21:00,"[1, 1, 1, 0]",149,30.0,"82 Ambulance, 96 Vans",41,1800,2.069444444,50,0.4,0.020694444,0.6,0.252277778,Moderate,16
1942,1 days 16:22:00,"[0, 1, 1, 1]",97,43.5,"24 Vans, 62 Patrol",36,1800,1.347222222,50,0.13,0.013472222,0.87,0.175388889,Low,16
1943,1 days 16:23:00,"[1, 0, 0, 1]",165,41.2,"74 Trucks, 81 Trucks",33,1800,2.291666667,50,0.176,0.022916667,0.824,0.176366667,Low,16
1944,1 days 16:24:00,"[1, 0, 0, 1]",199,43.7,"82 Bikes, 68 Bikes",55,1800,2.763888889,50,0.126,0.027638889,0.874,0.256255556,Moderate,16
1945,1 days 16:25:00,"[1, 0, 1, 0]",182,35.5,"19 Patrol, 51 Trucks, 10 Ambulance",55,1800,2.527777778,50,0.29,0.025277778,0.71,0.288111111,Moderate,16
1946,1 days 16:26:00,"[1, 0, 1, 1]",153,33.2,"97 Vans, 18 Bikes",81,1800,2.125,50,0.336,0.02125,0.664,0.3997,High,16
1947,1 days 16:27:00,"[1, 0, 0, 0]",139,24.4,"97 Trucks, 46 Vans, 30 Fire Extinguisher",70,1800,1.930555556,50,0.512,0.019305556,0.488,0.390122222,High,16
1948,1 days 16:28:00,"[1, 1, 0, 1]",50,29.8,"59 Bikes, 94 Vans",77,1800,0.694444444,50,0.404,0.006944444,0.596,0.391577778,High,16
1949,1 days 16:29:00,"[1, 1, 0, 1]",122,33.0,"42 Fire Extinguisher, 70 Vans, 65 Vans, 18 Trucks",48,1800,1.694444444,50,0.34,0.016944444,0.66,0.266777778,Moderate,16
1950,1 days 16:30:00,"[1, 0, 1, 0]",53,22.7,"35 Patrol, 30 Trucks, 64 Fire Extinguisher",71,1800,0.736111111,50,0.546,0.007361111,0.454,0.396144444,High,16
1951,1 days 16:31:00,"[1, 0, 0, 0]",55,26.6,"38 Vans, 83 Cars, 40 Vans",46,1800,0.763888889,50,0.468,0.007638889,0.532,0.280655556,Moderate,16
1952,1 days 16:32:00,"[0, 1, 1, 1]",110,37.9,"45 Ambulance, 97 Ambulance",73,1800,1.527777778,50,0.242,0.015277778,0.758,0.346511111,High,16
1953,1 days 16:33:00,"[1, 1, 0, 1]",167,42.1,"89 Patrol, 18 Fire Extinguisher, 23 Bikes, 28 Ambulance",67,1800,2.319444444,50,0.158,0.023194444,0.842,0.308877778,High,16
1954,1 days 16:34:00,"[0, 0, 0, 1]",126,50.0,"64 Bikes, 63 Ambulance",40,1800,1.75,50,0.0,0.0175,1.0,0.167,Low,16
1955,1 days 16:35:00,"[1, 0, 0, 0]",185,48.0,"36 Cars, 75 Cars",87,1800,2.569444444,50,0.04,0.025694444,0.96,0.366277778,High,16
1956,1 days 16:36:00,"[0, 0, 0, 0]",77,39.3,"55 Trucks, 74 Fire Extinguisher, 62 Fire Extinguisher, 83 Fire Extinguisher",31,1800,1.069444444,50,0.214,0.010694444,0.786,0.171077778,Low,16
1957,1 days 16:37:00,"[1, 0, 1, 1]",113,32.6,"74 Bikes, 50 Patrol, 68 Patrol, 69 Bikes",37,1800,1.569444444,50,0.348,0.015694444,0.652,0.223877778,Moderate,16
1958,1 days 16:38:00,"[0, 1, 0, 0]",107,39.1,"60 Vans, 17 Vans, 67 Fire Extinguisher",58,1800,1.486111111,50,0.218,0.014861111,0.782,0.281544444,Moderate,16
1959,1 days 16:39:00,"[0, 1, 0, 0]",169,43.6,"82 Ambulance, 27 Ambulance, 66 Trucks, 13 Trucks",54,1800,2.347222222,50,0.128,0.023472222,0.872,0.250988889,Moderate,16
1960,1 days 16:40:00,"[1, 1, 1, 1]",183,23.6,"76 Patrol, 73 Fire Extinguisher, 31 Vans, 33 Bikes",68,1800,2.541666667,50,0.528,0.025416667,0.472,0.387766667,High,16
1961,1 days 16:41:00,"[0, 1, 0, 0]",120,32.3,"66 Vans, 78 Patrol",37,1800,1.666666667,50,0.354,0.016666667,0.646,0.225466667,Moderate,16
1962,1 days 16:42:00,"[1, 1, 0, 1]",87,45.2,"30 Bikes, 48 Patrol, 94 Fire Extinguisher",83,1800,1.208333333,50,0.096,0.012083333,0.904,0.356033333,High,16
1963,1 days 16:43:00,"[1, 1, 0, 1]",197,31.5,"21 Trucks, 26 Vans",70,1800,2.736111111,50,0.37,0.027361111,0.63,0.364944444,High,16
1964,1 days 16:44:00,"[0, 1, 1, 0]",91,37.2,"82 Patrol, 21 Ambulance, 16 Vans, 48 Trucks",63,1800,1.263888889,50,0.256,0.012638889,0.744,0.308255556,High,16
1965,1 days 16:45:00,"[0, 1, 1, 0]",167,37.6,"91 Patrol, 54 Ambulance, 27 Fire Extinguisher, 76 Trucks",85,1800,2.319444444,50,0.248,0.023194444,0.752,0.398877778,High,16
1966,1 days 16:46:00,"[1, 0, 0, 1]",183,25.5,"54 Patrol, 38 Trucks, 22 Cars, 17 Cars",80,1800,2.541666667,50,0.49,0.025416667,0.51,0.428166667,Very High,16
1967,1 days 16:47:00,"[1, 0, 0, 0]",112,30.9,"89 Vans, 76 Trucks",38,1800,1.555555556,50,0.382,0.015555556,0.618,0.234622222,Moderate,16
1968,1 days 16:48:00,"[1, 0, 0, 0]",170,30.0,"18 Bikes, 75 Fire Extinguisher, 21 Cars",53,1800,2.361111111,50,0.4,0.023611111,0.6,0.301444444,High,16
1969,1 days 16:49:00,"[0, 1, 1, 1]",99,20.8,"66 Bikes, 58 Ambulance, 23 Bikes",74,1800,1.375,50,0.584,0.01375,0.416,0.4183,Very High,16
1970,1 days 16:50:00,"[1, 0, 0, 1]",87,20.7,"62 Fire Extinguisher, 58 Ambulance, 15 Ambulance, 56 Trucks",81,1800,1.208333333,50,0.586,0.012083333,0.414,0.446033333,Very High,16
1971,1 days 16:51:00,"[1, 0, 1, 1]",145,45.0,"57 Fire Extinguisher, 93 Bikes, 76 Vans, 32 Fire Extinguisher",66,1800,2.013888889,50,0.1,0.020138889,0.9,0.292055556,Moderate,16
1972,1 days 16:52:00,"[0, 1, 1, 1]",140,28.2,"43 Ambulance, 84 Patrol, 17 Fire Extinguisher, 55 Fire Extinguisher",67,1800,1.944444444,50,0.436,0.019444444,0.564,0.362977778,High,16
1973,1 days 16:53:00,"[0, 0, 1, 0]",81,35.5,"18 Trucks, 20 Vans",69,1800,1.125,50,0.29,0.01125,0.71,0.3385,High,16
1974,1 days 16:54:00,"[0, 1, 0, 0]",63,29.0,"72 Bikes, 68 Cars, 64 Cars, 25 Bikes",36,1800,0.875,50,0.42,0.00875,0.58,0.2315,Moderate,16
1975,1 days 16:55:00,"[0, 1, 0, 0]",167,48.2,"72 Vans, 77 Vans",44,1800,2.319444444,50,0.036,0.023194444,0.964,0.192477778,Low,16
1976,1 days 16:56:00,"[0, 0, 0, 1]",96,27.8,"93 Cars, 25 Patrol",85,1800,1.333333333,50,0.444,0.013333333,0.556,0.434133333,Very High,16
1977,1 days 16:57:00,"[1, 0, 0, 0]",182,32.9,"98 Vans, 86 Vans, 75 Fire Extinguisher",78,1800,2.527777778,50,0.342,0.025277778,0.658,0.390511111,High,16
1978,1 days 16:58:00,"[1, 1, 1, 0]",146,46.2,"18 Bikes, 52 Trucks, 85 Vans",63,1800,2.027777778,50,0.076,0.020277778,0.924,0.275311111,Moderate,16
1979,1 days 16:59:00,"[0, 1, 0, 0]",143,45.3,"14 Ambulance, 45 Vans, 75 Ambulance, 33 Fire Extinguisher",42,1800,1.986111111,50,0.094,0.019861111,0.906,0.194744444,Low,16
1980,1 days 17:00:00,"[0, 0, 1, 1]",107,25.6,"22 Vans, 70 Ambulance, 11 Bikes, 28 Ambulance",63,1800,1.486111111,50,0.488,0.014861111,0.512,0.355544444,High,17
1981,1 days 17:01:00,"[1, 0, 0, 0]",170,44.1,"14 Fire Extinguisher, 66 Trucks, 69 Patrol, 65 Cars",39,1800,2.361111111,50,0.118,0.023611111,0.882,0.189044444,Low,17
1982,1 days 17:02:00,"[0, 0, 1, 1]",198,33.7,"75 Trucks, 29 Patrol, 23 Patrol",62,1800,2.75,50,0.326,0.0275,0.674,0.3242,High,17
1983,1 days 17:03:00,"[0, 1, 0, 1]",66,34.5,"28 Patrol, 53 Cars, 29 Cars",81,1800,0.916666667,50,0.31,0.009166667,0.69,0.389666667,High,17
1984,1 days 17:04:00,"[0, 0, 1, 0]",151,24.0,"12 Bikes, 75 Trucks",43,1800,2.097222222,50,0.52,0.020972222,0.48,0.284388889,Moderate,17
1985,1 days 17:05:00,"[1, 1, 0, 0]",160,22.4,"47 Bikes, 70 Ambulance, 17 Cars",63,1800,2.222222222,50,0.552,0.022222222,0.448,0.371288889,High,17
1986,1 days 17:06:00,"[0, 1, 0, 0]",145,41.8,"94 Cars, 97 Patrol, 12 Ambulance, 69 Vans",56,1800,2.013888889,50,0.164,0.020138889,0.836,0.264855556,Moderate,17
1987,1 days 17:07:00,"[0, 1, 1, 0]",164,34.9,"24 Ambulance, 49 Trucks, 27 Fire Extinguisher",53,1800,2.277777778,50,0.302,0.022777778,0.698,0.281511111,Moderate,17
1988,1 days 17:08:00,"[1, 1, 0, 0]",134,33.1,"39 Patrol, 68 Cars, 91 Vans, 58 Vans",48,1800,1.861111111,50,0.338,0.018611111,0.662,0.267044444,Moderate,17
1989,1 days 17:09:00,"[0, 0, 0, 0]",147,41.9,"77 Bikes, 63 Cars, 37 Ambulance",49,1800,2.041666667,50,0.162,0.020416667,0.838,0.236566667,Moderate,17
1990,1 days 17:10:00,"[0, 0, 1, 0]",84,43.0,"92 Patrol, 84 Ambulance",48,1800,1.166666667,50,0.14,0.011666667,0.86,0.224666667,Moderate,17
1991,1 days 17:11:00,"[1, 1, 1, 1]",67,24.8,"31 Bikes, 26 Bikes, 13 Bikes",68,1800,0.930555556,50,0.504,0.009305556,0.496,0.376522222,High,17
1992,1 days 17:12:00,"[1, 1, 1, 1]",99,38.3,"84 Ambulance, 74 Patrol, 61 Bikes, 65 Vans",85,1800,1.375,50,0.234,0.01375,0.766,0.3923,High,17
1993,1 days 17:13:00,"[0, 1, 1, 1]",191,24.1,"56 Bikes, 51 Trucks, 53 Ambulance, 63 Ambulance",67,1800,2.652777778,50,0.518,0.026527778,0.482,0.382211111,High,17
1994,1 days 17:14:00,"[1, 0, 0, 1]",136,42.5,"32 Trucks, 72 Bikes",73,1800,1.888888889,50,0.15,0.018888889,0.85,0.329555556,High,17
1995,1 days 17:15:00,"[1, 0, 0, 1]",140,39.7,"80 Patrol, 20 Fire Extinguisher",72,1800,1.944444444,50,0.206,0.019444444,0.794,0.336977778,High,17
1996,1 days 17:16:00,"[0, 1, 1, 0]",60,48.7,"21 Patrol, 86 Patrol, 60 Trucks, 21 Vans",44,1800,0.833333333,50,0.026,0.008333333,0.974,0.184533333,Low,17
1997,1 days 17:17:00,"[1, 0, 0, 1]",165,22.1,"69 Ambulance, 93 Bikes, 36 Trucks",71,1800,2.291666667,50,0.558,0.022916667,0.442,0.404766667,Very High,17
1998,1 days 17:18:00,"[0, 0, 0, 0]",101,21.7,"91 Ambulance, 30 Cars",70,1800,1.402777778,50,0.566,0.014027778,0.434,0.398811111,High,17
1999,1 days 17:19:00,"[1, 0, 1, 0]",50,28.5,"46 Vans, 26 Cars",31,1800,0.694444444,50,0.43,0.006944444,0.57,0.212777778,Moderate,17
2000,1 days 17:20:00,"[0, 0, 0, 1]",120,27.9,"74 Bikes, 17 Ambulance, 33 Vans",53,1800,1.666666667,50,0.442,0.016666667,0.558,0.307066667,High,17
2001,1 days 17:21:00,"[1, 1, 1, 0]",174,27.4,"97 Bikes, 99 Cars, 15 Bikes",46,1800,2.416666667,50,0.452,0.024166667,0.548,0.284066667,Moderate,17
2002,1 days 17:22:00,"[0, 1, 1, 0]",186,47.2,"28 Patrol, 59 Bikes, 99 Bikes, 13 Bikes",77,1800,2.583333333,50,0.056,0.025833333,0.944,0.329533333,High,17
2003,1 days 17:23:00,"[1, 0, 1, 0]",170,27.5,"36 Vans, 32 Fire Extinguisher, 75 Cars, 97 Trucks",79,1800,2.361111111,50,0.45,0.023611111,0.55,0.415444444,Very High,17
2004,1 days 17:24:00,"[0, 1, 1, 1]",184,28.2,"64 Vans, 50 Trucks, 82 Fire Extinguisher",53,1800,2.555555556,50,0.436,0.025555556,0.564,0.309422222,High,17
2005,1 days 17:25:00,"[0, 1, 0, 0]",197,42.8,"43 Cars, 81 Patrol, 44 Cars",37,1800,2.736111111,50,0.144,0.027361111,0.856,0.187744444,Low,17
2006,1 days 17:26:00,"[0, 0, 1, 1]",139,33.5,"99 Ambulance, 23 Fire Extinguisher, 49 Vans",48,1800,1.930555556,50,0.33,0.019305556,0.67,0.265722222,Moderate,17
2007,1 days 17:27:00,"[1, 0, 0, 0]",163,43.3,"77 Bikes, 90 Fire Extinguisher",81,1800,2.263888889,50,0.134,0.022638889,0.866,0.359855556,High,17
2008,1 days 17:28:00,"[0, 0, 1, 0]",193,22.0,"60 Cars, 79 Vans, 11 Vans, 58 Bikes",41,1800,2.680555556,50,0.56,0.026805556,0.44,0.286722222,Moderate,17
2009,1 days 17:29:00,"[1, 0, 1, 0]",162,34.6,"83 Bikes, 91 Trucks, 93 Ambulance, 90 Vans",72,1800,2.25,50,0.308,0.0225,0.692,0.3586,High,17
2010,1 days 17:30:00,"[0, 1, 1, 0]",137,21.0,"15 Cars, 52 Bikes, 51 Trucks",82,1800,1.902777778,50,0.58,0.019027778,0.42,0.451611111,Very High,17
2011,1 days 17:31:00,"[1, 0, 0, 1]",103,21.9,"50 Trucks, 28 Trucks",55,1800,1.430555556,50,0.562,0.014305556,0.438,0.338122222,High,17
2012,1 days 17:32:00,"[0, 0, 0, 1]",147,47.2,"14 Ambulance, 38 Bikes",52,1800,2.041666667,50,0.056,0.020416667,0.944,0.227366667,Moderate,17
2013,1 days 17:33:00,"[0, 0, 0, 1]",111,24.2,"14 Patrol, 96 Ambulance, 84 Ambulance, 45 Patrol",50,1800,1.541666667,50,0.516,0.015416667,0.484,0.309366667,High,17
2014,1 days 17:34:00,"[1, 1, 1, 0]",155,36.0,"56 Cars, 19 Patrol, 72 Vans",44,1800,2.152777778,50,0.28,0.021527778,0.72,0.240611111,Moderate,17
2015,1 days 17:35:00,"[0, 0, 0, 1]",125,32.3,"26 Ambulance, 77 Vans, 79 Patrol, 94 Bikes",35,1800,1.736111111,50,0.354,0.017361111,0.646,0.217744444,Moderate,17
2016,1 days 17:36:00,"[0, 0, 1, 0]",165,30.4,"60 Bikes, 34 Fire Extinguisher, 89 Trucks, 40 Trucks",59,1800,2.291666667,50,0.392,0.022916667,0.608,0.323566667,High,17
2017,1 days 17:37:00,"[1, 1, 1, 0]",57,47.0,"80 Cars, 85 Bikes",59,1800,0.791666667,50,0.06,0.007916667,0.94,0.251166667,Moderate,17
2018,1 days 17:38:00,"[0, 0, 1, 1]",94,20.7,"49 Trucks, 99 Trucks, 14 Trucks, 41 Ambulance",39,1800,1.305555556,50,0.586,0.013055556,0.414,0.278422222,Moderate,17
2019,1 days 17:39:00,"[0, 1, 1, 0]",176,39.9,"100 Bikes, 35 Patrol",79,1800,2.444444444,50,0.202,0.024444444,0.798,0.366177778,High,17
2020,1 days 17:40:00,"[0, 1, 1, 0]",182,48.9,"10 Fire Extinguisher, 15 Trucks, 11 Patrol",90,1800,2.527777778,50,0.022,0.025277778,0.978,0.374511111,High,17
2021,1 days 17:41:00,"[1, 1, 0, 0]",104,36.8,"72 Vans, 68 Fire Extinguisher, 21 Trucks, 78 Trucks",68,1800,1.444444444,50,0.264,0.014444444,0.736,0.330577778,High,17
2022,1 days 17:42:00,"[1, 0, 0, 1]",64,48.1,"86 Fire Extinguisher, 44 Fire Extinguisher",53,1800,0.888888889,50,0.038,0.008888889,0.962,0.223155556,Moderate,17
2023,1 days 17:43:00,"[1, 0, 1, 1]",119,21.6,"34 Fire Extinguisher, 78 Trucks, 73 Patrol, 29 Fire Extinguisher",84,1800,1.652777778,50,0.568,0.016527778,0.432,0.456211111,Very High,17
2024,1 days 17:44:00,"[1, 1, 1, 1]",81,32.6,"76 Cars, 77 Cars, 53 Fire Extinguisher, 46 Cars",70,1800,1.125,50,0.348,0.01125,0.652,0.3541,High,17
2025,1 days 17:45:00,"[1, 0, 1, 0]",180,27.8,"38 Trucks, 62 Vans, 55 Vans",63,1800,2.5,50,0.444,0.025,0.556,0.3508,High,17
2026,1 days 17:46:00,"[1, 0, 0, 1]",86,41.9,"48 Vans, 93 Vans, 59 Patrol, 72 Fire Extinguisher",84,1800,1.194444444,50,0.162,0.011944444,0.838,0.373177778,High,17
2027,1 days 17:47:00,"[1, 1, 1, 1]",53,49.4,"65 Bikes, 74 Cars, 80 Cars, 57 Trucks",55,1800,0.736111111,50,0.012,0.007361111,0.988,0.225344444,Moderate,17
2028,1 days 17:48:00,"[0, 0, 1, 1]",84,27.7,"95 Patrol, 89 Bikes",89,1800,1.166666667,50,0.446,0.011666667,0.554,0.449866667,Very High,17
2029,1 days 17:49:00,"[1, 1, 0, 0]",166,39.6,"61 Vans, 42 Cars, 26 Cars, 64 Bikes",58,1800,2.305555556,50,0.208,0.023055556,0.792,0.282822222,Moderate,17
2030,1 days 17:50:00,"[1, 0, 0, 0]",185,25.9,"90 Trucks, 97 Trucks, 63 Fire Extinguisher, 13 Trucks",73,1800,2.569444444,50,0.482,0.025694444,0.518,0.398677778,High,17
2031,1 days 17:51:00,"[0, 0, 1, 1]",69,37.0,"61 Vans, 11 Bikes, 40 Fire Extinguisher, 99 Patrol",68,1800,0.958333333,50,0.26,0.009583333,0.74,0.327833333,High,17
2032,1 days 17:52:00,"[0, 1, 0, 0]",56,33.9,"90 Ambulance, 28 Patrol, 98 Vans, 12 Patrol",69,1800,0.777777778,50,0.322,0.007777778,0.678,0.343511111,High,17
2033,1 days 17:53:00,"[0, 0, 1, 0]",195,49.2,"92 Patrol, 50 Ambulance",44,1800,2.708333333,50,0.016,0.027083333,0.984,0.190033333,Low,17
2034,1 days 17:54:00,"[1, 0, 0, 1]",85,38.3,"34 Trucks, 80 Bikes, 94 Patrol, 44 Fire Extinguisher",77,1800,1.180555556,50,0.234,0.011805556,0.766,0.359522222,High,17
2035,1 days 17:55:00,"[0, 0, 0, 0]",117,30.5,"75 Trucks, 79 Bikes, 14 Vans, 39 Cars",44,1800,1.625,50,0.39,0.01625,0.61,0.2605,Moderate,17
2036,1 days 17:56:00,"[1, 0, 1, 1]",83,23.4,"27 Vans, 84 Vans",85,1800,1.152777778,50,0.532,0.011527778,0.468,0.451011111,Very High,17
2037,1 days 17:57:00,"[0, 0, 1, 0]",190,24.5,"23 Vans, 20 Vans, 23 Patrol",79,1800,2.638888889,50,0.51,0.026388889,0.49,0.428555556,Very High,17
2038,1 days 17:58:00,"[0, 0, 0, 1]",54,26.8,"85 Bikes, 43 Trucks, 46 Patrol, 43 Vans",54,1800,0.75,50,0.464,0.0075,0.536,0.3118,High,17
2039,1 days 17:59:00,"[0, 1, 1, 1]",103,27.5,"68 Trucks, 82 Fire Extinguisher, 39 Fire Extinguisher, 24 Ambulance",55,1800,1.430555556,50,0.45,0.014305556,0.55,0.315722222,High,17
2040,1 days 18:00:00,"[0, 1, 0, 1]",101,45.5,"82 Patrol, 28 Cars, 70 Bikes",67,1800,1.402777778,50,0.09,0.014027778,0.91,0.291611111,Moderate,18
2041,1 days 18:01:00,"[1, 0, 0, 1]",110,36.8,"17 Ambulance, 90 Fire Extinguisher, 27 Trucks, 99 Trucks",51,1800,1.527777778,50,0.264,0.015277778,0.736,0.262911111,Moderate,18
2042,1 days 18:02:00,"[1, 1, 1, 0]",165,35.7,"47 Bikes, 71 Fire Extinguisher",74,1800,2.291666667,50,0.286,0.022916667,0.714,0.362366667,High,18
2043,1 days 18:03:00,"[0, 0, 0, 0]",172,23.4,"59 Bikes, 93 Patrol",68,1800,2.388888889,50,0.532,0.023888889,0.468,0.387955556,High,18
2044,1 days 18:04:00,"[0, 0, 1, 1]",62,45.8,"25 Trucks, 24 Vans, 21 Patrol",39,1800,0.861111111,50,0.084,0.008611111,0.916,0.176244444,Low,18
2045,1 days 18:05:00,"[0, 1, 0, 0]",155,41.7,"77 Trucks, 78 Trucks, 83 Cars",55,1800,2.152777778,50,0.166,0.021527778,0.834,0.261811111,Moderate,18
2046,1 days 18:06:00,"[0, 0, 0, 0]",131,22.0,"26 Ambulance, 40 Vans",79,1800,1.819444444,50,0.56,0.018194444,0.44,0.435277778,Very High,18
2047,1 days 18:07:00,"[0, 1, 1, 0]",90,41.2,"15 Bikes, 76 Bikes, 15 Cars",76,1800,1.25,50,0.176,0.0125,0.824,0.3442,High,18
2048,1 days 18:08:00,"[0, 1, 0, 0]",124,36.3,"50 Ambulance, 28 Ambulance",76,1800,1.722222222,50,0.274,0.017222222,0.726,0.365688889,High,18
2049,1 days 18:09:00,"[1, 1, 0, 0]",156,22.5,"41 Cars, 22 Trucks, 53 Patrol",63,1800,2.166666667,50,0.55,0.021666667,0.45,0.370666667,High,18
2050,1 days 18:10:00,"[0, 1, 1, 1]",144,33.7,"79 Trucks, 99 Trucks, 20 Bikes, 97 Fire Extinguisher",66,1800,2.0,50,0.326,0.02,0.674,0.3372,High,18
2051,1 days 18:11:00,"[1, 0, 0, 1]",57,34.5,"15 Trucks, 53 Bikes",87,1800,0.791666667,50,0.31,0.007916667,0.69,0.413166667,Very High,18
2052,1 days 18:12:00,"[0, 1, 0, 0]",68,25.0,"51 Cars, 70 Trucks",52,1800,0.944444444,50,0.5,0.009444444,0.5,0.311777778,High,18
2053,1 days 18:13:00,"[0, 1, 1, 1]",182,48.4,"60 Vans, 28 Vans, 49 Fire Extinguisher, 90 Vans",69,1800,2.527777778,50,0.032,0.025277778,0.968,0.292511111,Moderate,18
2054,1 days 18:14:00,"[0, 0, 1, 0]",165,45.5,"29 Ambulance, 14 Fire Extinguisher",63,1800,2.291666667,50,0.09,0.022916667,0.91,0.279166667,Moderate,18
2055,1 days 18:15:00,"[0, 0, 0, 0]",136,40.1,"22 Cars, 19 Ambulance",54,1800,1.888888889,50,0.198,0.018888889,0.802,0.263155556,Moderate,18
2056,1 days 18:16:00,"[0, 1, 0, 0]",125,33.9,"67 Bikes, 23 Fire Extinguisher, 29 Cars",32,1800,1.736111111,50,0.322,0.017361111,0.678,0.199344444,Low,18
2057,1 days 18:17:00,"[0, 1, 0, 1]",86,32.4,"67 Cars, 18 Trucks",42,1800,1.194444444,50,0.352,0.011944444,0.648,0.243177778,Moderate,18
2058,1 days 18:18:00,"[0, 0, 0, 0]",73,39.5,"89 Fire Extinguisher, 73 Vans, 34 Vans",82,1800,1.013888889,50,0.21,0.010138889,0.79,0.374055556,High,18
2059,1 days 18:19:00,"[0, 0, 1, 0]",87,36.4,"46 Fire Extinguisher, 83 Patrol, 90 Patrol, 17 Fire Extinguisher",69,1800,1.208333333,50,0.272,0.012083333,0.728,0.335233333,High,18
2060,1 days 18:20:00,"[0, 0, 1, 0]",170,21.9,"50 Ambulance, 90 Bikes, 99 Cars",72,1800,2.361111111,50,0.562,0.023611111,0.438,0.409844444,Very High,18
2061,1 days 18:21:00,"[0, 0, 1, 1]",150,35.4,"25 Ambulance, 65 Fire Extinguisher, 50 Trucks, 89 Bikes",90,1800,2.083333333,50,0.292,0.020833333,0.708,0.426733333,Very High,18
2062,1 days 18:22:00,"[0, 1, 1, 1]",145,44.2,"40 Bikes, 42 Cars",58,1800,2.013888889,50,0.116,0.020138889,0.884,0.263255556,Moderate,18
2063,1 days 18:23:00,"[0, 1, 1, 0]",105,33.8,"83 Ambulance, 89 Vans, 75 Patrol",89,1800,1.458333333,50,0.324,0.014583333,0.676,0.426633333,Very High,18
2064,1 days 18:24:00,"[1, 0, 1, 0]",194,21.6,"94 Trucks, 20 Bikes, 100 Cars",31,1800,2.694444444,50,0.568,0.026944444,0.432,0.248377778,Moderate,18
2065,1 days 18:25:00,"[0, 0, 0, 1]",116,43.6,"42 Ambulance, 99 Patrol",89,1800,1.611111111,50,0.128,0.016111111,0.872,0.388044444,High,18
2066,1 days 18:26:00,"[1, 1, 1, 1]",50,26.0,"30 Patrol, 31 Bikes, 27 Cars, 16 Ambulance",52,1800,0.694444444,50,0.48,0.006944444,0.52,0.306777778,High,18
2067,1 days 18:27:00,"[0, 1, 0, 0]",83,27.8,"23 Trucks, 45 Trucks, 20 Bikes",73,1800,1.152777778,50,0.444,0.011527778,0.556,0.385411111,High,18
2068,1 days 18:28:00,"[1, 1, 1, 1]",197,24.9,"19 Trucks, 64 Vans, 66 Patrol",65,1800,2.736111111,50,0.502,0.027361111,0.498,0.371344444,High,18
2069,1 days 18:29:00,"[0, 1, 1, 0]",115,29.9,"44 Cars, 93 Ambulance, 35 Trucks, 50 Trucks",42,1800,1.597222222,50,0.402,0.015972222,0.598,0.254788889,Moderate,18
2070,1 days 18:30:00,"[0, 0, 1, 1]",114,42.7,"33 Patrol, 14 Fire Extinguisher, 44 Bikes",59,1800,1.583333333,50,0.146,0.015833333,0.854,0.271533333,Moderate,18
2071,1 days 18:31:00,"[0, 0, 1, 1]",162,35.6,"51 Patrol, 58 Trucks, 60 Fire Extinguisher",80,1800,2.25,50,0.288,0.0225,0.712,0.3866,High,18
2072,1 days 18:32:00,"[1, 1, 0, 1]",99,26.1,"31 Patrol, 32 Ambulance, 30 Fire Extinguisher",72,1800,1.375,50,0.478,0.01375,0.522,0.3891,High,18
2073,1 days 18:33:00,"[1, 1, 0, 1]",197,46.3,"35 Patrol, 79 Ambulance, 32 Vans, 77 Bikes",46,1800,2.736111111,50,0.074,0.027361111,0.926,0.209744444,Moderate,18
2074,1 days 18:34:00,"[0, 1, 1, 1]",100,46.4,"95 Bikes, 74 Fire Extinguisher, 21 Patrol",40,1800,1.388888889,50,0.072,0.013888889,0.928,0.179955556,Low,18
2075,1 days 18:35:00,"[1, 0, 0, 1]",151,46.1,"32 Cars, 72 Fire Extinguisher, 97 Bikes, 36 Patrol",50,1800,2.097222222,50,0.078,0.020972222,0.922,0.223988889,Moderate,18
2076,1 days 18:36:00,"[1, 1, 0, 1]",118,27.2,"21 Cars, 60 Ambulance, 57 Patrol",85,1800,1.638888889,50,0.456,0.016388889,0.544,0.437755556,Very High,18
2077,1 days 18:37:00,"[1, 0, 0, 0]",92,33.5,"76 Patrol, 61 Vans",41,1800,1.277777778,50,0.33,0.012777778,0.67,0.235111111,Moderate,18
2078,1 days 18:38:00,"[1, 1, 1, 0]",122,49.5,"13 Bikes, 43 Ambulance, 29 Trucks",54,1800,1.694444444,50,0.01,0.016944444,0.99,0.224777778,Moderate,18
2079,1 days 18:39:00,"[1, 1, 0, 1]",187,43.2,"31 Bikes, 95 Ambulance, 33 Vans",37,1800,2.597222222,50,0.136,0.025972222,0.864,0.185588889,Low,18
2080,1 days 18:40:00,"[1, 0, 0, 1]",109,20.8,"96 Patrol, 54 Trucks, 48 Bikes, 25 Patrol",77,1800,1.513888889,50,0.584,0.015138889,0.416,0.430855556,Very High,18
2081,1 days 18:41:00,"[1, 1, 0, 0]",58,22.0,"17 Ambulance, 37 Cars",79,1800,0.805555556,50,0.56,0.008055556,0.44,0.431222222,Very High,18
2082,1 days 18:42:00,"[1, 1, 0, 1]",172,33.9,"62 Bikes, 73 Vans, 32 Fire Extinguisher",50,1800,2.388888889,50,0.322,0.023888889,0.678,0.273955556,Moderate,18
2083,1 days 18:43:00,"[0, 1, 0, 1]",175,47.3,"88 Fire Extinguisher, 61 Vans, 33 Trucks, 10 Cars",67,1800,2.430555556,50,0.054,0.024305556,0.946,0.288522222,Moderate,18
2084,1 days 18:44:00,"[0, 0, 0, 1]",160,36.2,"85 Bikes, 16 Bikes",34,1800,2.222222222,50,0.276,0.022222222,0.724,0.200088889,Moderate,18
2085,1 days 18:45:00,"[0, 1, 1, 1]",107,34.9,"80 Cars, 90 Vans, 95 Ambulance",70,1800,1.486111111,50,0.302,0.014861111,0.698,0.346344444,High,18
2086,1 days 18:46:00,"[1, 1, 0, 1]",82,23.2,"37 Patrol, 28 Bikes",30,1800,1.138888889,50,0.536,0.011388889,0.464,0.231755556,Moderate,18
2087,1 days 18:47:00,"[1, 1, 1, 0]",115,39.7,"47 Fire Extinguisher, 54 Cars",46,1800,1.597222222,50,0.206,0.015972222,0.794,0.231588889,Moderate,18
2088,1 days 18:48:00,"[1, 1, 1, 0]",193,44.7,"99 Vans, 15 Vans, 34 Trucks",58,1800,2.680555556,50,0.106,0.026805556,0.894,0.263922222,Moderate,18
2089,1 days 18:49:00,"[1, 1, 1, 1]",90,31.4,"87 Ambulance, 58 Bikes, 51 Patrol, 99 Ambulance",53,1800,1.25,50,0.372,0.0125,0.628,0.2914,Moderate,18
2090,1 days 18:50:00,"[0, 0, 1, 0]",133,43.3,"91 Cars, 26 Vans, 54 Cars, 81 Ambulance",73,1800,1.847222222,50,0.134,0.018472222,0.866,0.326188889,High,18
2091,1 days 18:51:00,"[1, 0, 1, 0]",59,48.9,"97 Cars, 53 Fire Extinguisher",36,1800,0.819444444,50,0.022,0.008194444,0.978,0.151677778,Low,18
2092,1 days 18:52:00,"[0, 0, 1, 0]",102,26.1,"30 Patrol, 32 Cars, 26 Cars",36,1800,1.416666667,50,0.478,0.014166667,0.522,0.245266667,Moderate,18
2093,1 days 18:53:00,"[1, 0, 1, 1]",104,35.7,"67 Vans, 42 Trucks, 77 Cars",34,1800,1.444444444,50,0.286,0.014444444,0.714,0.198977778,Low,18
2094,1 days 18:54:00,"[0, 1, 0, 0]",197,28.6,"27 Ambulance, 76 Cars",58,1800,2.736111111,50,0.428,0.027361111,0.572,0.328544444,High,18
2095,1 days 18:55:00,"[1, 0, 1, 0]",105,43.8,"70 Trucks, 17 Vans, 25 Fire Extinguisher",39,1800,1.458333333,50,0.124,0.014583333,0.876,0.186633333,Low,18
2096,1 days 18:56:00,"[0, 1, 1, 0]",116,37.3,"52 Cars, 93 Cars, 55 Fire Extinguisher, 32 Fire Extinguisher",52,1800,1.611111111,50,0.254,0.016111111,0.746,0.265244444,Moderate,18
2097,1 days 18:57:00,"[0, 1, 1, 0]",196,39.0,"48 Fire Extinguisher, 78 Vans",63,1800,2.722222222,50,0.22,0.027222222,0.78,0.306888889,High,18
2098,1 days 18:58:00,"[1, 0, 0, 0]",118,43.9,"81 Fire Extinguisher, 89 Bikes, 45 Bikes",56,1800,1.638888889,50,0.122,0.016388889,0.878,0.254955556,Moderate,18
2099,1 days 18:59:00,"[1, 0, 0, 0]",163,31.9,"45 Ambulance, 16 Ambulance",84,1800,2.263888889,50,0.362,0.022638889,0.638,0.417455556,Very High,18
2100,1 days 19:00:00,"[1, 0, 0, 1]",107,47.5,"47 Bikes, 84 Trucks, 50 Bikes, 45 Patrol",45,1800,1.486111111,50,0.05,0.014861111,0.95,0.195944444,Low,19
2101,1 days 19:01:00,"[0, 0, 1, 0]",90,36.0,"70 Vans, 20 Ambulance",76,1800,1.25,50,0.28,0.0125,0.72,0.365,High,19
2102,1 days 19:02:00,"[1, 1, 0, 1]",144,24.7,"15 Bikes, 97 Bikes",57,1800,2.0,50,0.506,0.02,0.494,0.3372,High,19
2103,1 days 19:03:00,"[0, 1, 0, 0]",115,40.9,"33 Bikes, 84 Fire Extinguisher",47,1800,1.597222222,50,0.182,0.015972222,0.818,0.230788889,Moderate,19
2104,1 days 19:04:00,"[0, 1, 0, 0]",179,43.8,"47 Vans, 24 Ambulance",57,1800,2.486111111,50,0.124,0.024861111,0.876,0.262744444,Moderate,19
2105,1 days 19:05:00,"[0, 0, 1, 1]",181,29.5,"22 Patrol, 96 Patrol, 36 Bikes",48,1800,2.513888889,50,0.41,0.025138889,0.59,0.284055556,Moderate,19
2106,1 days 19:06:00,"[1, 1, 0, 0]",134,45.7,"99 Bikes, 21 Bikes, 94 Fire Extinguisher, 25 Patrol",42,1800,1.861111111,50,0.086,0.018611111,0.914,0.192644444,Low,19
2107,1 days 19:07:00,"[0, 0, 0, 1]",145,47.2,"76 Cars, 48 Ambulance",88,1800,2.013888889,50,0.056,0.020138889,0.944,0.371255556,High,19
2108,1 days 19:08:00,"[1, 1, 0, 1]",67,28.3,"78 Patrol, 81 Vans, 38 Vans",82,1800,0.930555556,50,0.434,0.009305556,0.566,0.418522222,Very High,19
2109,1 days 19:09:00,"[0, 0, 0, 0]",132,49.5,"73 Bikes, 80 Patrol, 53 Vans, 18 Patrol",73,1800,1.833333333,50,0.01,0.018333333,0.99,0.301333333,High,19
2110,1 days 19:10:00,"[1, 1, 1, 0]",142,24.2,"99 Fire Extinguisher, 94 Ambulance, 64 Vans",58,1800,1.972222222,50,0.516,0.019722222,0.484,0.343088889,High,19
2111,1 days 19:11:00,"[1, 1, 0, 0]",84,26.1,"40 Trucks, 80 Bikes, 48 Patrol, 96 Bikes",43,1800,1.166666667,50,0.478,0.011666667,0.522,0.272266667,Moderate,19
2112,1 days 19:12:00,"[1, 1, 0, 0]",94,25.5,"61 Trucks, 24 Patrol, 37 Fire Extinguisher, 72 Cars",31,1800,1.305555556,50,0.49,0.013055556,0.51,0.227222222,Moderate,19
2113,1 days 19:13:00,"[0, 0, 0, 0]",186,46.8,"86 Patrol, 15 Trucks, 61 Patrol",62,1800,2.583333333,50,0.064,0.025833333,0.936,0.271133333,Moderate,19
2114,1 days 19:14:00,"[1, 1, 1, 1]",142,39.6,"79 Fire Extinguisher, 44 Patrol, 59 Trucks, 83 Cars",51,1800,1.972222222,50,0.208,0.019722222,0.792,0.253488889,Moderate,19
2115,1 days 19:15:00,"[0, 0, 0, 0]",168,24.6,"66 Bikes, 93 Cars, 37 Cars, 90 Fire Extinguisher",38,1800,2.333333333,50,0.508,0.023333333,0.492,0.262933333,Moderate,19
2116,1 days 19:16:00,"[1, 0, 1, 0]",102,33.2,"24 Bikes, 48 Bikes, 79 Ambulance, 71 Bikes",47,1800,1.416666667,50,0.336,0.014166667,0.664,0.260866667,Moderate,19
2117,1 days 19:17:00,"[0, 0, 1, 1]",104,38.5,"89 Bikes, 96 Fire Extinguisher, 77 Ambulance",33,1800,1.444444444,50,0.23,0.014444444,0.77,0.183777778,Low,19
2118,1 days 19:18:00,"[0, 1, 1, 1]",198,22.5,"59 Patrol, 49 Ambulance, 57 Trucks",38,1800,2.75,50,0.55,0.0275,0.45,0.273,Moderate,19
2119,1 days 19:19:00,"[0, 0, 1, 1]",197,46.5,"22 Ambulance, 48 Fire Extinguisher, 22 Ambulance, 47 Fire Extinguisher",61,1800,2.736111111,50,0.07,0.027361111,0.93,0.268944444,Moderate,19
2120,1 days 19:20:00,"[1, 0, 0, 1]",139,44.1,"95 Vans, 26 Bikes, 60 Vans",51,1800,1.930555556,50,0.118,0.019305556,0.882,0.235322222,Moderate,19
2121,1 days 19:21:00,"[1, 0, 1, 0]",128,35.2,"10 Bikes, 96 Cars, 53 Vans",86,1800,1.777777778,50,0.296,0.017777778,0.704,0.410311111,Very High,19
2122,1 days 19:22:00,"[0, 0, 1, 0]",119,49.0,"69 Trucks, 82 Trucks",79,1800,1.652777778,50,0.02,0.016527778,0.98,0.326611111,High,19
2123,1 days 19:23:00,"[0, 1, 1, 1]",68,32.5,"40 Vans, 44 Trucks, 27 Patrol, 74 Cars",46,1800,0.944444444,50,0.35,0.009444444,0.65,0.257777778,Moderate,19
2124,1 days 19:24:00,"[1, 1, 0, 1]",72,49.5,"20 Ambulance, 12 Bikes",63,1800,1.0,50,0.01,0.01,0.99,0.258,Moderate,19
2125,1 days 19:25:00,"[0, 0, 0, 0]",143,40.0,"88 Bikes, 34 Vans",58,1800,1.986111111,50,0.2,0.019861111,0.8,0.279944444,Moderate,19
2126,1 days 19:26:00,"[0, 1, 1, 1]",107,39.0,"33 Ambulance, 80 Cars",51,1800,1.486111111,50,0.22,0.014861111,0.78,0.253944444,Moderate,19
2127,1 days 19:27:00,"[1, 0, 1, 1]",139,25.0,"45 Trucks, 40 Ambulance, 81 Patrol",41,1800,1.930555556,50,0.5,0.019305556,0.5,0.271722222,Moderate,19
2128,1 days 19:28:00,"[0, 0, 1, 1]",119,46.5,"28 Bikes, 55 Patrol, 66 Patrol",77,1800,1.652777778,50,0.07,0.016527778,0.93,0.328611111,High,19
2129,1 days 19:29:00,"[0, 1, 0, 1]",166,32.8,"11 Patrol, 67 Patrol",63,1800,2.305555556,50,0.344,0.023055556,0.656,0.330022222,High,19
2130,1 days 19:30:00,"[0, 1, 1, 0]",157,24.9,"64 Patrol, 16 Trucks",88,1800,2.180555556,50,0.502,0.021805556,0.498,0.461122222,Very High,19
2131,1 days 19:31:00,"[0, 0, 0, 1]",185,20.4,"77 Bikes, 36 Ambulance, 23 Vans",64,1800,2.569444444,50,0.592,0.025694444,0.408,0.384677778,High,19
2132,1 days 19:32:00,"[1, 1, 0, 1]",183,36.8,"98 Trucks, 47 Fire Extinguisher, 93 Ambulance, 33 Fire Extinguisher",43,1800,2.541666667,50,0.264,0.025416667,0.736,0.234966667,Moderate,19
2133,1 days 19:33:00,"[1, 0, 1, 0]",150,35.8,"87 Vans, 45 Patrol, 78 Vans",34,1800,2.083333333,50,0.284,0.020833333,0.716,0.201133333,Moderate,19
2134,1 days 19:34:00,"[0, 1, 1, 0]",193,41.6,"84 Trucks, 17 Cars, 74 Cars, 11 Fire Extinguisher",45,1800,2.680555556,50,0.168,0.026805556,0.832,0.224322222,Moderate,19
2135,1 days 19:35:00,"[0, 0, 1, 1]",200,46.7,"72 Vans, 54 Fire Extinguisher, 20 Ambulance, 49 Cars",80,1800,2.777777778,50,0.066,0.027777778,0.934,0.344311111,High,19
2136,1 days 19:36:00,"[1, 0, 0, 1]",148,22.4,"65 Patrol, 47 Bikes",86,1800,2.055555556,50,0.552,0.020555556,0.448,0.462622222,Very High,19
2137,1 days 19:37:00,"[0, 1, 0, 0]",149,41.9,"62 Ambulance, 78 Patrol, 80 Fire Extinguisher",90,1800,2.069444444,50,0.162,0.020694444,0.838,0.400677778,Very High,19
2138,1 days 19:38:00,"[0, 1, 1, 1]",52,25.6,"88 Cars, 21 Cars",46,1800,0.722222222,50,0.488,0.007222222,0.512,0.284488889,Moderate,19
2139,1 days 19:39:00,"[0, 1, 1, 0]",52,45.7,"23 Ambulance, 25 Bikes",57,1800,0.722222222,50,0.086,0.007222222,0.914,0.248088889,Moderate,19
2140,1 days 19:40:00,"[0, 0, 0, 1]",129,44.6,"54 Ambulance, 90 Trucks, 69 Vans, 78 Cars",34,1800,1.791666667,50,0.108,0.017916667,0.892,0.164766667,Low,19
2141,1 days 19:41:00,"[0, 1, 1, 1]",109,36.2,"38 Trucks, 56 Fire Extinguisher",90,1800,1.513888889,50,0.276,0.015138889,0.724,0.421255556,Very High,19
2142,1 days 19:42:00,"[1, 1, 1, 1]",106,41.3,"10 Bikes, 27 Fire Extinguisher, 28 Bikes",59,1800,1.472222222,50,0.174,0.014722222,0.826,0.276688889,Moderate,19
2143,1 days 19:43:00,"[0, 0, 1, 1]",116,29.4,"91 Patrol, 40 Trucks",89,1800,1.611111111,50,0.412,0.016111111,0.588,0.444844444,Very High,19
2144,1 days 19:44:00,"[1, 0, 1, 0]",195,34.1,"40 Bikes, 32 Cars, 90 Vans, 28 Vans",66,1800,2.708333333,50,0.318,0.027083333,0.682,0.338433333,High,19
2145,1 days 19:45:00,"[0, 0, 0, 1]",155,44.6,"83 Patrol, 82 Trucks",34,1800,2.152777778,50,0.108,0.021527778,0.892,0.166211111,Low,19
2146,1 days 19:46:00,"[1, 0, 0, 0]",86,33.8,"11 Cars, 44 Ambulance, 42 Ambulance, 82 Ambulance",58,1800,1.194444444,50,0.324,0.011944444,0.676,0.301577778,High,19
2147,1 days 19:47:00,"[1, 1, 0, 0]",106,30.7,"67 Fire Extinguisher, 94 Fire Extinguisher, 95 Cars",45,1800,1.472222222,50,0.386,0.014722222,0.614,0.263088889,Moderate,19
2148,1 days 19:48:00,"[0, 1, 1, 1]",69,34.8,"59 Fire Extinguisher, 48 Fire Extinguisher",88,1800,0.958333333,50,0.304,0.009583333,0.696,0.416633333,Very High,19
2149,1 days 19:49:00,"[0, 0, 1, 1]",85,44.8,"92 Vans, 25 Patrol, 70 Patrol",42,1800,1.180555556,50,0.104,0.011805556,0.896,0.193522222,Low,19
2150,1 days 19:50:00,"[1, 1, 1, 1]",120,30.1,"68 Trucks, 83 Vans",62,1800,1.666666667,50,0.398,0.016666667,0.602,0.334266667,High,19
2151,1 days 19:51:00,"[1, 0, 0, 0]",83,25.2,"12 Vans, 27 Ambulance, 34 Cars",57,1800,1.152777778,50,0.496,0.011527778,0.504,0.331811111,High,19
2152,1 days 19:52:00,"[0, 0, 1, 0]",114,41.4,"28 Vans, 59 Ambulance, 43 Ambulance, 52 Ambulance",86,1800,1.583333333,50,0.172,0.015833333,0.828,0.384733333,High,19
2153,1 days 19:53:00,"[1, 0, 1, 1]",168,44.8,"48 Cars, 88 Fire Extinguisher, 97 Patrol, 82 Ambulance",62,1800,2.333333333,50,0.104,0.023333333,0.896,0.278133333,Moderate,19
2154,1 days 19:54:00,"[0, 0, 1, 1]",180,23.0,"78 Ambulance, 86 Fire Extinguisher",62,1800,2.5,50,0.54,0.025,0.46,0.366,High,19
2155,1 days 19:55:00,"[0, 0, 1, 1]",55,27.2,"30 Trucks, 93 Bikes, 97 Trucks, 78 Bikes",71,1800,0.763888889,50,0.456,0.007638889,0.544,0.378255556,High,19
2156,1 days 19:56:00,"[1, 1, 0, 1]",153,24.3,"94 Vans, 24 Cars",73,1800,2.125,50,0.514,0.02125,0.486,0.4033,Very High,19
2157,1 days 19:57:00,"[1, 1, 1, 1]",119,30.4,"81 Ambulance, 58 Ambulance, 65 Cars, 26 Bikes",73,1800,1.652777778,50,0.392,0.016527778,0.608,0.377011111,High,19
2158,1 days 19:58:00,"[0, 1, 1, 0]",183,33.5,"52 Trucks, 60 Trucks",83,1800,2.541666667,50,0.33,0.025416667,0.67,0.408166667,Very High,19
2159,1 days 19:59:00,"[1, 0, 0, 1]",82,42.5,"15 Trucks, 39 Trucks, 20 Cars",47,1800,1.138888889,50,0.15,0.011388889,0.85,0.222555556,Moderate,19
2160,1 days 20:00:00,"[1, 0, 1, 0]",196,39.5,"39 Vans, 81 Ambulance",77,1800,2.722222222,50,0.21,0.027222222,0.79,0.360888889,High,20
2161,1 days 20:01:00,"[0, 1, 0, 1]",117,38.6,"22 Cars, 60 Vans, 100 Bikes, 42 Patrol",52,1800,1.625,50,0.228,0.01625,0.772,0.2601,Moderate,20
2162,1 days 20:02:00,"[0, 0, 1, 1]",179,30.6,"64 Bikes, 71 Cars",65,1800,2.486111111,50,0.388,0.024861111,0.612,0.347544444,High,20
2163,1 days 20:03:00,"[0, 1, 0, 1]",120,45.2,"40 Bikes, 45 Cars, 32 Fire Extinguisher, 54 Trucks",80,1800,1.666666667,50,0.096,0.016666667,0.904,0.345866667,High,20
2164,1 days 20:04:00,"[1, 1, 0, 0]",59,34.1,"74 Fire Extinguisher, 89 Cars",64,1800,0.819444444,50,0.318,0.008194444,0.682,0.322877778,High,20
2165,1 days 20:05:00,"[1, 1, 1, 0]",145,49.4,"27 Fire Extinguisher, 38 Ambulance, 17 Trucks",78,1800,2.013888889,50,0.012,0.020138889,0.988,0.322455556,High,20
2166,1 days 20:06:00,"[1, 1, 0, 0]",57,39.0,"32 Vans, 21 Ambulance, 34 Ambulance, 60 Fire Extinguisher",33,1800,0.791666667,50,0.22,0.007916667,0.78,0.179166667,Low,20
2167,1 days 20:07:00,"[0, 1, 0, 1]",122,23.8,"39 Ambulance, 69 Trucks, 66 Patrol",86,1800,1.694444444,50,0.524,0.016944444,0.476,0.455577778,Very High,20
2168,1 days 20:08:00,"[1, 1, 1, 0]",159,40.3,"80 Fire Extinguisher, 97 Cars, 91 Patrol, 83 Vans",72,1800,2.208333333,50,0.194,0.022083333,0.806,0.335633333,High,20
2169,1 days 20:09:00,"[1, 1, 0, 0]",187,29.8,"79 Cars, 87 Fire Extinguisher",32,1800,2.597222222,50,0.404,0.025972222,0.596,0.219188889,Moderate,20
2170,1 days 20:10:00,"[0, 0, 0, 0]",194,40.6,"19 Vans, 90 Cars",45,1800,2.694444444,50,0.188,0.026944444,0.812,0.228377778,Moderate,20
2171,1 days 20:11:00,"[1, 1, 1, 1]",162,22.1,"17 Cars, 20 Vans, 91 Bikes, 72 Cars",58,1800,2.25,50,0.558,0.0225,0.442,0.3526,High,20
2172,1 days 20:12:00,"[1, 0, 1, 1]",71,25.2,"32 Fire Extinguisher, 79 Cars",82,1800,0.986111111,50,0.496,0.009861111,0.504,0.431144444,Very High,20
2173,1 days 20:13:00,"[0, 0, 1, 0]",76,45.7,"48 Patrol, 20 Fire Extinguisher, 70 Bikes, 13 Vans",68,1800,1.055555556,50,0.086,0.010555556,0.914,0.293422222,Moderate,20
2174,1 days 20:14:00,"[1, 0, 1, 0]",187,26.8,"86 Ambulance, 48 Ambulance",40,1800,2.597222222,50,0.464,0.025972222,0.536,0.263188889,Moderate,20
2175,1 days 20:15:00,"[1, 0, 0, 1]",174,45.1,"16 Bikes, 47 Cars",44,1800,2.416666667,50,0.098,0.024166667,0.902,0.205266667,Moderate,20
2176,1 days 20:16:00,"[1, 0, 1, 1]",135,28.4,"26 Patrol, 38 Patrol",75,1800,1.875,50,0.432,0.01875,0.568,0.3939,High,20
2177,1 days 20:17:00,"[0, 1, 0, 0]",96,39.3,"24 Vans, 37 Vans, 78 Vans, 64 Patrol",76,1800,1.333333333,50,0.214,0.013333333,0.786,0.352133333,High,20
2178,1 days 20:18:00,"[1, 1, 0, 0]",70,40.8,"100 Patrol, 31 Patrol, 84 Cars, 18 Bikes",32,1800,0.972222222,50,0.184,0.009722222,0.816,0.168688889,Low,20
2179,1 days 20:19:00,"[1, 1, 0, 1]",102,35.4,"78 Cars, 37 Patrol, 52 Trucks, 24 Trucks",76,1800,1.416666667,50,0.292,0.014166667,0.708,0.368066667,High,20
2180,1 days 20:20:00,"[0, 0, 1, 1]",190,29.2,"52 Bikes, 94 Trucks",88,1800,2.638888889,50,0.416,0.026388889,0.584,0.445755556,Very High,20
2181,1 days 20:21:00,"[0, 1, 1, 1]",105,26.4,"50 Patrol, 41 Bikes, 90 Ambulance, 69 Ambulance",61,1800,1.458333333,50,0.472,0.014583333,0.528,0.344233333,High,20
2182,1 days 20:22:00,"[0, 1, 1, 1]",111,21.0,"11 Bikes, 85 Ambulance, 82 Trucks, 75 Trucks",41,1800,1.541666667,50,0.58,0.015416667,0.42,0.286166667,Moderate,20
2183,1 days 20:23:00,"[0, 0, 1, 1]",113,29.1,"18 Bikes, 57 Fire Extinguisher, 97 Bikes, 92 Vans",65,1800,1.569444444,50,0.418,0.015694444,0.582,0.349877778,High,20
2184,1 days 20:24:00,"[1, 1, 1, 1]",133,39.6,"72 Ambulance, 47 Patrol, 85 Patrol",85,1800,1.847222222,50,0.208,0.018472222,0.792,0.388988889,High,20
2185,1 days 20:25:00,"[1, 1, 0, 1]",97,48.1,"48 Vans, 92 Vans",35,1800,1.347222222,50,0.038,0.013472222,0.962,0.152988889,Low,20
2186,1 days 20:26:00,"[0, 1, 1, 1]",88,46.1,"14 Trucks, 70 Fire Extinguisher, 92 Patrol, 23 Cars",37,1800,1.222222222,50,0.078,0.012222222,0.922,0.168488889,Low,20
2187,1 days 20:27:00,"[1, 1, 0, 0]",148,43.0,"100 Ambulance, 34 Cars, 16 Bikes",51,1800,2.055555556,50,0.14,0.020555556,0.86,0.240222222,Moderate,20
2188,1 days 20:28:00,"[1, 0, 0, 1]",165,43.7,"98 Trucks, 64 Trucks, 12 Fire Extinguisher",41,1800,2.291666667,50,0.126,0.022916667,0.874,0.198366667,Low,20
2189,1 days 20:29:00,"[0, 0, 1, 1]",120,39.9,"79 Trucks, 79 Ambulance",65,1800,1.666666667,50,0.202,0.016666667,0.798,0.307066667,High,20
2190,1 days 20:30:00,"[0, 1, 1, 1]",100,27.8,"79 Cars, 77 Vans",87,1800,1.388888889,50,0.444,0.013888889,0.556,0.442355556,Very High,20
2191,1 days 20:31:00,"[0, 1, 0, 0]",191,47.2,"78 Vans, 76 Patrol",49,1800,2.652777778,50,0.056,0.026527778,0.944,0.217811111,Moderate,20
2192,1 days 20:32:00,"[0, 0, 1, 0]",142,40.1,"62 Cars, 34 Trucks, 72 Ambulance",66,1800,1.972222222,50,0.198,0.019722222,0.802,0.311488889,High,20
2193,1 days 20:33:00,"[1, 1, 0, 0]",170,36.8,"42 Bikes, 36 Trucks, 12 Trucks, 30 Ambulance",67,1800,2.361111111,50,0.264,0.023611111,0.736,0.330244444,High,20
2194,1 days 20:34:00,"[1, 1, 1, 0]",178,23.3,"19 Trucks, 98 Cars, 50 Bikes",50,1800,2.472222222,50,0.534,0.024722222,0.466,0.316688889,High,20
2195,1 days 20:35:00,"[0, 0, 1, 1]",60,33.4,"24 Cars, 45 Fire Extinguisher, 61 Trucks",82,1800,0.833333333,50,0.332,0.008333333,0.668,0.397733333,High,20
2196,1 days 20:36:00,"[1, 1, 1, 0]",158,33.8,"25 Fire Extinguisher, 43 Ambulance, 66 Trucks",78,1800,2.194444444,50,0.324,0.021944444,0.676,0.385577778,High,20
2197,1 days 20:37:00,"[0, 1, 0, 1]",158,45.9,"32 Patrol, 71 Patrol, 87 Vans, 31 Vans",60,1800,2.194444444,50,0.082,0.021944444,0.918,0.265177778,Moderate,20
2198,1 days 20:38:00,"[1, 0, 0, 0]",164,36.4,"29 Vans, 59 Patrol, 28 Patrol, 25 Trucks",46,1800,2.277777778,50,0.272,0.022777778,0.728,0.247511111,Moderate,20
2199,1 days 20:39:00,"[1, 1, 1, 1]",91,31.4,"56 Vans, 98 Fire Extinguisher",56,1800,1.263888889,50,0.372,0.012638889,0.628,0.303455556,High,20
2200,1 days 20:40:00,"[1, 0, 1, 1]",175,49.3,"35 Cars, 30 Trucks, 37 Trucks, 60 Patrol",44,1800,2.430555556,50,0.014,0.024305556,0.986,0.188522222,Low,20
2201,1 days 20:41:00,"[1, 0, 0, 0]",175,23.3,"98 Patrol, 33 Bikes, 34 Bikes",85,1800,2.430555556,50,0.534,0.024305556,0.466,0.456522222,Very High,20
2202,1 days 20:42:00,"[0, 1, 1, 0]",176,32.7,"17 Fire Extinguisher, 87 Patrol, 83 Vans",49,1800,2.444444444,50,0.346,0.024444444,0.654,0.274977778,Moderate,20
2203,1 days 20:43:00,"[1, 1, 0, 0]",200,21.3,"54 Vans, 37 Cars, 26 Bikes",55,1800,2.777777778,50,0.574,0.027777778,0.426,0.345911111,High,20
2204,1 days 20:44:00,"[0, 0, 0, 1]",114,42.2,"32 Vans, 39 Cars, 29 Patrol, 68 Patrol",38,1800,1.583333333,50,0.156,0.015833333,0.844,0.189533333,Low,20
2205,1 days 20:45:00,"[0, 1, 0, 0]",73,47.5,"86 Ambulance, 45 Fire Extinguisher, 30 Patrol, 42 Bikes",38,1800,1.013888889,50,0.05,0.010138889,0.95,0.166055556,Low,20
2206,1 days 20:46:00,"[0, 0, 1, 1]",165,28.4,"97 Bikes, 81 Cars, 33 Fire Extinguisher",66,1800,2.291666667,50,0.432,0.022916667,0.568,0.359566667,High,20
2207,1 days 20:47:00,"[0, 0, 1, 1]",87,45.8,"88 Fire Extinguisher, 89 Fire Extinguisher",59,1800,1.208333333,50,0.084,0.012083333,0.916,0.257633333,Moderate,20
2208,1 days 20:48:00,"[0, 0, 1, 1]",110,28.8,"10 Cars, 51 Ambulance",79,1800,1.527777778,50,0.424,0.015277778,0.576,0.406911111,Very High,20
2209,1 days 20:49:00,"[1, 1, 0, 1]",56,47.3,"85 Ambulance, 73 Fire Extinguisher",30,1800,0.777777778,50,0.054,0.007777778,0.946,0.133911111,Low,20
2210,1 days 20:50:00,"[0, 0, 0, 1]",165,42.6,"83 Bikes, 31 Fire Extinguisher",78,1800,2.291666667,50,0.148,0.022916667,0.852,0.350766667,High,20
2211,1 days 20:51:00,"[0, 1, 1, 1]",168,44.1,"80 Fire Extinguisher, 45 Patrol, 42 Patrol, 72 Trucks",47,1800,2.333333333,50,0.118,0.023333333,0.882,0.220933333,Moderate,20
2212,1 days 20:52:00,"[1, 0, 1, 1]",68,20.5,"52 Trucks, 16 Trucks, 84 Patrol",80,1800,0.944444444,50,0.59,0.009444444,0.41,0.441777778,Very High,20
2213,1 days 20:53:00,"[1, 0, 0, 0]",120,48.9,"76 Patrol, 67 Bikes, 75 Patrol, 25 Cars",60,1800,1.666666667,50,0.022,0.016666667,0.978,0.251066667,Moderate,20
2214,1 days 20:54:00,"[0, 1, 0, 1]",153,41.8,"26 Fire Extinguisher, 44 Ambulance, 58 Trucks",71,1800,2.125,50,0.164,0.02125,0.836,0.3253,High,20
2215,1 days 20:55:00,"[0, 0, 0, 0]",159,29.1,"72 Fire Extinguisher, 76 Cars",47,1800,2.208333333,50,0.418,0.022083333,0.582,0.280433333,Moderate,20
2216,1 days 20:56:00,"[0, 1, 0, 0]",154,44.9,"81 Cars, 30 Fire Extinguisher, 61 Bikes, 18 Trucks",81,1800,2.138888889,50,0.102,0.021388889,0.898,0.352955556,High,20
2217,1 days 20:57:00,"[0, 1, 1, 1]",196,28.4,"28 Patrol, 28 Trucks, 55 Bikes",39,1800,2.722222222,50,0.432,0.027222222,0.568,0.253288889,Moderate,20
2218,1 days 20:58:00,"[1, 0, 1, 0]",111,46.2,"50 Patrol, 43 Ambulance, 81 Cars, 68 Cars",60,1800,1.541666667,50,0.076,0.015416667,0.924,0.261366667,Moderate,20
2219,1 days 20:59:00,"[1, 1, 0, 1]",88,23.4,"79 Bikes, 59 Cars, 67 Cars",38,1800,1.222222222,50,0.532,0.012222222,0.468,0.263288889,Moderate,20
2220,1 days 21:00:00,"[0, 0, 0, 1]",80,41.1,"29 Vans, 25 Patrol",37,1800,1.111111111,50,0.178,0.011111111,0.822,0.188044444,Low,21
2221,1 days 21:01:00,"[0, 1, 0, 0]",83,36.2,"39 Trucks, 35 Fire Extinguisher, 68 Trucks",76,1800,1.152777778,50,0.276,0.011527778,0.724,0.363811111,High,21
2222,1 days 21:02:00,"[1, 0, 1, 0]",194,22.9,"69 Fire Extinguisher, 37 Trucks, 73 Bikes, 68 Vans",32,1800,2.694444444,50,0.542,0.026944444,0.458,0.247177778,Moderate,21
2223,1 days 21:03:00,"[1, 0, 1, 1]",89,27.3,"65 Bikes, 97 Cars",89,1800,1.236111111,50,0.454,0.012361111,0.546,0.451744444,Very High,21
2224,1 days 21:04:00,"[0, 1, 0, 0]",117,20.4,"87 Cars, 73 Cars, 51 Bikes, 13 Vans",57,1800,1.625,50,0.592,0.01625,0.408,0.3529,High,21
2225,1 days 21:05:00,"[1, 1, 0, 1]",147,34.1,"30 Bikes, 85 Trucks, 96 Vans",82,1800,2.041666667,50,0.318,0.020416667,0.682,0.399766667,High,21
2226,1 days 21:06:00,"[0, 0, 1, 1]",144,29.0,"32 Cars, 69 Cars, 37 Vans",33,1800,2.0,50,0.42,0.02,0.58,0.224,Moderate,21
2227,1 days 21:07:00,"[0, 0, 1, 1]",161,38.0,"97 Ambulance, 22 Fire Extinguisher, 19 Fire Extinguisher, 40 Trucks",87,1800,2.236111111,50,0.24,0.022361111,0.76,0.404944444,Very High,21
2228,1 days 21:08:00,"[1, 1, 0, 1]",99,28.9,"81 Fire Extinguisher, 78 Vans, 64 Vans",74,1800,1.375,50,0.422,0.01375,0.578,0.3859,High,21
2229,1 days 21:09:00,"[1, 1, 0, 0]",157,29.0,"98 Patrol, 36 Bikes",37,1800,2.180555556,50,0.42,0.021805556,0.58,0.240722222,Moderate,21
2230,1 days 21:10:00,"[1, 1, 0, 0]",182,42.3,"83 Vans, 37 Fire Extinguisher, 86 Vans, 77 Trucks",89,1800,2.527777778,50,0.154,0.025277778,0.846,0.396911111,High,21
2231,1 days 21:11:00,"[1, 0, 1, 0]",62,21.4,"97 Bikes, 64 Trucks",90,1800,0.861111111,50,0.572,0.008611111,0.428,0.477844444,Very High,21
2232,1 days 21:12:00,"[0, 0, 0, 0]",115,47.1,"56 Cars, 78 Patrol, 49 Bikes, 40 Cars",30,1800,1.597222222,50,0.058,0.015972222,0.942,0.137988889,Low,21
2233,1 days 21:13:00,"[1, 0, 0, 0]",50,45.6,"55 Fire Extinguisher, 83 Patrol",53,1800,0.694444444,50,0.088,0.006944444,0.912,0.232377778,Moderate,21
2234,1 days 21:14:00,"[1, 1, 1, 1]",190,40.0,"43 Fire Extinguisher, 89 Fire Extinguisher, 52 Ambulance",55,1800,2.638888889,50,0.2,0.026388889,0.8,0.270555556,Moderate,21
2235,1 days 21:15:00,"[1, 1, 1, 1]",88,37.8,"72 Ambulance, 58 Ambulance, 12 Trucks, 39 Vans",30,1800,1.222222222,50,0.244,0.012222222,0.756,0.173688889,Low,21
2236,1 days 21:16:00,"[0, 0, 0, 0]",193,46.8,"76 Ambulance, 69 Fire Extinguisher, 87 Vans, 75 Bikes",56,1800,2.680555556,50,0.064,0.026805556,0.936,0.247522222,Moderate,21
2237,1 days 21:17:00,"[0, 1, 0, 0]",71,25.6,"89 Fire Extinguisher, 43 Fire Extinguisher, 65 Cars",85,1800,0.986111111,50,0.488,0.009861111,0.512,0.441544444,Very High,21
2238,1 days 21:18:00,"[1, 0, 1, 0]",54,22.4,"69 Fire Extinguisher, 74 Fire Extinguisher",52,1800,0.75,50,0.552,0.0075,0.448,0.3214,High,21
2239,1 days 21:19:00,"[1, 0, 0, 0]",77,27.2,"27 Fire Extinguisher, 66 Trucks, 64 Patrol",65,1800,1.069444444,50,0.456,0.010694444,0.544,0.355477778,High,21
2240,1 days 21:20:00,"[0, 0, 1, 1]",66,43.8,"28 Cars, 60 Fire Extinguisher",37,1800,0.916666667,50,0.124,0.009166667,0.876,0.176466667,Low,21
2241,1 days 21:21:00,"[0, 0, 1, 1]",151,21.0,"24 Patrol, 28 Bikes",57,1800,2.097222222,50,0.58,0.020972222,0.42,0.352388889,High,21
2242,1 days 21:22:00,"[0, 1, 1, 1]",143,37.5,"39 Ambulance, 41 Vans",60,1800,1.986111111,50,0.25,0.019861111,0.75,0.297944444,Moderate,21
2243,1 days 21:23:00,"[0, 0, 0, 0]",71,49.9,"42 Fire Extinguisher, 25 Bikes",56,1800,0.986111111,50,0.002,0.009861111,0.998,0.228344444,Moderate,21
2244,1 days 21:24:00,"[1, 1, 1, 0]",123,45.7,"58 Trucks, 56 Cars, 40 Bikes",50,1800,1.708333333,50,0.086,0.017083333,0.914,0.224033333,Moderate,21
2245,1 days 21:25:00,"[1, 1, 0, 0]",187,35.6,"88 Vans, 72 Vans, 22 Patrol, 86 Bikes",70,1800,2.597222222,50,0.288,0.025972222,0.712,0.347988889,High,21
2246,1 days 21:26:00,"[0, 1, 0, 1]",97,21.9,"34 Ambulance, 32 Trucks, 52 Ambulance, 88 Ambulance",50,1800,1.347222222,50,0.562,0.013472222,0.438,0.317788889,High,21
2247,1 days 21:27:00,"[0, 0, 0, 1]",116,44.9,"57 Bikes, 46 Patrol, 57 Patrol, 76 Vans",84,1800,1.611111111,50,0.102,0.016111111,0.898,0.362844444,High,21
2248,1 days 21:28:00,"[0, 0, 0, 1]",188,38.0,"82 Vans, 22 Cars, 55 Vans",69,1800,2.611111111,50,0.24,0.026111111,0.76,0.334444444,High,21
2249,1 days 21:29:00,"[1, 1, 0, 0]",111,23.4,"58 Fire Extinguisher, 11 Trucks, 14 Patrol",79,1800,1.541666667,50,0.532,0.015416667,0.468,0.428566667,Very High,21
2250,1 days 21:30:00,"[0, 0, 1, 0]",92,22.8,"88 Trucks, 99 Cars",36,1800,1.277777778,50,0.544,0.012777778,0.456,0.257911111,Moderate,21
2251,1 days 21:31:00,"[1, 1, 0, 0]",108,47.3,"72 Patrol, 79 Fire Extinguisher, 95 Cars, 87 Vans",87,1800,1.5,50,0.054,0.015,0.946,0.3648,High,21
2252,1 days 21:32:00,"[1, 0, 1, 1]",121,40.1,"64 Fire Extinguisher, 14 Ambulance, 52 Cars, 52 Bikes",55,1800,1.680555556,50,0.198,0.016805556,0.802,0.266322222,Moderate,21
2253,1 days 21:33:00,"[1, 0, 1, 0]",77,44.9,"99 Ambulance, 90 Patrol, 42 Fire Extinguisher",68,1800,1.069444444,50,0.102,0.010694444,0.898,0.296677778,Moderate,21
2254,1 days 21:34:00,"[1, 0, 1, 1]",191,46.4,"91 Vans, 47 Bikes, 97 Fire Extinguisher, 26 Vans",44,1800,2.652777778,50,0.072,0.026527778,0.928,0.201011111,Moderate,21
2255,1 days 21:35:00,"[0, 1, 1, 0]",160,37.2,"36 Bikes, 60 Cars, 39 Vans",52,1800,2.222222222,50,0.256,0.022222222,0.744,0.268088889,Moderate,21
2256,1 days 21:36:00,"[0, 0, 0, 0]",172,35.5,"84 Ambulance, 13 Patrol",75,1800,2.388888889,50,0.29,0.023888889,0.71,0.367555556,High,21
2257,1 days 21:37:00,"[0, 1, 0, 1]",73,32.9,"74 Ambulance, 44 Patrol",66,1800,1.013888889,50,0.342,0.010138889,0.658,0.336455556,High,21
2258,1 days 21:38:00,"[1, 1, 1, 0]",173,29.5,"71 Cars, 62 Ambulance",49,1800,2.402777778,50,0.41,0.024027778,0.59,0.287611111,Moderate,21
2259,1 days 21:39:00,"[1, 1, 0, 0]",56,33.0,"38 Trucks, 44 Ambulance",73,1800,0.777777778,50,0.34,0.007777778,0.66,0.363111111,High,21
2260,1 days 21:40:00,"[0, 0, 1, 1]",68,43.2,"97 Trucks, 18 Bikes",49,1800,0.944444444,50,0.136,0.009444444,0.864,0.226977778,Moderate,21
2261,1 days 21:41:00,"[1, 1, 0, 0]",93,38.1,"76 Patrol, 32 Bikes, 13 Patrol, 48 Patrol",61,1800,1.291666667,50,0.238,0.012916667,0.762,0.296766667,Moderate,21
2262,1 days 21:42:00,"[0, 1, 0, 1]",192,46.8,"11 Fire Extinguisher, 23 Fire Extinguisher, 78 Fire Extinguisher, 94 Fire Extinguisher",42,1800,2.666666667,50,0.064,0.026666667,0.936,0.191466667,Low,21
2263,1 days 21:43:00,"[0, 1, 1, 0]",158,33.3,"100 Patrol, 59 Patrol",75,1800,2.194444444,50,0.334,0.021944444,0.666,0.375577778,High,21
2264,1 days 21:44:00,"[0, 1, 1, 0]",86,38.2,"83 Fire Extinguisher, 69 Trucks",67,1800,1.194444444,50,0.236,0.011944444,0.764,0.319977778,High,21
2265,1 days 21:45:00,"[1, 0, 1, 0]",139,38.9,"17 Trucks, 90 Cars",77,1800,1.930555556,50,0.222,0.019305556,0.778,0.360122222,High,21
2266,1 days 21:46:00,"[0, 0, 0, 1]",108,37.8,"10 Cars, 34 Bikes, 78 Vans",59,1800,1.5,50,0.244,0.015,0.756,0.2908,Moderate,21
2267,1 days 21:47:00,"[1, 1, 1, 1]",98,41.1,"20 Patrol, 36 Vans, 18 Cars",38,1800,1.361111111,50,0.178,0.013611111,0.822,0.193044444,Low,21
2268,1 days 21:48:00,"[1, 1, 0, 1]",143,27.1,"96 Fire Extinguisher, 78 Vans, 94 Patrol",82,1800,1.986111111,50,0.458,0.019861111,0.542,0.427544444,Very High,21
2269,1 days 21:49:00,"[1, 1, 0, 0]",135,35.4,"26 Vans, 84 Trucks, 28 Bikes, 52 Ambulance",75,1800,1.875,50,0.292,0.01875,0.708,0.3659,High,21
2270,1 days 21:50:00,"[0, 0, 1, 1]",137,23.1,"44 Patrol, 67 Fire Extinguisher, 90 Bikes, 52 Trucks",74,1800,1.902777778,50,0.538,0.019027778,0.462,0.411211111,Very High,21
2271,1 days 21:51:00,"[0, 0, 1, 0]",66,31.5,"60 Cars, 99 Fire Extinguisher, 97 Fire Extinguisher, 30 Ambulance",74,1800,0.916666667,50,0.37,0.009166667,0.63,0.373666667,High,21
2272,1 days 21:52:00,"[0, 1, 0, 1]",195,34.6,"83 Ambulance, 48 Vans, 48 Vans",36,1800,2.708333333,50,0.308,0.027083333,0.692,0.216433333,Moderate,21
2273,1 days 21:53:00,"[0, 0, 0, 1]",104,39.6,"28 Cars, 29 Fire Extinguisher, 27 Patrol, 26 Vans",38,1800,1.444444444,50,0.208,0.014444444,0.792,0.199377778,Low,21
2274,1 days 21:54:00,"[0, 0, 1, 1]",164,48.5,"26 Patrol, 51 Bikes, 99 Trucks, 87 Ambulance",82,1800,2.277777778,50,0.03,0.022777778,0.97,0.343111111,High,21
2275,1 days 21:55:00,"[1, 0, 1, 1]",114,38.0,"53 Trucks, 51 Vans, 72 Patrol",84,1800,1.583333333,50,0.24,0.015833333,0.76,0.390333333,High,21
2276,1 days 21:56:00,"[1, 1, 0, 1]",52,42.3,"50 Vans, 49 Vans, 23 Fire Extinguisher",51,1800,0.722222222,50,0.154,0.007222222,0.846,0.237688889,Moderate,21
2277,1 days 21:57:00,"[1, 0, 1, 1]",95,35.2,"36 Fire Extinguisher, 33 Vans",84,1800,1.319444444,50,0.296,0.013194444,0.704,0.400477778,Very High,21
2278,1 days 21:58:00,"[0, 1, 0, 0]",142,39.0,"60 Fire Extinguisher, 49 Cars, 91 Fire Extinguisher",83,1800,1.972222222,50,0.22,0.019722222,0.78,0.383888889,High,21
2279,1 days 21:59:00,"[0, 0, 1, 0]",114,22.1,"62 Cars, 52 Ambulance",82,1800,1.583333333,50,0.558,0.015833333,0.442,0.445933333,Very High,21
2280,1 days 22:00:00,"[0, 1, 0, 0]",157,27.6,"27 Ambulance, 50 Vans",85,1800,2.180555556,50,0.448,0.021805556,0.552,0.438322222,Very High,22
2281,1 days 22:01:00,"[0, 0, 1, 0]",161,30.9,"57 Bikes, 70 Bikes, 23 Ambulance",36,1800,2.236111111,50,0.382,0.022361111,0.618,0.229344444,Moderate,22
2282,1 days 22:02:00,"[1, 0, 0, 0]",110,34.2,"28 Bikes, 77 Patrol",69,1800,1.527777778,50,0.316,0.015277778,0.684,0.345311111,High,22
2283,1 days 22:03:00,"[1, 1, 1, 1]",59,21.4,"41 Fire Extinguisher, 92 Cars",87,1800,0.819444444,50,0.572,0.008194444,0.428,0.465677778,Very High,22
2284,1 days 22:04:00,"[1, 0, 0, 0]",188,24.2,"93 Patrol, 86 Cars",43,1800,2.611111111,50,0.516,0.026111111,0.484,0.285644444,Moderate,22
2285,1 days 22:05:00,"[1, 1, 1, 1]",191,28.3,"18 Cars, 93 Bikes",60,1800,2.652777778,50,0.434,0.026527778,0.566,0.337411111,High,22
2286,1 days 22:06:00,"[1, 1, 0, 0]",194,49.1,"56 Patrol, 40 Fire Extinguisher, 17 Ambulance",37,1800,2.694444444,50,0.018,0.026944444,0.982,0.162377778,Low,22
2287,1 days 22:07:00,"[1, 1, 0, 1]",71,29.9,"89 Cars, 33 Fire Extinguisher, 29 Fire Extinguisher",85,1800,0.986111111,50,0.402,0.009861111,0.598,0.424344444,Very High,22
2288,1 days 22:08:00,"[1, 0, 0, 0]",61,34.5,"48 Fire Extinguisher, 87 Bikes, 65 Cars",62,1800,0.847222222,50,0.31,0.008472222,0.69,0.313388889,High,22
2289,1 days 22:09:00,"[1, 0, 1, 0]",183,25.9,"47 Patrol, 24 Ambulance, 45 Cars",47,1800,2.541666667,50,0.482,0.025416667,0.518,0.294566667,Moderate,22
2290,1 days 22:10:00,"[1, 0, 1, 0]",91,38.3,"57 Cars, 20 Cars, 49 Ambulance",38,1800,1.263888889,50,0.234,0.012638889,0.766,0.203855556,Moderate,22
2291,1 days 22:11:00,"[1, 0, 1, 1]",193,28.4,"25 Patrol, 63 Trucks, 76 Vans, 53 Fire Extinguisher",38,1800,2.680555556,50,0.432,0.026805556,0.568,0.249122222,Moderate,22
2292,1 days 22:12:00,"[0, 1, 1, 1]",72,26.2,"78 Bikes, 53 Ambulance, 46 Fire Extinguisher, 16 Ambulance",39,1800,1.0,50,0.476,0.01,0.524,0.2552,Moderate,22
2293,1 days 22:13:00,"[1, 1, 1, 1]",132,35.5,"97 Bikes, 53 Patrol",76,1800,1.833333333,50,0.29,0.018333333,0.71,0.369333333,High,22
2294,1 days 22:14:00,"[0, 0, 0, 0]",108,20.2,"33 Trucks, 41 Bikes",41,1800,1.5,50,0.596,0.015,0.404,0.2892,Moderate,22
2295,1 days 22:15:00,"[1, 1, 0, 1]",50,20.2,"97 Fire Extinguisher, 98 Cars, 55 Cars, 10 Cars",79,1800,0.694444444,50,0.596,0.006944444,0.404,0.437977778,Very High,22
2296,1 days 22:16:00,"[0, 1, 1, 0]",71,26.6,"27 Cars, 13 Vans, 29 Bikes",88,1800,0.986111111,50,0.468,0.009861111,0.532,0.449544444,Very High,22
2297,1 days 22:17:00,"[1, 1, 1, 1]",116,21.1,"26 Trucks, 73 Vans, 57 Ambulance, 37 Trucks",45,1800,1.611111111,50,0.578,0.016111111,0.422,0.302044444,High,22
2298,1 days 22:18:00,"[0, 0, 0, 0]",51,23.2,"60 Bikes, 21 Trucks, 20 Trucks, 51 Cars",49,1800,0.708333333,50,0.536,0.007083333,0.464,0.306033333,High,22
2299,1 days 22:19:00,"[1, 1, 1, 1]",100,30.2,"81 Fire Extinguisher, 61 Patrol",31,1800,1.388888889,50,0.396,0.013888889,0.604,0.208755556,Moderate,22
2300,1 days 22:20:00,"[0, 0, 0, 0]",156,44.1,"60 Patrol, 34 Fire Extinguisher, 15 Bikes",71,1800,2.166666667,50,0.118,0.021666667,0.882,0.316266667,High,22
2301,1 days 22:21:00,"[0, 1, 0, 0]",189,37.2,"79 Trucks, 45 Bikes, 17 Vans",61,1800,2.625,50,0.256,0.02625,0.744,0.3057,High,22
2302,1 days 22:22:00,"[1, 1, 1, 0]",89,35.4,"66 Patrol, 96 Fire Extinguisher",30,1800,1.236111111,50,0.292,0.012361111,0.708,0.183344444,Low,22
2303,1 days 22:23:00,"[0, 1, 1, 1]",50,28.8,"98 Cars, 97 Vans",30,1800,0.694444444,50,0.424,0.006944444,0.576,0.207577778,Moderate,22
2304,1 days 22:24:00,"[0, 1, 0, 0]",183,48.0,"15 Bikes, 20 Ambulance",89,1800,2.541666667,50,0.04,0.025416667,0.96,0.374166667,High,22
2305,1 days 22:25:00,"[0, 1, 0, 0]",101,31.9,"29 Fire Extinguisher, 85 Fire Extinguisher",31,1800,1.402777778,50,0.362,0.014027778,0.638,0.202011111,Moderate,22
2306,1 days 22:26:00,"[1, 0, 1, 0]",55,22.6,"58 Cars, 68 Fire Extinguisher, 67 Vans, 27 Vans",34,1800,0.763888889,50,0.548,0.007638889,0.452,0.248655556,Moderate,22
2307,1 days 22:27:00,"[1, 1, 0, 1]",127,38.5,"67 Ambulance, 52 Vans, 47 Trucks, 17 Patrol",59,1800,1.763888889,50,0.23,0.017638889,0.77,0.289055556,Moderate,22
2308,1 days 22:28:00,"[1, 1, 1, 0]",137,23.4,"79 Ambulance, 13 Ambulance, 50 Patrol",49,1800,1.902777778,50,0.532,0.019027778,0.468,0.310011111,High,22
2309,1 days 22:29:00,"[1, 1, 1, 0]",141,30.4,"58 Ambulance, 99 Ambulance",55,1800,1.958333333,50,0.392,0.019583333,0.608,0.306233333,High,22
2310,1 days 22:30:00,"[0, 1, 0, 1]",163,35.2,"99 Fire Extinguisher, 85 Patrol",62,1800,2.263888889,50,0.296,0.022638889,0.704,0.316255556,High,22
2311,1 days 22:31:00,"[1, 1, 1, 1]",156,46.2,"79 Patrol, 88 Bikes, 40 Patrol",58,1800,2.166666667,50,0.076,0.021666667,0.924,0.255866667,Moderate,22
2312,1 days 22:32:00,"[1, 0, 0, 1]",140,34.8,"52 Cars, 11 Ambulance, 52 Trucks",48,1800,1.944444444,50,0.304,0.019444444,0.696,0.260577778,Moderate,22
2313,1 days 22:33:00,"[0, 1, 0, 0]",197,41.1,"12 Patrol, 57 Patrol",75,1800,2.736111111,50,0.178,0.027361111,0.822,0.346544444,High,22
2314,1 days 22:34:00,"[0, 1, 1, 0]",116,49.8,"27 Fire Extinguisher, 94 Cars",58,1800,1.611111111,50,0.004,0.016111111,0.996,0.239244444,Moderate,22
2315,1 days 22:35:00,"[0, 1, 1, 1]",120,23.9,"53 Fire Extinguisher, 23 Ambulance, 86 Trucks",67,1800,1.666666667,50,0.522,0.016666667,0.478,0.379066667,High,22
2316,1 days 22:36:00,"[1, 0, 1, 1]",165,28.2,"66 Ambulance, 14 Bikes",33,1800,2.291666667,50,0.436,0.022916667,0.564,0.228366667,Moderate,22
2317,1 days 22:37:00,"[1, 1, 1, 1]",140,31.8,"42 Patrol, 64 Vans, 52 Vans",34,1800,1.944444444,50,0.364,0.019444444,0.636,0.216577778,Moderate,22
2318,1 days 22:38:00,"[0, 0, 0, 1]",62,32.7,"41 Bikes, 14 Trucks, 57 Trucks",41,1800,0.861111111,50,0.346,0.008611111,0.654,0.236644444,Moderate,22
2319,1 days 22:39:00,"[0, 1, 0, 1]",69,32.3,"56 Fire Extinguisher, 48 Ambulance, 70 Cars, 35 Cars",40,1800,0.958333333,50,0.354,0.009583333,0.646,0.234633333,Moderate,22
2320,1 days 22:40:00,"[1, 0, 1, 0]",58,47.2,"96 Vans, 31 Ambulance, 18 Trucks",90,1800,0.805555556,50,0.056,0.008055556,0.944,0.374422222,High,22
2321,1 days 22:41:00,"[0, 1, 0, 0]",87,41.4,"72 Trucks, 81 Ambulance",75,1800,1.208333333,50,0.172,0.012083333,0.828,0.339233333,High,22
2322,1 days 22:42:00,"[1, 0, 0, 1]",164,38.2,"79 Ambulance, 81 Cars, 42 Vans, 84 Trucks",57,1800,2.277777778,50,0.236,0.022777778,0.764,0.284311111,Moderate,22
2323,1 days 22:43:00,"[1, 1, 0, 0]",132,29.3,"15 Fire Extinguisher, 86 Fire Extinguisher",42,1800,1.833333333,50,0.414,0.018333333,0.586,0.258133333,Moderate,22
2324,1 days 22:44:00,"[1, 1, 0, 0]",134,44.7,"66 Fire Extinguisher, 54 Bikes",30,1800,1.861111111,50,0.106,0.018611111,0.894,0.148644444,Low,22
2325,1 days 22:45:00,"[0, 0, 0, 0]",63,48.7,"74 Bikes, 48 Fire Extinguisher, 81 Bikes, 97 Trucks",32,1800,0.875,50,0.026,0.00875,0.974,0.1367,Low,22
2326,1 days 22:46:00,"[0, 1, 1, 0]",90,44.6,"61 Trucks, 23 Trucks, 55 Cars",89,1800,1.25,50,0.108,0.0125,0.892,0.3826,High,22
2327,1 days 22:47:00,"[0, 0, 0, 0]",179,20.0,"14 Patrol, 99 Cars, 43 Trucks",68,1800,2.486111111,50,0.6,0.024861111,0.4,0.401944444,Very High,22
2328,1 days 22:48:00,"[1, 1, 1, 0]",161,39.1,"26 Patrol, 40 Ambulance",44,1800,2.236111111,50,0.218,0.022361111,0.782,0.228544444,Moderate,22
2329,1 days 22:49:00,"[1, 1, 1, 0]",135,21.5,"83 Patrol, 10 Fire Extinguisher, 30 Ambulance, 73 Cars",50,1800,1.875,50,0.57,0.01875,0.43,0.3215,High,22
2330,1 days 22:50:00,"[0, 0, 0, 0]",199,27.7,"63 Bikes, 52 Cars, 64 Cars, 89 Bikes",35,1800,2.763888889,50,0.446,0.027638889,0.554,0.240255556,Moderate,22
2331,1 days 22:51:00,"[0, 1, 1, 0]",113,21.8,"74 Patrol, 25 Cars",89,1800,1.569444444,50,0.564,0.015694444,0.436,0.475077778,Very High,22
2332,1 days 22:52:00,"[1, 1, 0, 0]",111,38.1,"96 Ambulance, 15 Bikes, 14 Vans",34,1800,1.541666667,50,0.238,0.015416667,0.762,0.189766667,Low,22
2333,1 days 22:53:00,"[0, 1, 0, 0]",161,40.6,"25 Cars, 19 Patrol, 78 Fire Extinguisher",73,1800,2.236111111,50,0.188,0.022361111,0.812,0.338544444,High,22
2334,1 days 22:54:00,"[1, 0, 1, 1]",136,23.4,"38 Vans, 86 Trucks, 38 Cars",39,1800,1.888888889,50,0.532,0.018888889,0.468,0.269955556,Moderate,22
2335,1 days 22:55:00,"[1, 1, 0, 1]",165,31.5,"61 Ambulance, 91 Fire Extinguisher, 23 Fire Extinguisher",43,1800,2.291666667,50,0.37,0.022916667,0.63,0.255166667,Moderate,22
2336,1 days 22:56:00,"[1, 0, 1, 1]",118,33.7,"40 Fire Extinguisher, 21 Cars, 20 Fire Extinguisher",76,1800,1.638888889,50,0.326,0.016388889,0.674,0.375755556,High,22
2337,1 days 22:57:00,"[0, 1, 1, 1]",153,31.1,"53 Ambulance, 63 Ambulance, 60 Ambulance",84,1800,2.125,50,0.378,0.02125,0.622,0.4201,Very High,22
2338,1 days 22:58:00,"[0, 1, 0, 0]",94,23.6,"63 Bikes, 27 Cars",64,1800,1.305555556,50,0.528,0.013055556,0.472,0.366822222,High,22
2339,1 days 22:59:00,"[0, 1, 1, 1]",177,32.6,"31 Vans, 69 Vans",70,1800,2.458333333,50,0.348,0.024583333,0.652,0.359433333,High,22
2340,1 days 23:00:00,"[1, 0, 1, 0]",188,42.5,"73 Vans, 36 Fire Extinguisher, 94 Bikes, 54 Trucks",58,1800,2.611111111,50,0.15,0.026111111,0.85,0.272444444,Moderate,23
2341,1 days 23:01:00,"[0, 0, 1, 0]",136,22.1,"13 Vans, 28 Trucks, 82 Fire Extinguisher, 75 Ambulance",42,1800,1.888888889,50,0.558,0.018888889,0.442,0.287155556,Moderate,23
2342,1 days 23:02:00,"[1, 1, 1, 1]",95,22.4,"83 Ambulance, 28 Vans, 96 Vans, 85 Fire Extinguisher",49,1800,1.319444444,50,0.552,0.013194444,0.448,0.311677778,High,23
2343,1 days 23:03:00,"[0, 1, 1, 1]",129,30.6,"66 Bikes, 24 Ambulance, 13 Vans",55,1800,1.791666667,50,0.388,0.017916667,0.612,0.304766667,High,23
2344,1 days 23:04:00,"[0, 1, 1, 1]",186,48.3,"99 Fire Extinguisher, 72 Vans, 34 Ambulance, 42 Bikes",80,1800,2.583333333,50,0.034,0.025833333,0.966,0.337133333,High,23
2345,1 days 23:05:00,"[0, 0, 1, 0]",51,40.1,"12 Bikes, 51 Fire Extinguisher, 75 Vans, 90 Fire Extinguisher",51,1800,0.708333333,50,0.198,0.007083333,0.802,0.246433333,Moderate,23
2346,1 days 23:06:00,"[0, 0, 0, 1]",109,40.4,"53 Patrol, 12 Patrol, 15 Ambulance, 10 Patrol",46,1800,1.513888889,50,0.192,0.015138889,0.808,0.228455556,Moderate,23
2347,1 days 23:07:00,"[0, 1, 0, 1]",169,30.9,"21 Vans, 25 Vans",39,1800,2.347222222,50,0.382,0.023472222,0.618,0.241788889,Moderate,23
2348,1 days 23:08:00,"[1, 1, 1, 1]",134,37.8,"53 Patrol, 87 Trucks, 71 Ambulance",56,1800,1.861111111,50,0.244,0.018611111,0.756,0.280244444,Moderate,23
2349,1 days 23:09:00,"[1, 1, 0, 1]",69,20.3,"98 Vans, 86 Trucks, 40 Cars",31,1800,0.958333333,50,0.594,0.009583333,0.406,0.246633333,Moderate,23
2350,1 days 23:10:00,"[1, 1, 1, 0]",83,39.1,"13 Vans, 79 Cars",87,1800,1.152777778,50,0.218,0.011527778,0.782,0.396211111,High,23
2351,1 days 23:11:00,"[1, 0, 0, 0]",175,47.4,"57 Bikes, 74 Bikes, 53 Vans, 70 Ambulance",81,1800,2.430555556,50,0.052,0.024305556,0.948,0.344122222,High,23
2352,1 days 23:12:00,"[0, 1, 1, 0]",88,38.4,"58 Ambulance, 71 Trucks, 84 Fire Extinguisher",47,1800,1.222222222,50,0.232,0.012222222,0.768,0.239288889,Moderate,23
2353,1 days 23:13:00,"[1, 1, 1, 0]",122,46.2,"20 Ambulance, 30 Vans",58,1800,1.694444444,50,0.076,0.016944444,0.924,0.253977778,Moderate,23
2354,1 days 23:14:00,"[0, 1, 0, 1]",181,41.7,"88 Trucks, 74 Trucks, 82 Cars",58,1800,2.513888889,50,0.166,0.025138889,0.834,0.275255556,Moderate,23
2355,1 days 23:15:00,"[1, 1, 1, 0]",50,23.6,"26 Vans, 74 Trucks, 95 Trucks, 23 Cars",72,1800,0.694444444,50,0.528,0.006944444,0.472,0.396377778,High,23
2356,1 days 23:16:00,"[0, 1, 0, 0]",133,47.1,"84 Cars, 87 Patrol, 15 Patrol, 28 Fire Extinguisher",86,1800,1.847222222,50,0.058,0.018472222,0.942,0.362988889,High,23
2357,1 days 23:17:00,"[0, 1, 0, 0]",99,22.0,"93 Patrol, 34 Bikes, 31 Vans",43,1800,1.375,50,0.56,0.01375,0.44,0.2895,Moderate,23
2358,1 days 23:18:00,"[0, 1, 0, 1]",78,36.0,"55 Patrol, 81 Ambulance",79,1800,1.083333333,50,0.28,0.010833333,0.72,0.376333333,High,23
2359,1 days 23:19:00,"[1, 0, 1, 0]",60,24.3,"47 Bikes, 67 Trucks",84,1800,0.833333333,50,0.514,0.008333333,0.486,0.442133333,Very High,23
2360,1 days 23:20:00,"[1, 1, 1, 1]",198,20.4,"96 Fire Extinguisher, 22 Fire Extinguisher, 13 Patrol",61,1800,2.75,50,0.592,0.0275,0.408,0.3734,High,23
2361,1 days 23:21:00,"[0, 1, 0, 0]",126,32.7,"88 Fire Extinguisher, 44 Fire Extinguisher, 39 Fire Extinguisher",54,1800,1.75,50,0.346,0.0175,0.654,0.2922,Moderate,23
2362,1 days 23:22:00,"[1, 0, 0, 0]",94,28.9,"97 Bikes, 91 Ambulance, 79 Vans",86,1800,1.305555556,50,0.422,0.013055556,0.578,0.433622222,Very High,23
2363,1 days 23:23:00,"[0, 1, 1, 0]",121,34.6,"19 Fire Extinguisher, 10 Vans, 13 Cars, 60 Fire Extinguisher",42,1800,1.680555556,50,0.308,0.016805556,0.692,0.236322222,Moderate,23
2364,1 days 23:24:00,"[0, 0, 1, 0]",180,37.3,"23 Bikes, 100 Patrol, 93 Vans",32,1800,2.5,50,0.254,0.025,0.746,0.1888,Low,23
2365,1 days 23:25:00,"[0, 0, 1, 0]",194,21.3,"98 Bikes, 46 Cars",79,1800,2.694444444,50,0.574,0.026944444,0.426,0.441577778,Very High,23
2366,1 days 23:26:00,"[1, 1, 0, 0]",196,23.7,"41 Cars, 10 Fire Extinguisher, 74 Fire Extinguisher, 98 Patrol",75,1800,2.722222222,50,0.526,0.027222222,0.474,0.416088889,Very High,23
2367,1 days 23:27:00,"[0, 0, 1, 1]",158,36.8,"13 Vans, 75 Trucks, 26 Bikes, 43 Trucks",88,1800,2.194444444,50,0.264,0.021944444,0.736,0.413577778,Very High,23
2368,1 days 23:28:00,"[0, 0, 0, 1]",66,30.3,"36 Patrol, 41 Vans, 19 Vans",50,1800,0.916666667,50,0.394,0.009166667,0.606,0.282466667,Moderate,23
2369,1 days 23:29:00,"[0, 1, 1, 0]",50,41.9,"53 Ambulance, 67 Bikes, 44 Cars",67,1800,0.694444444,50,0.162,0.006944444,0.838,0.303177778,High,23
2370,1 days 23:30:00,"[0, 0, 1, 1]",190,39.6,"36 Cars, 47 Bikes, 59 Ambulance, 60 Ambulance",86,1800,2.638888889,50,0.208,0.026388889,0.792,0.396155556,High,23
2371,1 days 23:31:00,"[0, 1, 0, 1]",124,45.4,"43 Fire Extinguisher, 83 Fire Extinguisher, 92 Patrol, 69 Vans",54,1800,1.722222222,50,0.092,0.017222222,0.908,0.241288889,Moderate,23
2372,1 days 23:32:00,"[1, 1, 1, 1]",160,40.8,"51 Bikes, 81 Trucks, 19 Patrol, 77 Patrol",38,1800,2.222222222,50,0.184,0.022222222,0.816,0.197688889,Low,23
2373,1 days 23:33:00,"[1, 0, 1, 1]",117,32.9,"82 Trucks, 17 Fire Extinguisher",36,1800,1.625,50,0.342,0.01625,0.658,0.2189,Moderate,23
2374,1 days 23:34:00,"[1, 0, 0, 1]",110,40.2,"92 Patrol, 88 Fire Extinguisher",85,1800,1.527777778,50,0.196,0.015277778,0.804,0.385311111,High,23
2375,1 days 23:35:00,"[0, 0, 1, 0]",148,28.3,"87 Patrol, 26 Vans",42,1800,2.055555556,50,0.434,0.020555556,0.566,0.263022222,Moderate,23
2376,1 days 23:36:00,"[1, 0, 0, 0]",155,29.2,"21 Ambulance, 99 Bikes, 37 Patrol, 31 Trucks",75,1800,2.152777778,50,0.416,0.021527778,0.584,0.391811111,High,23
2377,1 days 23:37:00,"[0, 1, 0, 0]",182,43.7,"32 Patrol, 98 Cars",79,1800,2.527777778,50,0.126,0.025277778,0.874,0.351311111,High,23
2378,1 days 23:38:00,"[1, 0, 0, 0]",59,33.4,"29 Fire Extinguisher, 18 Ambulance",88,1800,0.819444444,50,0.332,0.008194444,0.668,0.421677778,Very High,23
2379,1 days 23:39:00,"[1, 1, 1, 1]",111,44.0,"38 Fire Extinguisher, 53 Bikes, 79 Ambulance, 51 Trucks",37,1800,1.541666667,50,0.12,0.015416667,0.88,0.178166667,Low,23
2380,1 days 23:40:00,"[1, 1, 0, 1]",174,44.7,"96 Bikes, 38 Bikes, 99 Trucks",88,1800,2.416666667,50,0.106,0.024166667,0.894,0.382866667,High,23
2381,1 days 23:41:00,"[0, 0, 0, 1]",75,45.7,"22 Trucks, 63 Vans, 68 Patrol",85,1800,1.041666667,50,0.086,0.010416667,0.914,0.361366667,High,23
2382,1 days 23:42:00,"[1, 0, 1, 0]",198,47.5,"48 Fire Extinguisher, 17 Ambulance, 42 Fire Extinguisher, 32 Trucks",46,1800,2.75,50,0.05,0.0275,0.95,0.205,Moderate,23
2383,1 days 23:43:00,"[1, 0, 1, 1]",110,32.9,"80 Trucks, 13 Patrol, 39 Patrol, 42 Ambulance",80,1800,1.527777778,50,0.342,0.015277778,0.658,0.394511111,High,23
2384,1 days 23:44:00,"[1, 1, 0, 0]",64,29.6,"23 Trucks, 89 Fire Extinguisher, 80 Ambulance, 85 Ambulance",38,1800,0.888888889,50,0.408,0.008888889,0.592,0.237155556,Moderate,23
2385,1 days 23:45:00,"[1, 0, 1, 0]",153,37.5,"39 Bikes, 25 Ambulance, 94 Trucks, 41 Ambulance",40,1800,2.125,50,0.25,0.02125,0.75,0.2185,Moderate,23
2386,1 days 23:46:00,"[0, 1, 1, 0]",120,31.1,"75 Ambulance, 46 Vans, 48 Patrol",42,1800,1.666666667,50,0.378,0.016666667,0.622,0.250266667,Moderate,23
2387,1 days 23:47:00,"[1, 1, 1, 1]",96,38.0,"100 Patrol, 96 Ambulance, 64 Bikes",78,1800,1.333333333,50,0.24,0.013333333,0.76,0.365333333,High,23
2388,1 days 23:48:00,"[0, 1, 1, 0]",105,41.2,"44 Ambulance, 75 Cars, 79 Ambulance, 95 Trucks",84,1800,1.458333333,50,0.176,0.014583333,0.824,0.377033333,High,23
2389,1 days 23:49:00,"[1, 1, 1, 0]",56,40.7,"57 Trucks, 94 Trucks",67,1800,0.777777778,50,0.186,0.007777778,0.814,0.308311111,High,23
2390,1 days 23:50:00,"[0, 0, 1, 1]",167,31.2,"66 Trucks, 51 Cars, 39 Cars",50,1800,2.319444444,50,0.376,0.023194444,0.624,0.284477778,Moderate,23
2391,1 days 23:51:00,"[1, 0, 0, 0]",105,25.0,"26 Ambulance, 60 Patrol, 72 Patrol",76,1800,1.458333333,50,0.5,0.014583333,0.5,0.409833333,Very High,23
2392,1 days 23:52:00,"[1, 1, 0, 0]",166,32.9,"26 Vans, 38 Bikes, 58 Fire Extinguisher, 30 Trucks",56,1800,2.305555556,50,0.342,0.023055556,0.658,0.301622222,High,23
2393,1 days 23:53:00,"[1, 1, 0, 1]",124,24.3,"79 Fire Extinguisher, 55 Bikes",87,1800,1.722222222,50,0.514,0.017222222,0.486,0.457688889,Very High,23
2394,1 days 23:54:00,"[0, 0, 1, 1]",134,46.7,"23 Bikes, 66 Vans",52,1800,1.861111111,50,0.066,0.018611111,0.934,0.228644444,Moderate,23
2395,1 days 23:55:00,"[1, 1, 1, 1]",194,30.4,"18 Patrol, 81 Patrol, 87 Trucks",39,1800,2.694444444,50,0.392,0.026944444,0.608,0.245177778,Moderate,23
2396,1 days 23:56:00,"[0, 0, 1, 1]",187,24.6,"91 Bikes, 86 Cars, 13 Bikes",40,1800,2.597222222,50,0.508,0.025972222,0.492,0.271988889,Moderate,23
2397,1 days 23:57:00,"[1, 0, 1, 1]",184,20.8,"33 Trucks, 19 Trucks, 14 Patrol, 69 Patrol",57,1800,2.555555556,50,0.584,0.025555556,0.416,0.355022222,High,23
2398,1 days 23:58:00,"[1, 1, 1, 1]",143,39.4,"76 Bikes, 76 Bikes, 66 Vans, 24 Cars",54,1800,1.986111111,50,0.212,0.019861111,0.788,0.266344444,Moderate,23
2399,1 days 23:59:00,"[1, 1, 0, 1]",82,39.1,"60 Patrol, 59 Cars, 36 Bikes, 81 Ambulance",69,1800,1.138888889,50,0.218,0.011388889,0.782,0.324155556,High,23
2400,2 days 00:00:00,"[0, 0, 1, 1]",188,30.2,"44 Ambulance, 100 Patrol, 93 Bikes",90,1800,2.611111111,50,0.396,0.026111111,0.604,0.449644444,Very High,0
2401,2 days 00:01:00,"[0, 1, 0, 0]",128,22.2,"59 Ambulance, 59 Ambulance, 58 Cars, 72 Vans",71,1800,1.777777778,50,0.556,0.017777778,0.444,0.402311111,Very High,0
2402,2 days 00:02:00,"[1, 1, 1, 0]",155,32.3,"59 Ambulance, 39 Cars, 14 Cars, 15 Fire Extinguisher",54,1800,2.152777778,50,0.354,0.021527778,0.646,0.295411111,Moderate,0
2403,2 days 00:03:00,"[0, 0, 0, 1]",188,29.3,"19 Trucks, 67 Vans",64,1800,2.611111111,50,0.414,0.026111111,0.586,0.349244444,High,0
2404,2 days 00:04:00,"[1, 1, 0, 0]",118,40.3,"93 Trucks, 44 Patrol, 43 Vans",74,1800,1.638888889,50,0.194,0.016388889,0.806,0.341355556,High,0
2405,2 days 00:05:00,"[0, 1, 1, 0]",87,38.2,"41 Fire Extinguisher, 43 Fire Extinguisher",55,1800,1.208333333,50,0.236,0.012083333,0.764,0.272033333,Moderate,0
2406,2 days 00:06:00,"[1, 1, 1, 1]",97,30.9,"78 Fire Extinguisher, 67 Ambulance, 75 Vans, 19 Vans",40,1800,1.347222222,50,0.382,0.013472222,0.618,0.241788889,Moderate,0
2407,2 days 00:07:00,"[0, 1, 0, 1]",188,26.5,"82 Cars, 100 Cars, 71 Fire Extinguisher, 47 Trucks",49,1800,2.611111111,50,0.47,0.026111111,0.53,0.300444444,High,0
2408,2 days 00:08:00,"[1, 1, 1, 1]",95,49.6,"99 Ambulance, 28 Cars, 71 Ambulance",63,1800,1.319444444,50,0.008,0.013194444,0.992,0.258877778,Moderate,0
2409,2 days 00:09:00,"[1, 1, 0, 0]",51,33.6,"32 Vans, 61 Patrol",81,1800,0.708333333,50,0.328,0.007083333,0.672,0.392433333,High,0
2410,2 days 00:10:00,"[1, 1, 0, 1]",168,40.6,"28 Bikes, 75 Patrol, 26 Fire Extinguisher",54,1800,2.333333333,50,0.188,0.023333333,0.812,0.262933333,Moderate,0
2411,2 days 00:11:00,"[0, 1, 1, 0]",112,24.2,"53 Ambulance, 83 Trucks",81,1800,1.555555556,50,0.516,0.015555556,0.484,0.433422222,Very High,0
2412,2 days 00:12:00,"[1, 1, 0, 1]",84,34.6,"45 Patrol, 12 Trucks, 79 Ambulance",86,1800,1.166666667,50,0.308,0.011666667,0.692,0.410266667,Very High,0
2413,2 days 00:13:00,"[0, 0, 1, 0]",170,20.8,"83 Bikes, 39 Ambulance, 99 Ambulance",66,1800,2.361111111,50,0.584,0.023611111,0.416,0.390244444,High,0
2414,2 days 00:14:00,"[0, 1, 1, 0]",155,35.2,"30 Bikes, 45 Ambulance, 66 Trucks",48,1800,2.152777778,50,0.296,0.021527778,0.704,0.259811111,Moderate,0
2415,2 days 00:15:00,"[0, 1, 1, 1]",93,48.9,"90 Patrol, 79 Fire Extinguisher",34,1800,1.291666667,50,0.022,0.012916667,0.978,0.145566667,Low,0
2416,2 days 00:16:00,"[1, 1, 1, 0]",113,31.5,"26 Vans, 68 Cars, 82 Patrol, 48 Bikes",34,1800,1.569444444,50,0.37,0.015694444,0.63,0.216277778,Moderate,0
2417,2 days 00:17:00,"[0, 0, 1, 0]",159,21.2,"52 Ambulance, 91 Ambulance, 68 Bikes",57,1800,2.208333333,50,0.576,0.022083333,0.424,0.352033333,High,0
2418,2 days 00:18:00,"[1, 1, 1, 0]",101,20.9,"16 Cars, 30 Patrol",70,1800,1.402777778,50,0.582,0.014027778,0.418,0.402011111,Very High,0
2419,2 days 00:19:00,"[0, 1, 0, 1]",171,31.6,"83 Cars, 26 Vans",33,1800,2.375,50,0.368,0.02375,0.632,0.2151,Moderate,0
2420,2 days 00:20:00,"[0, 1, 0, 1]",66,24.8,"87 Vans, 71 Trucks, 79 Ambulance",82,1800,0.916666667,50,0.504,0.009166667,0.496,0.432466667,Very High,0
2421,2 days 00:21:00,"[1, 0, 0, 0]",83,20.7,"31 Fire Extinguisher, 78 Bikes, 79 Trucks",42,1800,1.152777778,50,0.586,0.011527778,0.414,0.289811111,Moderate,0
2422,2 days 00:22:00,"[1, 1, 1, 1]",170,42.7,"69 Cars, 16 Bikes, 38 Vans, 73 Fire Extinguisher",81,1800,2.361111111,50,0.146,0.023611111,0.854,0.362644444,High,0
2423,2 days 00:23:00,"[0, 0, 1, 0]",198,33.8,"10 Vans, 44 Trucks, 48 Fire Extinguisher, 90 Vans",61,1800,2.75,50,0.324,0.0275,0.676,0.3198,High,0
2424,2 days 00:24:00,"[0, 1, 1, 0]",78,28.7,"11 Fire Extinguisher, 29 Patrol, 30 Ambulance, 56 Cars",65,1800,1.083333333,50,0.426,0.010833333,0.574,0.349533333,High,0
2425,2 days 00:25:00,"[1, 1, 1, 1]",77,47.0,"80 Ambulance, 87 Fire Extinguisher",49,1800,1.069444444,50,0.06,0.010694444,0.94,0.212277778,Moderate,0
2426,2 days 00:26:00,"[0, 1, 1, 0]",83,23.5,"70 Vans, 96 Vans",78,1800,1.152777778,50,0.53,0.011527778,0.47,0.422611111,Very High,0
2427,2 days 00:27:00,"[0, 1, 1, 1]",60,48.7,"96 Cars, 35 Bikes, 15 Bikes",58,1800,0.833333333,50,0.026,0.008333333,0.974,0.240533333,Moderate,0
2428,2 days 00:28:00,"[0, 1, 1, 1]",69,29.4,"91 Bikes, 50 Vans",87,1800,0.958333333,50,0.412,0.009583333,0.588,0.434233333,Very High,0
2429,2 days 00:29:00,"[1, 1, 0, 1]",137,46.7,"58 Trucks, 73 Patrol, 12 Trucks",67,1800,1.902777778,50,0.066,0.019027778,0.934,0.288811111,Moderate,0
2430,2 days 00:30:00,"[1, 1, 1, 0]",186,38.1,"71 Bikes, 60 Ambulance, 43 Cars",32,1800,2.583333333,50,0.238,0.025833333,0.762,0.185933333,Low,0
2431,2 days 00:31:00,"[0, 0, 1, 0]",176,44.8,"81 Fire Extinguisher, 26 Bikes",48,1800,2.444444444,50,0.104,0.024444444,0.896,0.222577778,Moderate,0
2432,2 days 00:32:00,"[1, 0, 1, 0]",108,49.5,"10 Cars, 20 Vans, 30 Patrol",71,1800,1.5,50,0.01,0.015,0.99,0.292,Moderate,0
2433,2 days 00:33:00,"[1, 1, 1, 0]",136,28.7,"72 Trucks, 79 Bikes",33,1800,1.888888889,50,0.426,0.018888889,0.574,0.224755556,Moderate,0
2434,2 days 00:34:00,"[1, 0, 1, 0]",83,48.8,"88 Fire Extinguisher, 79 Patrol",52,1800,1.152777778,50,0.024,0.011527778,0.976,0.217411111,Moderate,0
2435,2 days 00:35:00,"[0, 1, 0, 0]",110,31.7,"100 Patrol, 23 Trucks, 93 Bikes",84,1800,1.527777778,50,0.366,0.015277778,0.634,0.415311111,Very High,0
2436,2 days 00:36:00,"[0, 0, 1, 1]",183,31.6,"62 Fire Extinguisher, 17 Cars, 63 Cars, 89 Trucks",78,1800,2.541666667,50,0.368,0.025416667,0.632,0.395766667,High,0
2437,2 days 00:37:00,"[0, 1, 1, 1]",61,30.2,"91 Bikes, 46 Vans, 65 Cars, 17 Ambulance",69,1800,0.847222222,50,0.396,0.008472222,0.604,0.358588889,High,0
2438,2 days 00:38:00,"[1, 0, 1, 1]",106,36.2,"37 Ambulance, 76 Bikes, 49 Ambulance",55,1800,1.472222222,50,0.276,0.014722222,0.724,0.281088889,Moderate,0
2439,2 days 00:39:00,"[0, 0, 0, 1]",81,24.6,"95 Vans, 76 Cars, 99 Vans",34,1800,1.125,50,0.508,0.01125,0.492,0.2421,Moderate,0
2440,2 days 00:40:00,"[0, 1, 0, 0]",150,36.6,"74 Bikes, 45 Ambulance, 58 Ambulance, 26 Patrol",51,1800,2.083333333,50,0.268,0.020833333,0.732,0.265933333,Moderate,0
2441,2 days 00:41:00,"[1, 0, 0, 1]",155,36.3,"80 Trucks, 28 Cars, 70 Ambulance",70,1800,2.152777778,50,0.274,0.021527778,0.726,0.343411111,High,0
2442,2 days 00:42:00,"[0, 1, 0, 1]",133,42.9,"88 Ambulance, 13 Trucks",79,1800,1.847222222,50,0.142,0.018472222,0.858,0.351788889,High,0
2443,2 days 00:43:00,"[1, 1, 0, 1]",144,45.0,"59 Patrol, 21 Bikes",83,1800,2.0,50,0.1,0.02,0.9,0.36,High,0
2444,2 days 00:44:00,"[0, 0, 0, 0]",174,33.2,"35 Patrol, 90 Cars, 66 Fire Extinguisher",37,1800,2.416666667,50,0.336,0.024166667,0.664,0.224866667,Moderate,0
2445,2 days 00:45:00,"[0, 1, 0, 1]",112,29.1,"98 Patrol, 23 Vans, 94 Bikes, 25 Cars",55,1800,1.555555556,50,0.418,0.015555556,0.582,0.309822222,High,0
2446,2 days 00:46:00,"[0, 0, 0, 1]",99,27.8,"71 Ambulance, 22 Cars",54,1800,1.375,50,0.444,0.01375,0.556,0.3103,High,0
2447,2 days 00:47:00,"[1, 1, 0, 0]",110,25.8,"32 Cars, 86 Cars",56,1800,1.527777778,50,0.484,0.015277778,0.516,0.326911111,High,0
2448,2 days 00:48:00,"[0, 1, 0, 1]",93,21.7,"96 Cars, 69 Ambulance, 10 Vans",80,1800,1.291666667,50,0.566,0.012916667,0.434,0.438366667,Very High,0
2449,2 days 00:49:00,"[0, 0, 1, 1]",168,30.3,"23 Patrol, 35 Ambulance, 39 Vans, 49 Fire Extinguisher",55,1800,2.333333333,50,0.394,0.023333333,0.606,0.308133333,High,0
2450,2 days 00:50:00,"[1, 1, 1, 0]",146,28.1,"78 Cars, 25 Vans",37,1800,2.027777778,50,0.438,0.020277778,0.562,0.243711111,Moderate,0
2451,2 days 00:51:00,"[0, 0, 0, 0]",89,49.0,"73 Bikes, 15 Ambulance, 61 Trucks",40,1800,1.236111111,50,0.02,0.012361111,0.98,0.168944444,Low,0
2452,2 days 00:52:00,"[0, 0, 0, 1]",184,36.7,"12 Bikes, 37 Fire Extinguisher, 75 Vans",69,1800,2.555555556,50,0.266,0.025555556,0.734,0.339422222,High,0
2453,2 days 00:53:00,"[0, 1, 1, 1]",143,30.4,"11 Ambulance, 53 Bikes, 97 Fire Extinguisher",37,1800,1.986111111,50,0.392,0.019861111,0.608,0.234344444,Moderate,0
2454,2 days 00:54:00,"[0, 0, 0, 0]",99,37.4,"47 Cars, 30 Fire Extinguisher, 14 Fire Extinguisher, 14 Vans",34,1800,1.375,50,0.252,0.01375,0.748,0.1919,Low,0
2455,2 days 00:55:00,"[0, 1, 0, 1]",52,24.2,"95 Vans, 97 Bikes, 45 Ambulance, 74 Trucks",62,1800,0.722222222,50,0.516,0.007222222,0.484,0.354088889,High,0
2456,2 days 00:56:00,"[1, 1, 1, 1]",62,33.3,"25 Fire Extinguisher, 84 Bikes, 51 Bikes, 79 Fire Extinguisher",87,1800,0.861111111,50,0.334,0.008611111,0.666,0.418244444,Very High,0
2457,2 days 00:57:00,"[1, 1, 1, 1]",189,38.8,"60 Bikes, 26 Ambulance",66,1800,2.625,50,0.224,0.02625,0.776,0.3193,High,0
2458,2 days 00:58:00,"[1, 0, 1, 0]",144,34.7,"47 Bikes, 68 Vans",51,1800,2.0,50,0.306,0.02,0.694,0.2732,Moderate,0
2459,2 days 00:59:00,"[1, 1, 1, 0]",64,32.1,"68 Ambulance, 91 Trucks, 42 Bikes",50,1800,0.888888889,50,0.358,0.008888889,0.642,0.275155556,Moderate,0
2460,2 days 01:00:00,"[0, 1, 0, 1]",130,49.8,"88 Cars, 28 Ambulance",48,1800,1.805555556,50,0.004,0.018055556,0.996,0.200022222,Moderate,1
2461,2 days 01:01:00,"[1, 1, 0, 1]",150,46.4,"99 Trucks, 73 Vans, 60 Fire Extinguisher",42,1800,2.083333333,50,0.072,0.020833333,0.928,0.190733333,Low,1
2462,2 days 01:02:00,"[0, 0, 1, 0]",196,38.7,"60 Trucks, 74 Vans, 68 Vans",57,1800,2.722222222,50,0.226,0.027222222,0.774,0.284088889,Moderate,1
2463,2 days 01:03:00,"[1, 1, 0, 1]",82,37.1,"43 Patrol, 12 Bikes, 84 Trucks, 71 Cars",45,1800,1.138888889,50,0.258,0.011388889,0.742,0.236155556,Moderate,1
2464,2 days 01:04:00,"[1, 0, 0, 1]",97,38.6,"85 Patrol, 45 Bikes, 50 Vans, 40 Fire Extinguisher",46,1800,1.347222222,50,0.228,0.013472222,0.772,0.234988889,Moderate,1
2465,2 days 01:05:00,"[1, 0, 1, 0]",105,26.0,"94 Cars, 65 Vans, 44 Ambulance, 74 Fire Extinguisher",40,1800,1.458333333,50,0.48,0.014583333,0.52,0.261833333,Moderate,1
2466,2 days 01:06:00,"[0, 0, 0, 1]",58,31.9,"52 Ambulance, 73 Ambulance",48,1800,0.805555556,50,0.362,0.008055556,0.638,0.267622222,Moderate,1
2467,2 days 01:07:00,"[0, 0, 0, 1]",196,21.2,"64 Bikes, 33 Bikes, 59 Bikes",37,1800,2.722222222,50,0.576,0.027222222,0.424,0.274088889,Moderate,1
2468,2 days 01:08:00,"[1, 1, 1, 0]",186,34.3,"65 Bikes, 99 Bikes, 46 Ambulance, 16 Fire Extinguisher",36,1800,2.583333333,50,0.314,0.025833333,0.686,0.217133333,Moderate,1
2469,2 days 01:09:00,"[0, 1, 1, 0]",175,36.3,"10 Ambulance, 56 Ambulance, 86 Trucks, 86 Trucks",34,1800,2.430555556,50,0.274,0.024305556,0.726,0.200522222,Moderate,1
2470,2 days 01:10:00,"[0, 1, 1, 1]",85,26.8,"38 Fire Extinguisher, 13 Bikes",31,1800,1.180555556,50,0.464,0.011805556,0.536,0.221522222,Moderate,1
2471,2 days 01:11:00,"[0, 1, 0, 0]",155,48.9,"85 Vans, 13 Fire Extinguisher, 85 Cars",34,1800,2.152777778,50,0.022,0.021527778,0.978,0.149011111,Low,1
2472,2 days 01:12:00,"[0, 1, 1, 1]",186,47.3,"22 Trucks, 98 Fire Extinguisher",66,1800,2.583333333,50,0.054,0.025833333,0.946,0.285133333,Moderate,1
2473,2 days 01:13:00,"[0, 0, 0, 0]",171,41.7,"51 Bikes, 71 Fire Extinguisher, 24 Fire Extinguisher",60,1800,2.375,50,0.166,0.02375,0.834,0.2827,Moderate,1
2474,2 days 01:14:00,"[1, 0, 1, 1]",71,36.0,"39 Cars, 22 Trucks",71,1800,0.986111111,50,0.28,0.009861111,0.72,0.343944444,High,1
2475,2 days 01:15:00,"[0, 1, 1, 1]",56,46.1,"53 Ambulance, 11 Patrol",72,1800,0.777777778,50,0.078,0.007777778,0.922,0.306711111,High,1
2476,2 days 01:16:00,"[0, 1, 0, 1]",58,23.9,"78 Ambulance, 25 Vans, 53 Bikes",82,1800,0.805555556,50,0.522,0.008055556,0.478,0.435622222,Very High,1
2477,2 days 01:17:00,"[1, 0, 1, 0]",161,43.7,"47 Cars, 17 Ambulance",43,1800,2.236111111,50,0.126,0.022361111,0.874,0.206144444,Moderate,1
2478,2 days 01:18:00,"[0, 1, 0, 0]",168,23.7,"59 Trucks, 96 Fire Extinguisher",65,1800,2.333333333,50,0.526,0.023333333,0.474,0.374533333,High,1
2479,2 days 01:19:00,"[1, 1, 1, 0]",54,43.8,"74 Bikes, 21 Ambulance, 91 Bikes",31,1800,0.75,50,0.124,0.0075,0.876,0.1518,Low,1
2480,2 days 01:20:00,"[0, 1, 0, 0]",114,28.3,"73 Vans, 29 Cars",75,1800,1.583333333,50,0.434,0.015833333,0.566,0.393133333,High,1
2481,2 days 01:21:00,"[0, 1, 1, 1]",102,46.3,"15 Patrol, 40 Ambulance, 72 Cars",61,1800,1.416666667,50,0.074,0.014166667,0.926,0.264466667,Moderate,1
2482,2 days 01:22:00,"[1, 1, 0, 1]",94,48.3,"69 Cars, 60 Bikes, 57 Bikes, 60 Trucks",52,1800,1.305555556,50,0.034,0.013055556,0.966,0.220022222,Moderate,1
2483,2 days 01:23:00,"[0, 1, 0, 1]",76,24.5,"32 Ambulance, 28 Trucks, 38 Bikes, 88 Fire Extinguisher",66,1800,1.055555556,50,0.51,0.010555556,0.49,0.370222222,High,1
2484,2 days 01:24:00,"[1, 1, 1, 0]",125,33.9,"71 Vans, 90 Trucks, 26 Bikes, 10 Fire Extinguisher",61,1800,1.736111111,50,0.322,0.017361111,0.678,0.315344444,High,1
2485,2 days 01:25:00,"[1, 0, 0, 0]",114,49.4,"51 Patrol, 11 Fire Extinguisher, 72 Patrol",39,1800,1.583333333,50,0.012,0.015833333,0.988,0.164733333,Low,1
2486,2 days 01:26:00,"[0, 0, 1, 1]",155,34.5,"38 Ambulance, 25 Ambulance, 18 Fire Extinguisher, 20 Ambulance",57,1800,2.152777778,50,0.31,0.021527778,0.69,0.298611111,Moderate,1
2487,2 days 01:27:00,"[1, 0, 1, 0]",91,45.9,"40 Bikes, 47 Patrol",72,1800,1.263888889,50,0.082,0.012638889,0.918,0.309455556,High,1
2488,2 days 01:28:00,"[1, 1, 1, 1]",56,37.7,"19 Patrol, 63 Bikes, 51 Cars, 18 Vans",84,1800,0.777777778,50,0.246,0.007777778,0.754,0.388311111,High,1
2489,2 days 01:29:00,"[0, 1, 0, 1]",73,31.3,"35 Patrol, 44 Ambulance, 36 Cars",84,1800,1.013888889,50,0.374,0.010138889,0.626,0.414855556,Very High,1
2490,2 days 01:30:00,"[0, 0, 1, 0]",177,28.6,"38 Ambulance, 69 Bikes",38,1800,2.458333333,50,0.428,0.024583333,0.572,0.247433333,Moderate,1
2491,2 days 01:31:00,"[1, 0, 0, 1]",170,26.1,"66 Trucks, 48 Trucks",31,1800,2.361111111,50,0.478,0.023611111,0.522,0.229044444,Moderate,1
2492,2 days 01:32:00,"[0, 0, 1, 0]",136,42.9,"85 Fire Extinguisher, 78 Bikes, 92 Patrol",77,1800,1.888888889,50,0.142,0.018888889,0.858,0.343955556,High,1
2493,2 days 01:33:00,"[1, 0, 0, 1]",86,31.6,"45 Patrol, 49 Bikes, 38 Ambulance",40,1800,1.194444444,50,0.368,0.011944444,0.632,0.238377778,Moderate,1
2494,2 days 01:34:00,"[0, 0, 1, 1]",64,35.3,"99 Trucks, 18 Patrol, 58 Fire Extinguisher, 45 Vans",65,1800,0.888888889,50,0.294,0.008888889,0.706,0.322355556,High,1
2495,2 days 01:35:00,"[0, 0, 0, 0]",67,34.8,"49 Patrol, 27 Fire Extinguisher",88,1800,0.930555556,50,0.304,0.009305556,0.696,0.416522222,Very High,1
2496,2 days 01:36:00,"[0, 1, 1, 0]",199,37.3,"15 Ambulance, 17 Ambulance",65,1800,2.763888889,50,0.254,0.027638889,0.746,0.321855556,High,1
2497,2 days 01:37:00,"[0, 1, 1, 0]",116,46.0,"79 Cars, 52 Cars, 70 Patrol, 87 Ambulance",83,1800,1.611111111,50,0.08,0.016111111,0.92,0.354444444,High,1
2498,2 days 01:38:00,"[1, 0, 1, 0]",114,49.4,"20 Fire Extinguisher, 35 Fire Extinguisher, 31 Patrol",57,1800,1.583333333,50,0.012,0.015833333,0.988,0.236733333,Moderate,1
2499,2 days 01:39:00,"[1, 1, 1, 0]",156,32.2,"38 Trucks, 62 Ambulance",73,1800,2.166666667,50,0.356,0.021666667,0.644,0.371866667,High,1
2500,2 days 01:40:00,"[1, 1, 1, 0]",68,44.8,"38 Trucks, 33 Cars, 44 Cars, 75 Patrol",78,1800,0.944444444,50,0.104,0.009444444,0.896,0.336577778,High,1
2501,2 days 01:41:00,"[1, 1, 1, 1]",58,42.9,"37 Ambulance, 78 Ambulance, 60 Ambulance",40,1800,0.805555556,50,0.142,0.008055556,0.858,0.191622222,Low,1
2502,2 days 01:42:00,"[0, 1, 1, 0]",67,37.2,"54 Bikes, 19 Ambulance, 30 Cars",81,1800,0.930555556,50,0.256,0.009305556,0.744,0.378922222,High,1
2503,2 days 01:43:00,"[0, 1, 0, 1]",199,48.7,"26 Fire Extinguisher, 49 Vans, 95 Ambulance",56,1800,2.763888889,50,0.026,0.027638889,0.974,0.240255556,Moderate,1
2504,2 days 01:44:00,"[1, 0, 0, 0]",61,26.0,"85 Bikes, 57 Fire Extinguisher",30,1800,0.847222222,50,0.48,0.008472222,0.52,0.219388889,Moderate,1
2505,2 days 01:45:00,"[1, 1, 1, 0]",169,23.3,"83 Ambulance, 81 Bikes",67,1800,2.347222222,50,0.534,0.023472222,0.466,0.384188889,High,1
2506,2 days 01:46:00,"[1, 1, 1, 1]",170,45.6,"98 Patrol, 14 Trucks, 78 Bikes",65,1800,2.361111111,50,0.088,0.023611111,0.912,0.287044444,Moderate,1
2507,2 days 01:47:00,"[0, 0, 1, 0]",189,33.2,"65 Trucks, 79 Bikes, 51 Bikes",74,1800,2.625,50,0.336,0.02625,0.664,0.3737,High,1
2508,2 days 01:48:00,"[0, 1, 1, 1]",62,45.4,"10 Trucks, 27 Cars",63,1800,0.861111111,50,0.092,0.008611111,0.908,0.273844444,Moderate,1
2509,2 days 01:49:00,"[1, 0, 1, 0]",197,46.8,"13 Cars, 44 Fire Extinguisher",57,1800,2.736111111,50,0.064,0.027361111,0.936,0.251744444,Moderate,1
2510,2 days 01:50:00,"[0, 1, 0, 0]",170,21.9,"18 Vans, 17 Trucks",73,1800,2.361111111,50,0.562,0.023611111,0.438,0.413844444,Very High,1
2511,2 days 01:51:00,"[0, 1, 1, 1]",174,46.5,"61 Patrol, 55 Patrol",43,1800,2.416666667,50,0.07,0.024166667,0.93,0.195666667,Low,1
2512,2 days 01:52:00,"[0, 0, 1, 1]",62,33.4,"35 Bikes, 64 Fire Extinguisher, 23 Fire Extinguisher, 94 Trucks",86,1800,0.861111111,50,0.332,0.008611111,0.668,0.413844444,Very High,1
2513,2 days 01:53:00,"[0, 1, 0, 1]",101,35.3,"36 Bikes, 51 Cars, 30 Fire Extinguisher",77,1800,1.402777778,50,0.294,0.014027778,0.706,0.372411111,High,1
2514,2 days 01:54:00,"[1, 1, 0, 0]",99,38.8,"77 Vans, 48 Patrol",84,1800,1.375,50,0.224,0.01375,0.776,0.3863,High,1
2515,2 days 01:55:00,"[0, 1, 0, 1]",85,47.8,"26 Trucks, 43 Fire Extinguisher",71,1800,1.180555556,50,0.044,0.011805556,0.956,0.297522222,Moderate,1
2516,2 days 01:56:00,"[1, 0, 1, 1]",175,20.6,"23 Ambulance, 55 Trucks, 68 Bikes",68,1800,2.430555556,50,0.588,0.024305556,0.412,0.399322222,High,1
2517,2 days 01:57:00,"[0, 1, 1, 1]",148,34.3,"90 Vans, 86 Cars",85,1800,2.055555556,50,0.314,0.020555556,0.686,0.411022222,Very High,1
2518,2 days 01:58:00,"[0, 1, 0, 1]",87,40.6,"23 Cars, 52 Vans, 64 Cars",69,1800,1.208333333,50,0.188,0.012083333,0.812,0.318433333,High,1
2519,2 days 01:59:00,"[1, 1, 0, 0]",105,41.7,"97 Bikes, 31 Cars, 13 Ambulance",45,1800,1.458333333,50,0.166,0.014583333,0.834,0.219033333,Moderate,1
2520,2 days 02:00:00,"[0, 0, 1, 0]",126,40.8,"87 Vans, 80 Trucks, 100 Bikes, 77 Fire Extinguisher",53,1800,1.75,50,0.184,0.0175,0.816,0.2558,Moderate,2
2521,2 days 02:01:00,"[1, 1, 1, 1]",76,24.0,"14 Ambulance, 74 Cars",34,1800,1.055555556,50,0.52,0.010555556,0.48,0.244222222,Moderate,2
2522,2 days 02:02:00,"[0, 1, 0, 1]",93,29.0,"81 Trucks, 58 Vans",45,1800,1.291666667,50,0.42,0.012916667,0.58,0.269166667,Moderate,2
2523,2 days 02:03:00,"[1, 1, 0, 0]",80,30.8,"67 Fire Extinguisher, 93 Ambulance, 97 Ambulance",86,1800,1.111111111,50,0.384,0.011111111,0.616,0.425244444,Very High,2
2524,2 days 02:04:00,"[1, 0, 1, 1]",84,44.1,"23 Patrol, 17 Fire Extinguisher, 69 Vans",63,1800,1.166666667,50,0.118,0.011666667,0.882,0.280266667,Moderate,2
2525,2 days 02:05:00,"[1, 1, 0, 1]",167,28.4,"99 Ambulance, 36 Bikes",32,1800,2.319444444,50,0.432,0.023194444,0.568,0.223677778,Moderate,2
2526,2 days 02:06:00,"[0, 1, 0, 1]",102,26.3,"76 Cars, 40 Cars, 88 Patrol, 85 Fire Extinguisher",41,1800,1.416666667,50,0.474,0.014166667,0.526,0.264466667,Moderate,2
2527,2 days 02:07:00,"[1, 0, 1, 1]",58,48.7,"67 Cars, 17 Bikes, 39 Ambulance, 62 Bikes",42,1800,0.805555556,50,0.026,0.008055556,0.974,0.176422222,Low,2
2528,2 days 02:08:00,"[1, 0, 0, 0]",50,20.3,"24 Ambulance, 85 Vans, 48 Ambulance, 50 Fire Extinguisher",46,1800,0.694444444,50,0.594,0.006944444,0.406,0.305577778,High,2
2529,2 days 02:09:00,"[0, 0, 1, 0]",154,49.9,"50 Fire Extinguisher, 16 Ambulance",84,1800,2.138888889,50,0.002,0.021388889,0.998,0.344955556,High,2
2530,2 days 02:10:00,"[1, 0, 1, 0]",158,40.3,"63 Cars, 58 Trucks, 76 Cars, 97 Trucks",49,1800,2.194444444,50,0.194,0.021944444,0.806,0.243577778,Moderate,2
2531,2 days 02:11:00,"[0, 0, 0, 1]",98,44.9,"38 Ambulance, 48 Bikes, 99 Cars",36,1800,1.361111111,50,0.102,0.013611111,0.898,0.169844444,Low,2
2532,2 days 02:12:00,"[1, 1, 0, 0]",186,28.8,"10 Cars, 96 Fire Extinguisher, 26 Trucks, 47 Patrol",47,1800,2.583333333,50,0.424,0.025833333,0.576,0.283133333,Moderate,2
2533,2 days 02:13:00,"[0, 0, 0, 1]",141,20.4,"46 Cars, 68 Fire Extinguisher, 35 Cars, 16 Patrol",49,1800,1.958333333,50,0.592,0.019583333,0.408,0.322233333,High,2
2534,2 days 02:14:00,"[0, 0, 0, 0]",192,42.1,"54 Ambulance, 87 Vans, 69 Ambulance, 79 Vans",35,1800,2.666666667,50,0.158,0.026666667,0.842,0.182266667,Low,2
2535,2 days 02:15:00,"[1, 0, 0, 1]",85,45.0,"87 Patrol, 63 Cars",33,1800,1.180555556,50,0.1,0.011805556,0.9,0.156722222,Low,2
2536,2 days 02:16:00,"[0, 0, 1, 0]",140,42.2,"26 Patrol, 45 Trucks, 86 Vans, 66 Patrol",55,1800,1.944444444,50,0.156,0.019444444,0.844,0.258977778,Moderate,2
2537,2 days 02:17:00,"[1, 1, 0, 0]",134,24.3,"92 Patrol, 11 Trucks, 53 Cars, 76 Cars",69,1800,1.861111111,50,0.514,0.018611111,0.486,0.386244444,High,2
2538,2 days 02:18:00,"[0, 0, 1, 1]",149,42.6,"60 Bikes, 14 Cars, 78 Ambulance",39,1800,2.069444444,50,0.148,0.020694444,0.852,0.193877778,Low,2
2539,2 days 02:19:00,"[0, 1, 0, 1]",180,43.1,"75 Patrol, 21 Ambulance, 87 Fire Extinguisher, 50 Trucks",80,1800,2.5,50,0.138,0.025,0.862,0.3576,High,2
2540,2 days 02:20:00,"[0, 0, 0, 0]",89,39.8,"66 Cars, 67 Patrol",30,1800,1.236111111,50,0.204,0.012361111,0.796,0.165744444,Low,2
2541,2 days 02:21:00,"[0, 1, 1, 0]",176,43.0,"37 Fire Extinguisher, 39 Patrol, 13 Bikes",66,1800,2.444444444,50,0.14,0.024444444,0.86,0.301777778,High,2
2542,2 days 02:22:00,"[1, 1, 1, 1]",125,45.4,"83 Trucks, 89 Trucks",52,1800,1.736111111,50,0.092,0.017361111,0.908,0.233344444,Moderate,2
2543,2 days 02:23:00,"[0, 0, 0, 1]",143,38.4,"25 Patrol, 71 Vans, 80 Ambulance",62,1800,1.986111111,50,0.232,0.019861111,0.768,0.302344444,High,2
2544,2 days 02:24:00,"[0, 1, 0, 1]",90,22.7,"45 Ambulance, 94 Ambulance, 62 Trucks, 27 Ambulance",56,1800,1.25,50,0.546,0.0125,0.454,0.3382,High,2
2545,2 days 02:25:00,"[0, 1, 1, 1]",73,34.6,"29 Bikes, 24 Trucks, 46 Trucks, 36 Vans",35,1800,1.013888889,50,0.308,0.010138889,0.692,0.205655556,Moderate,2
2546,2 days 02:26:00,"[1, 1, 1, 0]",188,22.3,"36 Patrol, 96 Patrol, 49 Ambulance",54,1800,2.611111111,50,0.554,0.026111111,0.446,0.337244444,High,2
2547,2 days 02:27:00,"[1, 0, 0, 1]",132,32.2,"30 Patrol, 14 Trucks",64,1800,1.833333333,50,0.356,0.018333333,0.644,0.334533333,High,2
2548,2 days 02:28:00,"[1, 1, 0, 0]",71,32.2,"73 Bikes, 84 Trucks, 60 Cars, 75 Cars",60,1800,0.986111111,50,0.356,0.009861111,0.644,0.315144444,High,2
2549,2 days 02:29:00,"[0, 1, 1, 1]",129,22.0,"64 Ambulance, 97 Vans, 32 Bikes",39,1800,1.791666667,50,0.56,0.017916667,0.44,0.275166667,Moderate,2
2550,2 days 02:30:00,"[1, 0, 1, 0]",104,30.5,"77 Patrol, 49 Cars",72,1800,1.444444444,50,0.39,0.014444444,0.61,0.371777778,High,2
2551,2 days 02:31:00,"[0, 1, 0, 0]",174,23.3,"85 Vans, 93 Ambulance, 60 Fire Extinguisher, 60 Fire Extinguisher",49,1800,2.416666667,50,0.534,0.024166667,0.466,0.312466667,High,2
2552,2 days 02:32:00,"[1, 0, 0, 0]",140,44.2,"66 Vans, 36 Fire Extinguisher",86,1800,1.944444444,50,0.116,0.019444444,0.884,0.374977778,High,2
2553,2 days 02:33:00,"[0, 1, 0, 1]",137,48.4,"31 Bikes, 82 Cars",58,1800,1.902777778,50,0.032,0.019027778,0.968,0.246011111,Moderate,2
2554,2 days 02:34:00,"[0, 0, 1, 0]",86,22.2,"14 Fire Extinguisher, 83 Trucks",75,1800,1.194444444,50,0.556,0.011944444,0.444,0.415977778,Very High,2
2555,2 days 02:35:00,"[0, 0, 0, 0]",69,48.7,"97 Bikes, 57 Cars, 51 Fire Extinguisher",67,1800,0.958333333,50,0.026,0.009583333,0.974,0.277033333,Moderate,2
2556,2 days 02:36:00,"[0, 0, 1, 0]",62,35.7,"70 Bikes, 55 Trucks, 54 Patrol, 39 Cars",40,1800,0.861111111,50,0.286,0.008611111,0.714,0.220644444,Moderate,2
2557,2 days 02:37:00,"[1, 1, 1, 1]",58,29.0,"10 Ambulance, 32 Fire Extinguisher, 83 Fire Extinguisher",70,1800,0.805555556,50,0.42,0.008055556,0.58,0.367222222,High,2
2558,2 days 02:38:00,"[1, 1, 0, 1]",60,22.3,"77 Trucks, 49 Patrol, 77 Cars",85,1800,0.833333333,50,0.554,0.008333333,0.446,0.454133333,Very High,2
2559,2 days 02:39:00,"[1, 1, 1, 0]",188,35.0,"16 Trucks, 50 Fire Extinguisher",65,1800,2.611111111,50,0.3,0.026111111,0.7,0.330444444,High,2
2560,2 days 02:40:00,"[0, 1, 1, 0]",53,43.8,"39 Patrol, 48 Bikes",34,1800,0.736111111,50,0.124,0.007361111,0.876,0.163744444,Low,2
2561,2 days 02:41:00,"[0, 1, 0, 1]",127,41.2,"83 Bikes, 47 Trucks",31,1800,1.763888889,50,0.176,0.017638889,0.824,0.166255556,Low,2
2562,2 days 02:42:00,"[0, 0, 0, 0]",74,21.5,"22 Cars, 13 Vans",42,1800,1.027777778,50,0.57,0.010277778,0.43,0.286111111,Moderate,2
2563,2 days 02:43:00,"[1, 1, 0, 1]",195,22.2,"24 Bikes, 95 Bikes, 24 Vans, 80 Cars",42,1800,2.708333333,50,0.556,0.027083333,0.444,0.290033333,Moderate,2
2564,2 days 02:44:00,"[1, 1, 1, 1]",101,32.1,"88 Patrol, 19 Trucks, 31 Trucks, 79 Patrol",33,1800,1.402777778,50,0.358,0.014027778,0.642,0.209211111,Moderate,2
2565,2 days 02:45:00,"[0, 0, 0, 1]",51,28.9,"87 Ambulance, 29 Bikes",60,1800,0.708333333,50,0.422,0.007083333,0.578,0.327233333,High,2
2566,2 days 02:46:00,"[1, 0, 0, 1]",134,27.0,"35 Trucks, 71 Bikes, 18 Bikes, 59 Patrol",43,1800,1.861111111,50,0.46,0.018611111,0.54,0.271444444,Moderate,2
2567,2 days 02:47:00,"[0, 1, 1, 0]",135,28.4,"59 Patrol, 40 Cars, 19 Bikes",53,1800,1.875,50,0.432,0.01875,0.568,0.3059,High,2
2568,2 days 02:48:00,"[1, 0, 0, 1]",200,44.1,"97 Trucks, 76 Ambulance",80,1800,2.777777778,50,0.118,0.027777778,0.882,0.354711111,High,2
2569,2 days 02:49:00,"[1, 1, 1, 1]",63,47.9,"69 Cars, 40 Bikes, 44 Vans, 87 Trucks",34,1800,0.875,50,0.042,0.00875,0.958,0.1479,Low,2
2570,2 days 02:50:00,"[0, 1, 1, 1]",130,32.2,"12 Trucks, 62 Trucks, 57 Ambulance, 26 Cars",70,1800,1.805555556,50,0.356,0.018055556,0.644,0.358422222,High,2
2571,2 days 02:51:00,"[0, 0, 0, 1]",188,47.2,"19 Fire Extinguisher, 87 Trucks",46,1800,2.611111111,50,0.056,0.026111111,0.944,0.205644444,Moderate,2
2572,2 days 02:52:00,"[1, 1, 0, 0]",141,29.6,"89 Vans, 75 Bikes, 68 Ambulance, 90 Cars",88,1800,1.958333333,50,0.408,0.019583333,0.592,0.441433333,Very High,2
2573,2 days 02:53:00,"[1, 0, 0, 1]",65,34.3,"71 Trucks, 46 Cars, 41 Trucks, 66 Ambulance",31,1800,0.902777778,50,0.314,0.009027778,0.686,0.190411111,Low,2
2574,2 days 02:54:00,"[0, 1, 0, 1]",72,26.8,"27 Trucks, 52 Patrol, 33 Cars, 43 Bikes",38,1800,1.0,50,0.464,0.01,0.536,0.2488,Moderate,2
2575,2 days 02:55:00,"[1, 0, 0, 0]",58,39.2,"21 Trucks, 98 Trucks",50,1800,0.805555556,50,0.216,0.008055556,0.784,0.246422222,Moderate,2
2576,2 days 02:56:00,"[0, 0, 1, 0]",69,49.4,"95 Bikes, 92 Vans, 25 Ambulance, 45 Cars",80,1800,0.958333333,50,0.012,0.009583333,0.988,0.326233333,High,2
2577,2 days 02:57:00,"[1, 1, 0, 1]",155,38.1,"67 Trucks, 47 Ambulance",33,1800,2.152777778,50,0.238,0.021527778,0.762,0.188211111,Low,2
2578,2 days 02:58:00,"[0, 1, 0, 1]",163,30.7,"49 Cars, 15 Trucks, 44 Trucks",54,1800,2.263888889,50,0.386,0.022638889,0.614,0.302255556,High,2
2579,2 days 02:59:00,"[0, 0, 0, 0]",58,39.4,"37 Cars, 11 Ambulance",55,1800,0.805555556,50,0.212,0.008055556,0.788,0.265622222,Moderate,2
2580,2 days 03:00:00,"[1, 0, 1, 1]",109,23.7,"92 Fire Extinguisher, 93 Ambulance",85,1800,1.513888889,50,0.526,0.015138889,0.474,0.451255556,Very High,3
2581,2 days 03:01:00,"[1, 0, 1, 0]",98,46.7,"31 Vans, 42 Bikes, 43 Cars, 67 Cars",78,1800,1.361111111,50,0.066,0.013611111,0.934,0.330644444,High,3
2582,2 days 03:02:00,"[1, 1, 1, 0]",108,35.1,"62 Bikes, 95 Cars, 60 Ambulance",75,1800,1.5,50,0.298,0.015,0.702,0.3656,High,3
2583,2 days 03:03:00,"[1, 0, 0, 1]",103,33.5,"16 Bikes, 54 Patrol",86,1800,1.430555556,50,0.33,0.014305556,0.67,0.415722222,Very High,3
2584,2 days 03:04:00,"[0, 1, 1, 1]",179,37.6,"93 Vans, 63 Bikes, 82 Bikes, 12 Patrol",78,1800,2.486111111,50,0.248,0.024861111,0.752,0.371544444,High,3
2585,2 days 03:05:00,"[0, 0, 0, 1]",105,38.7,"75 Ambulance, 26 Cars, 16 Vans",31,1800,1.458333333,50,0.226,0.014583333,0.774,0.175033333,Low,3
2586,2 days 03:06:00,"[1, 1, 1, 0]",160,22.2,"78 Patrol, 18 Trucks",61,1800,2.222222222,50,0.556,0.022222222,0.444,0.364088889,High,3
2587,2 days 03:07:00,"[1, 1, 0, 1]",148,40.5,"52 Cars, 51 Cars, 59 Patrol",90,1800,2.055555556,50,0.19,0.020555556,0.81,0.406222222,Very High,3
2588,2 days 03:08:00,"[1, 0, 0, 0]",176,27.3,"10 Vans, 100 Vans, 39 Fire Extinguisher",42,1800,2.444444444,50,0.454,0.024444444,0.546,0.268577778,Moderate,3
2589,2 days 03:09:00,"[0, 1, 0, 0]",113,41.4,"60 Fire Extinguisher, 60 Bikes, 17 Cars, 42 Fire Extinguisher",51,1800,1.569444444,50,0.172,0.015694444,0.828,0.244677778,Moderate,3
2590,2 days 03:10:00,"[0, 0, 0, 1]",60,44.7,"26 Vans, 19 Fire Extinguisher, 12 Patrol, 89 Ambulance",75,1800,0.833333333,50,0.106,0.008333333,0.894,0.324533333,High,3
2591,2 days 03:11:00,"[0, 1, 0, 0]",137,44.1,"87 Patrol, 35 Fire Extinguisher, 37 Ambulance, 86 Ambulance",89,1800,1.902777778,50,0.118,0.019027778,0.882,0.387211111,High,3
2592,2 days 03:12:00,"[1, 0, 0, 0]",81,36.6,"57 Patrol, 43 Vans",84,1800,1.125,50,0.268,0.01125,0.732,0.3941,High,3
2593,2 days 03:13:00,"[1, 0, 0, 0]",148,35.6,"94 Bikes, 33 Vans",34,1800,2.055555556,50,0.288,0.020555556,0.712,0.201822222,Moderate,3
2594,2 days 03:14:00,"[1, 1, 0, 0]",119,24.3,"23 Trucks, 37 Fire Extinguisher",55,1800,1.652777778,50,0.514,0.016527778,0.486,0.329411111,High,3
2595,2 days 03:15:00,"[1, 1, 0, 1]",187,43.3,"68 Cars, 14 Patrol",83,1800,2.597222222,50,0.134,0.025972222,0.866,0.369188889,High,3
2596,2 days 03:16:00,"[0, 1, 0, 1]",67,28.1,"26 Vans, 71 Cars, 20 Cars, 34 Trucks",50,1800,0.930555556,50,0.438,0.009305556,0.562,0.291322222,Moderate,3
2597,2 days 03:17:00,"[1, 0, 1, 1]",76,34.9,"30 Patrol, 75 Vans, 49 Trucks",38,1800,1.055555556,50,0.302,0.010555556,0.698,0.216622222,Moderate,3
2598,2 days 03:18:00,"[1, 0, 1, 0]",79,28.5,"33 Cars, 75 Ambulance",43,1800,1.097222222,50,0.43,0.010972222,0.57,0.262388889,Moderate,3
2599,2 days 03:19:00,"[0, 1, 0, 0]",150,24.0,"33 Bikes, 87 Trucks, 86 Fire Extinguisher, 62 Fire Extinguisher",76,1800,2.083333333,50,0.52,0.020833333,0.48,0.416333333,Very High,3
2600,2 days 03:20:00,"[0, 1, 0, 0]",76,38.9,"81 Cars, 46 Vans",63,1800,1.055555556,50,0.222,0.010555556,0.778,0.300622222,High,3
2601,2 days 03:21:00,"[0, 0, 1, 0]",121,21.6,"24 Patrol, 53 Patrol, 78 Cars, 84 Trucks",53,1800,1.680555556,50,0.568,0.016805556,0.432,0.332322222,High,3
2602,2 days 03:22:00,"[1, 0, 0, 0]",170,42.5,"74 Cars, 72 Vans",34,1800,2.361111111,50,0.15,0.023611111,0.85,0.175444444,Low,3
2603,2 days 03:23:00,"[1, 1, 0, 0]",118,29.5,"48 Bikes, 57 Trucks, 22 Fire Extinguisher",39,1800,1.638888889,50,0.41,0.016388889,0.59,0.244555556,Moderate,3
2604,2 days 03:24:00,"[0, 1, 0, 1]",98,20.0,"59 Patrol, 92 Trucks, 60 Patrol, 25 Trucks",84,1800,1.361111111,50,0.6,0.013611111,0.4,0.461444444,Very High,3
2605,2 days 03:25:00,"[0, 0, 0, 0]",126,35.3,"49 Ambulance, 76 Cars",50,1800,1.75,50,0.294,0.0175,0.706,0.2658,Moderate,3
2606,2 days 03:26:00,"[0, 0, 0, 0]",53,21.4,"19 Vans, 19 Ambulance, 28 Patrol, 44 Patrol",64,1800,0.736111111,50,0.572,0.007361111,0.428,0.373344444,High,3
2607,2 days 03:27:00,"[0, 0, 1, 1]",159,28.3,"12 Patrol, 64 Fire Extinguisher",75,1800,2.208333333,50,0.434,0.022083333,0.566,0.395633333,High,3
2608,2 days 03:28:00,"[1, 1, 1, 0]",164,41.2,"46 Bikes, 27 Bikes",47,1800,2.277777778,50,0.176,0.022777778,0.824,0.232311111,Moderate,3
2609,2 days 03:29:00,"[0, 1, 0, 1]",177,21.9,"20 Vans, 81 Cars, 70 Ambulance, 31 Bikes",39,1800,2.458333333,50,0.562,0.024583333,0.438,0.278233333,Moderate,3
2610,2 days 03:30:00,"[1, 0, 0, 0]",185,45.2,"88 Ambulance, 92 Trucks, 73 Bikes",77,1800,2.569444444,50,0.096,0.025694444,0.904,0.337477778,High,3
2611,2 days 03:31:00,"[1, 1, 0, 0]",143,20.1,"73 Cars, 70 Vans",88,1800,1.986111111,50,0.598,0.019861111,0.402,0.479544444,Very High,3
2612,2 days 03:32:00,"[0, 1, 1, 1]",52,27.4,"17 Bikes, 89 Fire Extinguisher, 42 Ambulance, 84 Cars",72,1800,0.722222222,50,0.452,0.007222222,0.548,0.381288889,High,3
2613,2 days 03:33:00,"[0, 0, 1, 0]",184,42.2,"59 Ambulance, 14 Fire Extinguisher",38,1800,2.555555556,50,0.156,0.025555556,0.844,0.193422222,Low,3
2614,2 days 03:34:00,"[1, 1, 0, 1]",71,29.5,"10 Bikes, 88 Cars, 43 Fire Extinguisher, 57 Trucks",60,1800,0.986111111,50,0.41,0.009861111,0.59,0.325944444,High,3
2615,2 days 03:35:00,"[1, 1, 0, 0]",138,23.1,"17 Patrol, 12 Trucks, 30 Patrol",70,1800,1.916666667,50,0.538,0.019166667,0.462,0.395266667,High,3
2616,2 days 03:36:00,"[1, 0, 0, 0]",72,30.8,"12 Fire Extinguisher, 93 Bikes",48,1800,1.0,50,0.384,0.01,0.616,0.2728,Moderate,3
2617,2 days 03:37:00,"[0, 1, 0, 0]",109,28.1,"52 Vans, 89 Vans",85,1800,1.513888889,50,0.438,0.015138889,0.562,0.433655556,Very High,3
2618,2 days 03:38:00,"[1, 1, 1, 1]",87,45.3,"24 Bikes, 56 Bikes, 93 Ambulance, 17 Cars",70,1800,1.208333333,50,0.094,0.012083333,0.906,0.303633333,High,3
2619,2 days 03:39:00,"[1, 1, 0, 0]",160,29.4,"85 Bikes, 32 Cars, 83 Ambulance",84,1800,2.222222222,50,0.412,0.022222222,0.588,0.427288889,Very High,3
2620,2 days 03:40:00,"[1, 0, 0, 1]",77,43.7,"71 Vans, 38 Fire Extinguisher, 25 Trucks, 93 Cars",34,1800,1.069444444,50,0.126,0.010694444,0.874,0.165477778,Low,3
2621,2 days 03:41:00,"[0, 1, 1, 0]",175,46.8,"18 Bikes, 12 Bikes, 95 Trucks",51,1800,2.430555556,50,0.064,0.024305556,0.936,0.226522222,Moderate,3
2622,2 days 03:42:00,"[1, 0, 0, 0]",109,33.0,"97 Patrol, 75 Vans",72,1800,1.513888889,50,0.34,0.015138889,0.66,0.362055556,High,3
2623,2 days 03:43:00,"[1, 1, 1, 1]",56,47.3,"93 Ambulance, 63 Bikes, 64 Fire Extinguisher, 81 Fire Extinguisher",73,1800,0.777777778,50,0.054,0.007777778,0.946,0.305911111,High,3
2624,2 days 03:44:00,"[1, 1, 1, 0]",142,31.3,"73 Vans, 61 Ambulance, 27 Bikes, 19 Cars",56,1800,1.972222222,50,0.374,0.019722222,0.626,0.306688889,High,3
2625,2 days 03:45:00,"[0, 0, 0, 0]",69,48.9,"22 Patrol, 40 Cars, 52 Trucks, 28 Vans",33,1800,0.958333333,50,0.022,0.009583333,0.978,0.140233333,Low,3
2626,2 days 03:46:00,"[0, 0, 0, 0]",92,22.7,"66 Bikes, 27 Fire Extinguisher, 34 Trucks",83,1800,1.277777778,50,0.546,0.012777778,0.454,0.446311111,Very High,3
2627,2 days 03:47:00,"[1, 1, 1, 1]",74,40.6,"44 Bikes, 45 Vans, 89 Bikes",60,1800,1.027777778,50,0.188,0.010277778,0.812,0.281711111,Moderate,3
2628,2 days 03:48:00,"[1, 1, 0, 0]",163,34.8,"52 Patrol, 98 Cars, 94 Vans, 72 Ambulance",56,1800,2.263888889,50,0.304,0.022638889,0.696,0.293855556,Moderate,3
2629,2 days 03:49:00,"[1, 1, 1, 1]",144,31.6,"55 Bikes, 21 Cars",63,1800,2.0,50,0.368,0.02,0.632,0.3336,High,3
2630,2 days 03:50:00,"[0, 0, 0, 0]",56,39.0,"70 Fire Extinguisher, 17 Vans",59,1800,0.777777778,50,0.22,0.007777778,0.78,0.283111111,Moderate,3
2631,2 days 03:51:00,"[1, 1, 0, 1]",119,41.1,"18 Vans, 96 Cars, 48 Vans, 34 Ambulance",31,1800,1.652777778,50,0.178,0.016527778,0.822,0.166211111,Low,3
2632,2 days 03:52:00,"[0, 0, 0, 1]",180,20.1,"19 Bikes, 17 Vans, 12 Ambulance, 63 Vans",58,1800,2.5,50,0.598,0.025,0.402,0.3616,High,3
2633,2 days 03:53:00,"[0, 1, 1, 0]",102,25.0,"100 Fire Extinguisher, 94 Fire Extinguisher, 80 Vans, 36 Ambulance",34,1800,1.416666667,50,0.5,0.014166667,0.5,0.241666667,Moderate,3
2634,2 days 03:54:00,"[0, 0, 1, 1]",181,41.4,"78 Fire Extinguisher, 81 Patrol, 17 Vans",40,1800,2.513888889,50,0.172,0.025138889,0.828,0.204455556,Moderate,3
2635,2 days 03:55:00,"[0, 1, 1, 1]",107,40.0,"63 Patrol, 11 Cars, 81 Fire Extinguisher",38,1800,1.486111111,50,0.2,0.014861111,0.8,0.197944444,Low,3
2636,2 days 03:56:00,"[0, 1, 0, 1]",139,49.0,"53 Bikes, 74 Bikes",76,1800,1.930555556,50,0.02,0.019305556,0.98,0.315722222,High,3
2637,2 days 03:57:00,"[1, 0, 0, 0]",89,42.8,"75 Cars, 42 Fire Extinguisher, 28 Fire Extinguisher",45,1800,1.236111111,50,0.144,0.012361111,0.856,0.213744444,Moderate,3
2638,2 days 03:58:00,"[1, 1, 1, 1]",117,48.5,"30 Fire Extinguisher, 42 Trucks",76,1800,1.625,50,0.03,0.01625,0.97,0.3165,High,3
2639,2 days 03:59:00,"[0, 0, 0, 0]",134,41.1,"61 Fire Extinguisher, 99 Patrol",59,1800,1.861111111,50,0.178,0.018611111,0.822,0.279044444,Moderate,3
2640,2 days 04:00:00,"[1, 1, 1, 1]",63,28.9,"86 Patrol, 66 Ambulance",62,1800,0.875,50,0.422,0.00875,0.578,0.3359,High,4
2641,2 days 04:01:00,"[1, 1, 1, 1]",57,23.2,"17 Bikes, 54 Fire Extinguisher, 53 Cars",56,1800,0.791666667,50,0.536,0.007916667,0.464,0.334366667,High,4
2642,2 days 04:02:00,"[1, 1, 1, 1]",120,43.5,"34 Cars, 38 Vans",44,1800,1.666666667,50,0.13,0.016666667,0.87,0.208666667,Moderate,4
2643,2 days 04:03:00,"[1, 0, 0, 0]",117,39.3,"21 Trucks, 37 Trucks, 50 Bikes, 38 Bikes",71,1800,1.625,50,0.214,0.01625,0.786,0.3333,High,4
2644,2 days 04:04:00,"[0, 0, 1, 0]",54,21.4,"57 Cars, 12 Ambulance, 71 Cars",85,1800,0.75,50,0.572,0.0075,0.428,0.4574,Very High,4
2645,2 days 04:05:00,"[1, 0, 0, 1]",101,30.8,"83 Bikes, 74 Fire Extinguisher, 15 Ambulance, 22 Ambulance",53,1800,1.402777778,50,0.384,0.014027778,0.616,0.294411111,Moderate,4
2646,2 days 04:06:00,"[1, 1, 0, 1]",151,48.7,"15 Bikes, 49 Bikes",66,1800,2.097222222,50,0.026,0.020972222,0.974,0.277588889,Moderate,4
2647,2 days 04:07:00,"[0, 0, 0, 0]",115,35.0,"77 Patrol, 10 Cars, 70 Patrol, 35 Vans",65,1800,1.597222222,50,0.3,0.015972222,0.7,0.326388889,High,4
2648,2 days 04:08:00,"[1, 0, 0, 0]",96,33.0,"15 Bikes, 96 Trucks",73,1800,1.333333333,50,0.34,0.013333333,0.66,0.365333333,High,4
2649,2 days 04:09:00,"[0, 1, 0, 0]",147,33.7,"44 Cars, 39 Cars, 99 Bikes, 11 Vans",62,1800,2.041666667,50,0.326,0.020416667,0.674,0.321366667,High,4
2650,2 days 04:10:00,"[0, 0, 1, 1]",98,26.3,"70 Trucks, 74 Vans, 97 Cars, 81 Bikes",40,1800,1.361111111,50,0.474,0.013611111,0.526,0.260244444,Moderate,4
2651,2 days 04:11:00,"[0, 1, 0, 1]",105,31.1,"96 Cars, 15 Vans",64,1800,1.458333333,50,0.378,0.014583333,0.622,0.337433333,High,4
2652,2 days 04:12:00,"[0, 0, 1, 1]",82,31.1,"63 Ambulance, 63 Trucks",45,1800,1.138888889,50,0.378,0.011388889,0.622,0.260155556,Moderate,4
2653,2 days 04:13:00,"[0, 0, 1, 0]",134,21.6,"28 Patrol, 38 Vans, 53 Fire Extinguisher",81,1800,1.861111111,50,0.568,0.018611111,0.432,0.445044444,Very High,4
2654,2 days 04:14:00,"[0, 1, 0, 1]",108,43.0,"73 Cars, 83 Bikes",31,1800,1.5,50,0.14,0.015,0.86,0.158,Low,4
2655,2 days 04:15:00,"[1, 1, 1, 0]",152,32.5,"67 Bikes, 34 Vans, 85 Cars, 45 Cars",82,1800,2.111111111,50,0.35,0.021111111,0.65,0.406444444,Very High,4
2656,2 days 04:16:00,"[0, 1, 0, 1]",192,44.7,"64 Cars, 35 Patrol",84,1800,2.666666667,50,0.106,0.026666667,0.894,0.367866667,High,4
2657,2 days 04:17:00,"[1, 0, 1, 1]",62,45.5,"62 Patrol, 69 Cars, 44 Trucks, 15 Fire Extinguisher",58,1800,0.861111111,50,0.09,0.008611111,0.91,0.253444444,Moderate,4
2658,2 days 04:18:00,"[1, 0, 1, 1]",175,26.4,"18 Fire Extinguisher, 39 Patrol",66,1800,2.430555556,50,0.472,0.024305556,0.528,0.368122222,High,4
2659,2 days 04:19:00,"[0, 1, 0, 0]",95,39.7,"24 Vans, 63 Cars, 58 Trucks, 32 Trucks",31,1800,1.319444444,50,0.206,0.013194444,0.794,0.170477778,Low,4
2660,2 days 04:20:00,"[1, 0, 1, 1]",97,34.2,"58 Fire Extinguisher, 39 Cars",43,1800,1.347222222,50,0.316,0.013472222,0.684,0.240588889,Moderate,4
2661,2 days 04:21:00,"[0, 0, 0, 0]",132,46.4,"45 Bikes, 60 Fire Extinguisher, 54 Trucks",43,1800,1.833333333,50,0.072,0.018333333,0.928,0.193733333,Low,4
2662,2 days 04:22:00,"[1, 1, 0, 1]",146,26.5,"18 Patrol, 12 Vans, 11 Ambulance, 50 Cars",81,1800,2.027777778,50,0.47,0.020277778,0.53,0.426111111,Very High,4
2663,2 days 04:23:00,"[1, 0, 0, 0]",100,40.3,"24 Cars, 71 Ambulance, 43 Trucks, 57 Fire Extinguisher",56,1800,1.388888889,50,0.194,0.013888889,0.806,0.268355556,Moderate,4
2664,2 days 04:24:00,"[0, 1, 1, 0]",119,38.2,"47 Vans, 67 Ambulance, 38 Trucks",85,1800,1.652777778,50,0.236,0.016527778,0.764,0.393811111,High,4
2665,2 days 04:25:00,"[1, 0, 0, 0]",191,28.9,"96 Ambulance, 41 Trucks, 25 Fire Extinguisher",67,1800,2.652777778,50,0.422,0.026527778,0.578,0.363011111,High,4
2666,2 days 04:26:00,"[0, 0, 0, 0]",128,24.1,"75 Vans, 34 Cars, 65 Trucks",54,1800,1.777777778,50,0.518,0.017777778,0.482,0.326711111,High,4
2667,2 days 04:27:00,"[1, 0, 0, 0]",117,39.5,"22 Bikes, 53 Cars",75,1800,1.625,50,0.21,0.01625,0.79,0.3485,High,4
2668,2 days 04:28:00,"[0, 1, 1, 0]",80,42.2,"13 Vans, 12 Trucks, 94 Fire Extinguisher, 57 Trucks",32,1800,1.111111111,50,0.156,0.011111111,0.844,0.163644444,Low,4
2669,2 days 04:29:00,"[0, 1, 0, 1]",145,29.5,"76 Ambulance, 67 Vans, 13 Fire Extinguisher, 71 Ambulance",48,1800,2.013888889,50,0.41,0.020138889,0.59,0.282055556,Moderate,4
2670,2 days 04:30:00,"[1, 0, 1, 1]",69,39.3,"33 Ambulance, 92 Ambulance",83,1800,0.958333333,50,0.214,0.009583333,0.786,0.378633333,High,4
2671,2 days 04:31:00,"[1, 1, 0, 0]",76,31.9,"88 Vans, 26 Bikes",56,1800,1.055555556,50,0.362,0.010555556,0.638,0.300622222,High,4
2672,2 days 04:32:00,"[0, 0, 0, 0]",161,41.4,"72 Cars, 27 Bikes, 44 Bikes",33,1800,2.236111111,50,0.172,0.022361111,0.828,0.175344444,Low,4
2673,2 days 04:33:00,"[1, 1, 1, 1]",86,26.0,"55 Vans, 96 Trucks",54,1800,1.194444444,50,0.48,0.011944444,0.52,0.316777778,High,4
2674,2 days 04:34:00,"[1, 1, 1, 1]",116,46.7,"83 Vans, 90 Cars, 44 Cars",90,1800,1.611111111,50,0.066,0.016111111,0.934,0.379644444,High,4
2675,2 days 04:35:00,"[1, 0, 0, 0]",160,28.6,"95 Cars, 93 Fire Extinguisher, 46 Cars, 52 Trucks",39,1800,2.222222222,50,0.428,0.022222222,0.572,0.250488889,Moderate,4
2676,2 days 04:36:00,"[1, 0, 0, 0]",192,31.0,"16 Bikes, 15 Vans",43,1800,2.666666667,50,0.38,0.026666667,0.62,0.258666667,Moderate,4
2677,2 days 04:37:00,"[1, 1, 0, 0]",72,21.7,"66 Patrol, 94 Ambulance",31,1800,1.0,50,0.566,0.01,0.434,0.2412,Moderate,4
2678,2 days 04:38:00,"[0, 0, 0, 0]",60,23.3,"84 Cars, 75 Fire Extinguisher, 46 Ambulance",59,1800,0.833333333,50,0.534,0.008333333,0.466,0.346133333,High,4
2679,2 days 04:39:00,"[0, 0, 0, 1]",129,35.5,"24 Ambulance, 50 Vans, 58 Patrol",79,1800,1.791666667,50,0.29,0.017916667,0.71,0.381166667,High,4
2680,2 days 04:40:00,"[0, 1, 1, 1]",133,28.0,"62 Vans, 88 Bikes, 66 Vans",59,1800,1.847222222,50,0.44,0.018472222,0.56,0.331388889,High,4
2681,2 days 04:41:00,"[0, 0, 1, 0]",144,45.1,"19 Cars, 23 Bikes, 86 Ambulance, 88 Bikes",87,1800,2.0,50,0.098,0.02,0.902,0.3756,High,4
2682,2 days 04:42:00,"[0, 1, 0, 1]",129,20.4,"41 Trucks, 10 Ambulance, 34 Fire Extinguisher",56,1800,1.791666667,50,0.592,0.017916667,0.408,0.349566667,High,4
2683,2 days 04:43:00,"[1, 0, 0, 0]",109,31.4,"63 Cars, 89 Ambulance",88,1800,1.513888889,50,0.372,0.015138889,0.628,0.432455556,Very High,4
2684,2 days 04:44:00,"[1, 0, 1, 1]",127,30.1,"58 Ambulance, 27 Fire Extinguisher, 78 Fire Extinguisher, 10 Ambulance",83,1800,1.763888889,50,0.398,0.017638889,0.602,0.418655556,Very High,4
2685,2 days 04:45:00,"[0, 1, 0, 1]",178,20.6,"35 Cars, 49 Bikes, 41 Patrol, 42 Vans",69,1800,2.472222222,50,0.588,0.024722222,0.412,0.403488889,Very High,4
2686,2 days 04:46:00,"[0, 0, 1, 0]",106,23.7,"77 Vans, 15 Ambulance",36,1800,1.472222222,50,0.526,0.014722222,0.474,0.255088889,Moderate,4
2687,2 days 04:47:00,"[1, 0, 0, 0]",156,32.4,"14 Fire Extinguisher, 58 Vans, 16 Patrol, 97 Cars",37,1800,2.166666667,50,0.352,0.021666667,0.648,0.227066667,Moderate,4
2688,2 days 04:48:00,"[1, 1, 0, 1]",114,34.8,"53 Cars, 38 Cars, 37 Bikes, 23 Ambulance",32,1800,1.583333333,50,0.304,0.015833333,0.696,0.195133333,Low,4
2689,2 days 04:49:00,"[0, 0, 0, 0]",78,32.1,"76 Vans, 93 Fire Extinguisher, 22 Fire Extinguisher",54,1800,1.083333333,50,0.358,0.010833333,0.642,0.291933333,Moderate,4
2690,2 days 04:50:00,"[1, 1, 0, 1]",142,35.9,"63 Ambulance, 57 Vans, 31 Bikes",74,1800,1.972222222,50,0.282,0.019722222,0.718,0.360288889,High,4
2691,2 days 04:51:00,"[1, 0, 1, 0]",112,37.9,"39 Fire Extinguisher, 89 Cars",30,1800,1.555555556,50,0.242,0.015555556,0.758,0.174622222,Low,4
2692,2 days 04:52:00,"[0, 1, 0, 0]",58,20.3,"58 Ambulance, 19 Cars",32,1800,0.805555556,50,0.594,0.008055556,0.406,0.250022222,Moderate,4
2693,2 days 04:53:00,"[1, 0, 1, 1]",146,33.9,"66 Bikes, 15 Fire Extinguisher, 62 Cars, 64 Ambulance",42,1800,2.027777778,50,0.322,0.020277778,0.678,0.240511111,Moderate,4
2694,2 days 04:54:00,"[0, 0, 1, 0]",170,48.9,"47 Ambulance, 48 Fire Extinguisher, 30 Cars, 65 Cars",84,1800,2.361111111,50,0.022,0.023611111,0.978,0.349844444,High,4
2695,2 days 04:55:00,"[1, 1, 1, 0]",80,35.6,"78 Trucks, 20 Ambulance, 63 Vans",73,1800,1.111111111,50,0.288,0.011111111,0.712,0.354044444,High,4
2696,2 days 04:56:00,"[0, 1, 1, 0]",73,40.3,"33 Trucks, 43 Ambulance",69,1800,1.013888889,50,0.194,0.010138889,0.806,0.318855556,High,4
2697,2 days 04:57:00,"[0, 0, 0, 0]",181,29.4,"15 Vans, 84 Fire Extinguisher, 92 Vans, 50 Vans",33,1800,2.513888889,50,0.412,0.025138889,0.588,0.224455556,Moderate,4
2698,2 days 04:58:00,"[0, 0, 0, 1]",119,43.2,"51 Trucks, 88 Fire Extinguisher, 27 Vans",67,1800,1.652777778,50,0.136,0.016527778,0.864,0.301811111,High,4
2699,2 days 04:59:00,"[0, 1, 0, 1]",161,43.2,"21 Cars, 70 Cars, 45 Cars, 42 Bikes",56,1800,2.236111111,50,0.136,0.022361111,0.864,0.260144444,Moderate,4
2700,2 days 05:00:00,"[1, 0, 0, 0]",58,35.6,"15 Vans, 27 Patrol",38,1800,0.805555556,50,0.288,0.008055556,0.712,0.212822222,Moderate,5
2701,2 days 05:01:00,"[0, 1, 0, 1]",135,49.3,"99 Bikes, 14 Cars, 68 Trucks",49,1800,1.875,50,0.014,0.01875,0.986,0.2063,Moderate,5
2702,2 days 05:02:00,"[1, 0, 1, 1]",115,23.8,"21 Trucks, 99 Cars",35,1800,1.597222222,50,0.524,0.015972222,0.476,0.251188889,Moderate,5
2703,2 days 05:03:00,"[0, 1, 1, 0]",133,20.5,"49 Bikes, 31 Patrol, 100 Cars",80,1800,1.847222222,50,0.59,0.018472222,0.41,0.445388889,Very High,5
2704,2 days 05:04:00,"[0, 0, 0, 1]",125,43.1,"44 Bikes, 16 Bikes",87,1800,1.736111111,50,0.138,0.017361111,0.862,0.382544444,High,5
2705,2 days 05:05:00,"[1, 1, 1, 0]",150,44.2,"95 Fire Extinguisher, 67 Bikes, 34 Trucks",76,1800,2.083333333,50,0.116,0.020833333,0.884,0.335533333,High,5
2706,2 days 05:06:00,"[1, 0, 0, 1]",111,23.6,"99 Vans, 54 Fire Extinguisher, 31 Cars",49,1800,1.541666667,50,0.528,0.015416667,0.472,0.307766667,High,5
2707,2 days 05:07:00,"[0, 1, 1, 1]",187,28.0,"68 Bikes, 98 Vans, 28 Fire Extinguisher",43,1800,2.597222222,50,0.44,0.025972222,0.56,0.270388889,Moderate,5
2708,2 days 05:08:00,"[0, 1, 1, 1]",92,20.5,"14 Trucks, 64 Cars, 95 Patrol",53,1800,1.277777778,50,0.59,0.012777778,0.41,0.335111111,High,5
2709,2 days 05:09:00,"[1, 1, 0, 1]",146,28.8,"74 Cars, 41 Patrol, 52 Fire Extinguisher, 94 Vans",56,1800,2.027777778,50,0.424,0.020277778,0.576,0.316911111,High,5
2710,2 days 05:10:00,"[1, 0, 1, 0]",64,43.2,"47 Bikes, 59 Ambulance, 67 Vans",62,1800,0.888888889,50,0.136,0.008888889,0.864,0.278755556,Moderate,5
2711,2 days 05:11:00,"[0, 1, 0, 1]",118,35.5,"34 Vans, 100 Bikes",32,1800,1.638888889,50,0.29,0.016388889,0.71,0.192555556,Low,5
2712,2 days 05:12:00,"[0, 1, 1, 1]",134,30.4,"93 Patrol, 31 Cars, 10 Fire Extinguisher, 21 Bikes",67,1800,1.861111111,50,0.392,0.018611111,0.608,0.353844444,High,5
2713,2 days 05:13:00,"[0, 1, 0, 0]",89,31.2,"60 Ambulance, 28 Vans",78,1800,1.236111111,50,0.376,0.012361111,0.624,0.392144444,High,5
2714,2 days 05:14:00,"[1, 1, 1, 1]",95,20.0,"16 Cars, 39 Trucks",68,1800,1.319444444,50,0.6,0.013194444,0.4,0.397277778,High,5
2715,2 days 05:15:00,"[1, 1, 0, 1]",160,29.0,"73 Ambulance, 32 Bikes, 77 Fire Extinguisher, 19 Ambulance",78,1800,2.222222222,50,0.42,0.022222222,0.58,0.404888889,Very High,5
2716,2 days 05:16:00,"[0, 1, 0, 1]",153,39.4,"79 Ambulance, 80 Patrol, 55 Ambulance, 11 Patrol",44,1800,2.125,50,0.212,0.02125,0.788,0.2269,Moderate,5
2717,2 days 05:17:00,"[0, 1, 1, 1]",98,49.2,"91 Fire Extinguisher, 45 Ambulance, 28 Ambulance, 54 Bikes",68,1800,1.361111111,50,0.016,0.013611111,0.984,0.280644444,Moderate,5
2718,2 days 05:18:00,"[0, 0, 1, 1]",188,45.4,"90 Patrol, 17 Trucks, 62 Vans",85,1800,2.611111111,50,0.092,0.026111111,0.908,0.368844444,High,5
2719,2 days 05:19:00,"[0, 0, 1, 1]",111,20.7,"12 Fire Extinguisher, 87 Trucks",39,1800,1.541666667,50,0.586,0.015416667,0.414,0.279366667,Moderate,5
2720,2 days 05:20:00,"[1, 1, 1, 1]",179,47.0,"61 Cars, 46 Fire Extinguisher, 93 Fire Extinguisher",65,1800,2.486111111,50,0.06,0.024861111,0.94,0.281944444,Moderate,5
2721,2 days 05:21:00,"[0, 0, 0, 0]",119,43.5,"71 Patrol, 24 Patrol",47,1800,1.652777778,50,0.13,0.016527778,0.87,0.220611111,Moderate,5
2722,2 days 05:22:00,"[0, 0, 0, 0]",129,43.4,"49 Ambulance, 21 Cars, 24 Fire Extinguisher, 87 Patrol",89,1800,1.791666667,50,0.132,0.017916667,0.868,0.389566667,High,5
2723,2 days 05:23:00,"[0, 0, 0, 0]",128,33.7,"74 Ambulance, 66 Fire Extinguisher, 70 Ambulance, 47 Ambulance",38,1800,1.777777778,50,0.326,0.017777778,0.674,0.224311111,Moderate,5
2724,2 days 05:24:00,"[0, 1, 0, 1]",193,31.9,"70 Bikes, 70 Patrol, 93 Trucks",63,1800,2.680555556,50,0.362,0.026805556,0.638,0.335122222,High,5
2725,2 days 05:25:00,"[1, 0, 1, 0]",71,29.1,"75 Vans, 41 Trucks, 79 Trucks, 91 Trucks",40,1800,0.986111111,50,0.418,0.009861111,0.582,0.247544444,Moderate,5
2726,2 days 05:26:00,"[0, 1, 0, 1]",167,22.0,"33 Trucks, 75 Vans",81,1800,2.319444444,50,0.56,0.023194444,0.44,0.445277778,Very High,5
2727,2 days 05:27:00,"[1, 0, 0, 1]",112,26.8,"21 Fire Extinguisher, 83 Fire Extinguisher, 27 Vans, 73 Trucks",42,1800,1.555555556,50,0.464,0.015555556,0.536,0.267022222,Moderate,5
2728,2 days 05:28:00,"[0, 1, 1, 0]",72,27.4,"33 Fire Extinguisher, 56 Fire Extinguisher, 31 Fire Extinguisher",82,1800,1.0,50,0.452,0.01,0.548,0.4224,Very High,5
2729,2 days 05:29:00,"[0, 1, 0, 0]",158,34.5,"30 Vans, 53 Bikes",70,1800,2.194444444,50,0.31,0.021944444,0.69,0.350777778,High,5
2730,2 days 05:30:00,"[1, 1, 1, 0]",63,42.4,"77 Patrol, 24 Ambulance, 90 Vans, 23 Ambulance",67,1800,0.875,50,0.152,0.00875,0.848,0.3019,High,5
2731,2 days 05:31:00,"[0, 0, 0, 1]",120,34.2,"27 Bikes, 51 Ambulance, 39 Trucks",44,1800,1.666666667,50,0.316,0.016666667,0.684,0.245866667,Moderate,5
2732,2 days 05:32:00,"[1, 0, 0, 1]",131,21.7,"69 Trucks, 32 Patrol, 100 Trucks, 16 Fire Extinguisher",65,1800,1.819444444,50,0.566,0.018194444,0.434,0.380477778,High,5
2733,2 days 05:33:00,"[1, 0, 0, 1]",127,48.7,"75 Trucks, 44 Fire Extinguisher, 51 Patrol, 64 Ambulance",89,1800,1.763888889,50,0.026,0.017638889,0.974,0.368255556,High,5
2734,2 days 05:34:00,"[0, 0, 0, 0]",143,48.3,"23 Ambulance, 39 Bikes, 21 Bikes, 70 Trucks",66,1800,1.986111111,50,0.034,0.019861111,0.966,0.278744444,Moderate,5
2735,2 days 05:35:00,"[0, 1, 0, 0]",70,43.6,"14 Trucks, 16 Cars, 15 Vans",40,1800,0.972222222,50,0.128,0.009722222,0.872,0.189488889,Low,5
2736,2 days 05:36:00,"[1, 1, 0, 0]",183,49.7,"31 Vans, 24 Patrol",69,1800,2.541666667,50,0.006,0.025416667,0.994,0.287366667,Moderate,5
2737,2 days 05:37:00,"[1, 1, 1, 1]",56,36.3,"83 Cars, 93 Cars, 24 Patrol",83,1800,0.777777778,50,0.274,0.007777778,0.726,0.389911111,High,5
2738,2 days 05:38:00,"[1, 1, 1, 0]",122,48.9,"98 Fire Extinguisher, 37 Ambulance",48,1800,1.694444444,50,0.022,0.016944444,0.978,0.203177778,Moderate,5
2739,2 days 05:39:00,"[0, 0, 1, 1]",155,22.3,"15 Trucks, 76 Fire Extinguisher, 71 Vans, 81 Cars",58,1800,2.152777778,50,0.554,0.021527778,0.446,0.351411111,High,5
2740,2 days 05:40:00,"[1, 1, 1, 0]",160,31.0,"67 Trucks, 47 Fire Extinguisher",59,1800,2.222222222,50,0.38,0.022222222,0.62,0.320888889,High,5
2741,2 days 05:41:00,"[1, 1, 1, 0]",65,26.8,"49 Trucks, 71 Trucks",66,1800,0.902777778,50,0.464,0.009027778,0.536,0.360411111,High,5
2742,2 days 05:42:00,"[1, 1, 0, 1]",60,25.9,"48 Patrol, 15 Ambulance, 60 Fire Extinguisher",45,1800,0.833333333,50,0.482,0.008333333,0.518,0.279733333,Moderate,5
2743,2 days 05:43:00,"[1, 1, 0, 1]",103,24.2,"77 Bikes, 21 Trucks",39,1800,1.430555556,50,0.516,0.014305556,0.484,0.264922222,Moderate,5
2744,2 days 05:44:00,"[1, 0, 1, 1]",82,38.7,"89 Cars, 93 Vans",77,1800,1.138888889,50,0.226,0.011388889,0.774,0.357755556,High,5
2745,2 days 05:45:00,"[1, 0, 1, 0]",181,43.4,"48 Trucks, 46 Cars",36,1800,2.513888889,50,0.132,0.025138889,0.868,0.180455556,Low,5
2746,2 days 05:46:00,"[1, 0, 1, 0]",167,37.3,"41 Bikes, 79 Vans",55,1800,2.319444444,50,0.254,0.023194444,0.746,0.280077778,Moderate,5
2747,2 days 05:47:00,"[0, 1, 0, 1]",95,24.4,"54 Bikes, 73 Bikes, 55 Patrol, 77 Patrol",62,1800,1.319444444,50,0.512,0.013194444,0.488,0.355677778,High,5
2748,2 days 05:48:00,"[1, 0, 0, 0]",193,44.3,"41 Ambulance, 42 Cars, 36 Trucks",66,1800,2.680555556,50,0.114,0.026805556,0.886,0.297522222,Moderate,5
2749,2 days 05:49:00,"[0, 0, 0, 1]",79,39.1,"11 Fire Extinguisher, 85 Fire Extinguisher",79,1800,1.097222222,50,0.218,0.010972222,0.782,0.363988889,High,5
2750,2 days 05:50:00,"[0, 1, 0, 0]",74,31.6,"27 Vans, 20 Bikes, 19 Trucks, 19 Trucks",86,1800,1.027777778,50,0.368,0.010277778,0.632,0.421711111,Very High,5
2751,2 days 05:51:00,"[0, 1, 0, 0]",149,40.2,"41 Patrol, 25 Bikes, 55 Bikes",75,1800,2.069444444,50,0.196,0.020694444,0.804,0.347477778,High,5
2752,2 days 05:52:00,"[0, 1, 1, 0]",89,27.8,"31 Trucks, 95 Patrol",64,1800,1.236111111,50,0.444,0.012361111,0.556,0.349744444,High,5
2753,2 days 05:53:00,"[1, 0, 1, 0]",198,30.4,"84 Fire Extinguisher, 25 Cars, 84 Patrol",43,1800,2.75,50,0.392,0.0275,0.608,0.2614,Moderate,5
2754,2 days 05:54:00,"[0, 1, 0, 0]",136,47.5,"35 Vans, 91 Cars",87,1800,1.888888889,50,0.05,0.018888889,0.95,0.365555556,High,5
2755,2 days 05:55:00,"[0, 0, 0, 0]",183,28.7,"71 Bikes, 57 Patrol",73,1800,2.541666667,50,0.426,0.025416667,0.574,0.387366667,High,5
2756,2 days 05:56:00,"[1, 1, 1, 0]",65,34.1,"100 Vans, 24 Vans, 22 Trucks, 47 Fire Extinguisher",53,1800,0.902777778,50,0.318,0.009027778,0.682,0.279211111,Moderate,5
2757,2 days 05:57:00,"[0, 1, 1, 0]",97,46.7,"10 Ambulance, 41 Vans",55,1800,1.347222222,50,0.066,0.013472222,0.934,0.238588889,Moderate,5
2758,2 days 05:58:00,"[1, 1, 1, 1]",89,41.2,"97 Ambulance, 76 Ambulance, 60 Patrol",31,1800,1.236111111,50,0.176,0.012361111,0.824,0.164144444,Low,5
2759,2 days 05:59:00,"[0, 0, 0, 1]",65,21.9,"94 Patrol, 37 Patrol, 56 Vans",68,1800,0.902777778,50,0.562,0.009027778,0.438,0.388011111,High,5
2760,2 days 06:00:00,"[0, 0, 0, 0]",131,24.4,"97 Ambulance, 31 Cars",77,1800,1.819444444,50,0.512,0.018194444,0.488,0.417677778,Very High,6
2761,2 days 06:01:00,"[0, 0, 0, 0]",167,20.2,"71 Patrol, 39 Ambulance, 91 Patrol",68,1800,2.319444444,50,0.596,0.023194444,0.404,0.400477778,Very High,6
2762,2 days 06:02:00,"[1, 0, 1, 0]",82,38.9,"20 Trucks, 11 Fire Extinguisher",53,1800,1.138888889,50,0.222,0.011388889,0.778,0.260955556,Moderate,6
2763,2 days 06:03:00,"[1, 1, 0, 0]",106,33.4,"50 Patrol, 67 Ambulance, 25 Fire Extinguisher",83,1800,1.472222222,50,0.332,0.014722222,0.668,0.404288889,Very High,6
2764,2 days 06:04:00,"[1, 0, 0, 0]",133,24.0,"10 Vans, 67 Cars, 22 Patrol, 100 Bikes",30,1800,1.847222222,50,0.52,0.018472222,0.48,0.231388889,Moderate,6
2765,2 days 06:05:00,"[1, 0, 1, 0]",79,48.7,"46 Fire Extinguisher, 16 Fire Extinguisher, 96 Bikes, 90 Vans",32,1800,1.097222222,50,0.026,0.010972222,0.974,0.137588889,Low,6
2766,2 days 06:06:00,"[1, 0, 1, 1]",51,35.9,"39 Bikes, 17 Fire Extinguisher, 39 Cars, 30 Ambulance",41,1800,0.708333333,50,0.282,0.007083333,0.718,0.223233333,Moderate,6
2767,2 days 06:07:00,"[0, 1, 1, 1]",159,27.3,"99 Bikes, 52 Vans, 51 Patrol, 90 Trucks",69,1800,2.208333333,50,0.454,0.022083333,0.546,0.375633333,High,6
2768,2 days 06:08:00,"[0, 1, 1, 0]",140,35.0,"14 Bikes, 87 Fire Extinguisher, 35 Patrol",30,1800,1.944444444,50,0.3,0.019444444,0.7,0.187777778,Low,6
2769,2 days 06:09:00,"[0, 0, 0, 0]",176,40.4,"35 Patrol, 24 Ambulance, 65 Bikes",64,1800,2.444444444,50,0.192,0.024444444,0.808,0.304177778,High,6
2770,2 days 06:10:00,"[1, 0, 1, 0]",57,22.3,"50 Vans, 44 Trucks, 42 Cars, 85 Patrol",67,1800,0.791666667,50,0.554,0.007916667,0.446,0.381966667,High,6
2771,2 days 06:11:00,"[0, 1, 1, 1]",190,28.2,"77 Fire Extinguisher, 15 Vans, 97 Patrol, 67 Ambulance",46,1800,2.638888889,50,0.436,0.026388889,0.564,0.281755556,Moderate,6
2772,2 days 06:12:00,"[1, 0, 0, 1]",87,44.2,"49 Ambulance, 100 Fire Extinguisher, 15 Trucks",36,1800,1.208333333,50,0.116,0.012083333,0.884,0.172033333,Low,6
2773,2 days 06:13:00,"[1, 0, 1, 0]",192,33.8,"35 Cars, 33 Cars, 92 Bikes",87,1800,2.666666667,50,0.324,0.026666667,0.676,0.423466667,Very High,6
2774,2 days 06:14:00,"[1, 1, 1, 1]",91,36.4,"10 Vans, 24 Patrol",38,1800,1.263888889,50,0.272,0.012638889,0.728,0.211455556,Moderate,6
2775,2 days 06:15:00,"[1, 0, 1, 0]",65,33.0,"54 Vans, 13 Trucks",83,1800,0.902777778,50,0.34,0.009027778,0.66,0.403611111,Very High,6
2776,2 days 06:16:00,"[1, 1, 1, 1]",198,21.3,"33 Cars, 55 Bikes",50,1800,2.75,50,0.574,0.0275,0.426,0.3258,High,6
2777,2 days 06:17:00,"[0, 0, 0, 1]",157,25.0,"90 Fire Extinguisher, 43 Patrol, 19 Cars",64,1800,2.180555556,50,0.5,0.021805556,0.5,0.364722222,High,6
2778,2 days 06:18:00,"[0, 0, 1, 0]",129,33.4,"46 Patrol, 18 Vans",61,1800,1.791666667,50,0.332,0.017916667,0.668,0.317566667,High,6
2779,2 days 06:19:00,"[1, 0, 1, 1]",85,26.3,"24 Patrol, 30 Fire Extinguisher, 29 Ambulance",83,1800,1.180555556,50,0.474,0.011805556,0.526,0.431522222,Very High,6
2780,2 days 06:20:00,"[0, 1, 0, 1]",60,21.5,"53 Vans, 62 Patrol, 52 Cars, 56 Ambulance",41,1800,0.833333333,50,0.57,0.008333333,0.43,0.281333333,Moderate,6
2781,2 days 06:21:00,"[0, 1, 0, 1]",73,45.3,"29 Bikes, 30 Ambulance, 68 Fire Extinguisher, 100 Trucks",74,1800,1.013888889,50,0.094,0.010138889,0.906,0.318855556,High,6
2782,2 days 06:22:00,"[1, 1, 1, 1]",100,49.4,"92 Fire Extinguisher, 29 Bikes",33,1800,1.388888889,50,0.012,0.013888889,0.988,0.139955556,Low,6
2783,2 days 06:23:00,"[0, 0, 1, 1]",182,43.8,"73 Trucks, 42 Fire Extinguisher, 50 Trucks, 25 Bikes",64,1800,2.527777778,50,0.124,0.025277778,0.876,0.290911111,Moderate,6
2784,2 days 06:24:00,"[0, 1, 1, 0]",120,45.6,"26 Trucks, 50 Patrol",47,1800,1.666666667,50,0.088,0.016666667,0.912,0.212266667,Moderate,6
2785,2 days 06:25:00,"[1, 0, 1, 1]",161,27.3,"53 Cars, 31 Vans, 72 Trucks",71,1800,2.236111111,50,0.454,0.022361111,0.546,0.383744444,High,6
2786,2 days 06:26:00,"[1, 1, 0, 0]",127,48.8,"41 Patrol, 97 Ambulance, 26 Fire Extinguisher, 81 Fire Extinguisher",37,1800,1.763888889,50,0.024,0.017638889,0.976,0.159855556,Low,6
2787,2 days 06:27:00,"[1, 1, 1, 1]",112,25.9,"39 Vans, 21 Trucks, 64 Vans",59,1800,1.555555556,50,0.482,0.015555556,0.518,0.338622222,High,6
2788,2 days 06:28:00,"[0, 1, 0, 1]",183,48.5,"97 Cars, 18 Vans",57,1800,2.541666667,50,0.03,0.025416667,0.97,0.244166667,Moderate,6
2789,2 days 06:29:00,"[0, 0, 1, 1]",101,49.8,"82 Vans, 29 Vans, 66 Fire Extinguisher, 29 Cars",84,1800,1.402777778,50,0.004,0.014027778,0.996,0.342411111,High,6
2790,2 days 06:30:00,"[1, 1, 0, 1]",112,41.4,"86 Ambulance, 20 Trucks",78,1800,1.555555556,50,0.172,0.015555556,0.828,0.352622222,High,6
2791,2 days 06:31:00,"[0, 0, 0, 0]",125,49.4,"23 Trucks, 61 Cars",33,1800,1.736111111,50,0.012,0.017361111,0.988,0.141344444,Low,6
2792,2 days 06:32:00,"[0, 0, 0, 1]",188,37.1,"68 Cars, 13 Cars, 20 Fire Extinguisher, 29 Bikes",82,1800,2.611111111,50,0.258,0.026111111,0.742,0.390044444,High,6
2793,2 days 06:33:00,"[0, 1, 0, 1]",118,27.8,"98 Cars, 86 Vans, 52 Fire Extinguisher, 61 Vans",82,1800,1.638888889,50,0.444,0.016388889,0.556,0.423355556,Very High,6
2794,2 days 06:34:00,"[0, 0, 0, 1]",155,33.1,"93 Cars, 84 Cars, 74 Trucks",81,1800,2.152777778,50,0.338,0.021527778,0.662,0.400211111,Very High,6
2795,2 days 06:35:00,"[1, 1, 0, 1]",66,37.8,"43 Cars, 49 Patrol, 74 Ambulance, 73 Ambulance",50,1800,0.916666667,50,0.244,0.009166667,0.756,0.252466667,Moderate,6
2796,2 days 06:36:00,"[0, 0, 1, 1]",192,22.2,"67 Trucks, 18 Ambulance, 70 Ambulance, 32 Ambulance",36,1800,2.666666667,50,0.556,0.026666667,0.444,0.265866667,Moderate,6
2797,2 days 06:37:00,"[0, 1, 1, 1]",177,38.7,"33 Cars, 92 Fire Extinguisher",66,1800,2.458333333,50,0.226,0.024583333,0.774,0.319033333,High,6
2798,2 days 06:38:00,"[0, 1, 1, 1]",168,49.4,"27 Fire Extinguisher, 36 Fire Extinguisher",84,1800,2.333333333,50,0.012,0.023333333,0.988,0.347733333,High,6
2799,2 days 06:39:00,"[0, 0, 1, 0]",177,25.7,"90 Bikes, 46 Patrol, 81 Fire Extinguisher",67,1800,2.458333333,50,0.486,0.024583333,0.514,0.375033333,High,6
2800,2 days 06:40:00,"[1, 0, 1, 1]",69,43.8,"56 Ambulance, 31 Vans, 97 Bikes, 96 Bikes",83,1800,0.958333333,50,0.124,0.009583333,0.876,0.360633333,High,6
2801,2 days 06:41:00,"[0, 1, 1, 1]",56,47.2,"85 Cars, 33 Trucks, 44 Ambulance",87,1800,0.777777778,50,0.056,0.007777778,0.944,0.362311111,High,6
2802,2 days 06:42:00,"[1, 0, 1, 1]",61,48.3,"46 Patrol, 49 Trucks, 43 Fire Extinguisher",53,1800,0.847222222,50,0.034,0.008472222,0.966,0.222188889,Moderate,6
2803,2 days 06:43:00,"[1, 1, 0, 1]",110,48.8,"29 Cars, 56 Fire Extinguisher",76,1800,1.527777778,50,0.024,0.015277778,0.976,0.314911111,High,6
2804,2 days 06:44:00,"[0, 1, 0, 1]",122,35.6,"39 Patrol, 52 Bikes, 26 Trucks",41,1800,1.694444444,50,0.288,0.016944444,0.712,0.228377778,Moderate,6
2805,2 days 06:45:00,"[1, 0, 1, 0]",79,49.3,"79 Ambulance, 97 Cars, 11 Vans, 20 Vans",66,1800,1.097222222,50,0.014,0.010972222,0.986,0.271188889,Moderate,6
2806,2 days 06:46:00,"[0, 0, 1, 0]",57,42.7,"88 Trucks, 86 Trucks, 21 Ambulance",68,1800,0.791666667,50,0.146,0.007916667,0.854,0.304366667,High,6
2807,2 days 06:47:00,"[0, 0, 1, 0]",184,24.9,"88 Patrol, 47 Vans, 52 Patrol",45,1800,2.555555556,50,0.502,0.025555556,0.498,0.290622222,Moderate,6
2808,2 days 06:48:00,"[0, 1, 0, 0]",90,34.3,"42 Cars, 34 Ambulance, 24 Fire Extinguisher, 63 Vans",61,1800,1.25,50,0.314,0.0125,0.686,0.3118,High,6
2809,2 days 06:49:00,"[0, 1, 0, 1]",58,41.5,"31 Ambulance, 45 Fire Extinguisher, 51 Cars, 91 Cars",77,1800,0.805555556,50,0.17,0.008055556,0.83,0.345222222,High,6
2810,2 days 06:50:00,"[0, 1, 0, 1]",115,27.4,"35 Trucks, 63 Ambulance",54,1800,1.597222222,50,0.452,0.015972222,0.548,0.312788889,High,6
2811,2 days 06:51:00,"[1, 0, 0, 1]",165,39.2,"14 Patrol, 51 Trucks, 50 Bikes",38,1800,2.291666667,50,0.216,0.022916667,0.784,0.204366667,Moderate,6
2812,2 days 06:52:00,"[0, 0, 0, 1]",180,40.0,"96 Bikes, 90 Vans",46,1800,2.5,50,0.2,0.025,0.8,0.234,Moderate,6
2813,2 days 06:53:00,"[1, 1, 1, 1]",96,24.9,"27 Ambulance, 99 Patrol",65,1800,1.333333333,50,0.502,0.013333333,0.498,0.365733333,High,6
2814,2 days 06:54:00,"[1, 1, 0, 0]",50,37.0,"22 Cars, 11 Fire Extinguisher, 29 Cars, 15 Ambulance",84,1800,0.694444444,50,0.26,0.006944444,0.74,0.390777778,High,6
2815,2 days 06:55:00,"[1, 0, 0, 1]",141,43.1,"38 Fire Extinguisher, 76 Trucks, 12 Bikes",37,1800,1.958333333,50,0.138,0.019583333,0.862,0.183433333,Low,6
2816,2 days 06:56:00,"[0, 0, 1, 0]",79,35.0,"23 Vans, 94 Cars",61,1800,1.097222222,50,0.3,0.010972222,0.7,0.308388889,High,6
2817,2 days 06:57:00,"[0, 0, 1, 0]",164,20.4,"91 Patrol, 67 Vans, 40 Fire Extinguisher, 57 Patrol",90,1800,2.277777778,50,0.592,0.022777778,0.408,0.487511111,Very High,6
2818,2 days 06:58:00,"[0, 0, 1, 0]",87,20.3,"45 Ambulance, 89 Bikes, 51 Bikes",30,1800,1.208333333,50,0.594,0.012083333,0.406,0.243633333,Moderate,6
2819,2 days 06:59:00,"[0, 0, 1, 0]",130,30.7,"40 Trucks, 28 Trucks",71,1800,1.805555556,50,0.386,0.018055556,0.614,0.368422222,High,6
2820,2 days 07:00:00,"[0, 1, 0, 1]",129,47.8,"64 Bikes, 84 Trucks",42,1800,1.791666667,50,0.044,0.017916667,0.956,0.183966667,Low,7
2821,2 days 07:01:00,"[1, 0, 1, 0]",167,26.9,"81 Fire Extinguisher, 75 Ambulance",44,1800,2.319444444,50,0.462,0.023194444,0.538,0.277677778,Moderate,7
2822,2 days 07:02:00,"[0, 0, 0, 0]",62,39.0,"83 Vans, 62 Cars, 36 Ambulance",54,1800,0.861111111,50,0.22,0.008611111,0.78,0.263444444,Moderate,7
2823,2 days 07:03:00,"[1, 1, 1, 1]",121,26.7,"77 Bikes, 98 Vans, 39 Trucks",86,1800,1.680555556,50,0.466,0.016805556,0.534,0.443922222,Very High,7
2824,2 days 07:04:00,"[0, 0, 1, 0]",109,29.7,"77 Patrol, 95 Ambulance, 55 Bikes, 51 Bikes",83,1800,1.513888889,50,0.406,0.015138889,0.594,0.419255556,Very High,7
2825,2 days 07:05:00,"[0, 0, 1, 0]",120,45.4,"69 Trucks, 28 Cars, 41 Trucks, 18 Fire Extinguisher",83,1800,1.666666667,50,0.092,0.016666667,0.908,0.357066667,High,7
2826,2 days 07:06:00,"[1, 1, 1, 1]",99,41.9,"80 Ambulance, 81 Bikes",88,1800,1.375,50,0.162,0.01375,0.838,0.3899,High,7
2827,2 days 07:07:00,"[0, 0, 1, 0]",136,22.9,"72 Trucks, 64 Vans, 25 Trucks",43,1800,1.888888889,50,0.542,0.018888889,0.458,0.287955556,Moderate,7
2828,2 days 07:08:00,"[0, 0, 0, 1]",193,32.9,"60 Patrol, 71 Bikes",87,1800,2.680555556,50,0.342,0.026805556,0.658,0.427122222,Very High,7
2829,2 days 07:09:00,"[0, 0, 0, 1]",138,20.9,"73 Fire Extinguisher, 32 Bikes, 50 Trucks, 68 Fire Extinguisher",30,1800,1.916666667,50,0.582,0.019166667,0.418,0.244066667,Moderate,7
2830,2 days 07:10:00,"[1, 0, 1, 1]",54,34.4,"85 Ambulance, 50 Ambulance, 94 Bikes",39,1800,0.75,50,0.312,0.0075,0.688,0.2214,Moderate,7
2831,2 days 07:11:00,"[1, 0, 0, 0]",121,39.9,"37 Bikes, 90 Ambulance, 76 Bikes, 72 Trucks",44,1800,1.680555556,50,0.202,0.016805556,0.798,0.223122222,Moderate,7
2832,2 days 07:12:00,"[0, 0, 0, 1]",58,23.6,"73 Fire Extinguisher, 54 Fire Extinguisher, 50 Trucks, 87 Trucks",62,1800,0.805555556,50,0.528,0.008055556,0.472,0.356822222,High,7
2833,2 days 07:13:00,"[1, 0, 0, 1]",78,28.7,"55 Trucks, 63 Fire Extinguisher, 82 Vans",86,1800,1.083333333,50,0.426,0.010833333,0.574,0.433533333,Very High,7
2834,2 days 07:14:00,"[0, 1, 1, 1]",162,31.9,"82 Fire Extinguisher, 14 Vans, 59 Patrol",49,1800,2.25,50,0.362,0.0225,0.638,0.2774,Moderate,7
2835,2 days 07:15:00,"[0, 0, 1, 0]",92,47.6,"79 Patrol, 20 Patrol",86,1800,1.277777778,50,0.048,0.012777778,0.952,0.358711111,High,7
2836,2 days 07:16:00,"[1, 0, 0, 1]",176,49.8,"56 Bikes, 28 Cars, 76 Patrol, 73 Ambulance",55,1800,2.444444444,50,0.004,0.024444444,0.996,0.230577778,Moderate,7
2837,2 days 07:17:00,"[0, 0, 1, 1]",142,21.3,"58 Vans, 30 Trucks, 21 Patrol",56,1800,1.972222222,50,0.574,0.019722222,0.426,0.346688889,High,7
2838,2 days 07:18:00,"[1, 0, 0, 0]",193,42.8,"41 Fire Extinguisher, 54 Fire Extinguisher",76,1800,2.680555556,50,0.144,0.026805556,0.856,0.343522222,High,7
2839,2 days 07:19:00,"[1, 1, 0, 1]",148,31.2,"16 Bikes, 66 Vans",78,1800,2.055555556,50,0.376,0.020555556,0.624,0.395422222,High,7
2840,2 days 07:20:00,"[0, 0, 1, 0]",161,31.8,"29 Fire Extinguisher, 51 Patrol, 27 Vans",31,1800,2.236111111,50,0.364,0.022361111,0.636,0.205744444,Moderate,7
2841,2 days 07:21:00,"[1, 0, 0, 0]",97,42.6,"42 Ambulance, 65 Vans, 95 Ambulance, 47 Fire Extinguisher",45,1800,1.347222222,50,0.148,0.013472222,0.852,0.214988889,Moderate,7
2842,2 days 07:22:00,"[1, 0, 1, 0]",161,47.6,"100 Vans, 73 Patrol",81,1800,2.236111111,50,0.048,0.022361111,0.952,0.342544444,High,7
2843,2 days 07:23:00,"[0, 1, 0, 1]",56,48.5,"97 Fire Extinguisher, 49 Trucks",85,1800,0.777777778,50,0.03,0.007777778,0.97,0.349111111,High,7
2844,2 days 07:24:00,"[1, 1, 0, 1]",76,37.3,"29 Vans, 95 Bikes, 22 Fire Extinguisher",85,1800,1.055555556,50,0.254,0.010555556,0.746,0.395022222,High,7
2845,2 days 07:25:00,"[1, 1, 0, 1]",78,30.7,"96 Fire Extinguisher, 61 Cars, 18 Vans, 18 Cars",75,1800,1.083333333,50,0.386,0.010833333,0.614,0.381533333,High,7
2846,2 days 07:26:00,"[0, 1, 1, 1]",59,43.6,"88 Ambulance, 10 Vans, 15 Cars",47,1800,0.819444444,50,0.128,0.008194444,0.872,0.216877778,Moderate,7
2847,2 days 07:27:00,"[0, 0, 1, 0]",83,27.5,"44 Ambulance, 60 Cars",60,1800,1.152777778,50,0.45,0.011527778,0.55,0.334611111,High,7
2848,2 days 07:28:00,"[1, 0, 0, 0]",79,36.9,"65 Trucks, 26 Ambulance, 38 Ambulance, 99 Ambulance",54,1800,1.097222222,50,0.262,0.010972222,0.738,0.272788889,Moderate,7
2849,2 days 07:29:00,"[1, 0, 1, 1]",176,30.8,"91 Trucks, 56 Patrol, 37 Cars",44,1800,2.444444444,50,0.384,0.024444444,0.616,0.262577778,Moderate,7
2850,2 days 07:30:00,"[0, 0, 1, 1]",76,39.7,"96 Fire Extinguisher, 88 Bikes, 12 Vans, 51 Cars",55,1800,1.055555556,50,0.206,0.010555556,0.794,0.265422222,Moderate,7
2851,2 days 07:31:00,"[1, 1, 0, 1]",134,27.2,"46 Patrol, 52 Ambulance",47,1800,1.861111111,50,0.456,0.018611111,0.544,0.286644444,Moderate,7
2852,2 days 07:32:00,"[0, 1, 1, 0]",149,25.7,"22 Ambulance, 39 Vans",57,1800,2.069444444,50,0.486,0.020694444,0.514,0.333477778,High,7
2853,2 days 07:33:00,"[0, 1, 0, 0]",93,47.5,"49 Bikes, 21 Ambulance, 85 Vans",52,1800,1.291666667,50,0.05,0.012916667,0.95,0.223166667,Moderate,7
2854,2 days 07:34:00,"[0, 1, 1, 0]",119,23.1,"97 Ambulance, 37 Ambulance, 24 Cars, 82 Ambulance",68,1800,1.652777778,50,0.538,0.016527778,0.462,0.386211111,High,7
2855,2 days 07:35:00,"[1, 1, 0, 1]",112,35.2,"67 Ambulance, 93 Fire Extinguisher, 13 Ambulance",41,1800,1.555555556,50,0.296,0.015555556,0.704,0.229422222,Moderate,7
2856,2 days 07:36:00,"[1, 0, 0, 0]",161,26.6,"51 Ambulance, 21 Patrol, 52 Patrol, 92 Patrol",52,1800,2.236111111,50,0.468,0.022361111,0.532,0.310544444,High,7
2857,2 days 07:37:00,"[0, 1, 1, 0]",126,21.2,"43 Fire Extinguisher, 97 Ambulance",89,1800,1.75,50,0.576,0.0175,0.424,0.4782,Very High,7
2858,2 days 07:38:00,"[0, 1, 1, 0]",137,21.1,"19 Cars, 29 Fire Extinguisher, 73 Ambulance",85,1800,1.902777778,50,0.578,0.019027778,0.422,0.463211111,Very High,7
2859,2 days 07:39:00,"[1, 1, 1, 0]",60,25.3,"94 Cars, 62 Patrol",87,1800,0.833333333,50,0.494,0.008333333,0.506,0.450133333,Very High,7
2860,2 days 07:40:00,"[0, 0, 1, 1]",81,46.0,"68 Patrol, 85 Bikes, 76 Bikes",42,1800,1.125,50,0.08,0.01125,0.92,0.1885,Low,7
2861,2 days 07:41:00,"[0, 0, 0, 1]",142,28.5,"66 Cars, 87 Bikes, 65 Fire Extinguisher, 53 Trucks",33,1800,1.972222222,50,0.43,0.019722222,0.57,0.225888889,Moderate,7
2862,2 days 07:42:00,"[0, 0, 0, 1]",113,48.5,"48 Cars, 91 Ambulance, 63 Bikes, 37 Vans",40,1800,1.569444444,50,0.03,0.015694444,0.97,0.172277778,Low,7
2863,2 days 07:43:00,"[1, 1, 1, 0]",182,37.4,"89 Trucks, 64 Patrol",87,1800,2.527777778,50,0.252,0.025277778,0.748,0.408511111,Very High,7
2864,2 days 07:44:00,"[0, 0, 1, 1]",101,33.1,"93 Bikes, 49 Patrol, 34 Ambulance, 39 Cars",39,1800,1.402777778,50,0.338,0.014027778,0.662,0.229211111,Moderate,7
2865,2 days 07:45:00,"[1, 1, 1, 1]",152,37.4,"99 Vans, 27 Vans, 11 Bikes",70,1800,2.111111111,50,0.252,0.021111111,0.748,0.338844444,High,7
2866,2 days 07:46:00,"[0, 0, 1, 1]",173,35.5,"34 Patrol, 53 Vans, 68 Bikes",36,1800,2.402777778,50,0.29,0.024027778,0.71,0.211611111,Moderate,7
2867,2 days 07:47:00,"[1, 1, 0, 0]",93,42.8,"27 Cars, 86 Fire Extinguisher",47,1800,1.291666667,50,0.144,0.012916667,0.856,0.221966667,Moderate,7
2868,2 days 07:48:00,"[1, 0, 1, 0]",74,28.5,"83 Bikes, 77 Ambulance, 91 Fire Extinguisher, 54 Patrol",71,1800,1.027777778,50,0.43,0.010277778,0.57,0.374111111,High,7
2869,2 days 07:49:00,"[1, 0, 1, 0]",157,30.6,"90 Fire Extinguisher, 59 Cars",62,1800,2.180555556,50,0.388,0.021805556,0.612,0.334322222,High,7
2870,2 days 07:50:00,"[1, 1, 1, 0]",120,46.8,"58 Cars, 17 Patrol, 86 Bikes",83,1800,1.666666667,50,0.064,0.016666667,0.936,0.351466667,High,7
2871,2 days 07:51:00,"[0, 1, 1, 0]",66,48.4,"75 Cars, 93 Trucks, 68 Bikes, 41 Ambulance",30,1800,0.916666667,50,0.032,0.009166667,0.968,0.130066667,Low,7
2872,2 days 07:52:00,"[0, 1, 0, 0]",79,46.8,"19 Patrol, 82 Vans",74,1800,1.097222222,50,0.064,0.010972222,0.936,0.313188889,High,7
2873,2 days 07:53:00,"[1, 0, 0, 0]",176,32.6,"57 Cars, 97 Vans",72,1800,2.444444444,50,0.348,0.024444444,0.652,0.367377778,High,7
2874,2 days 07:54:00,"[0, 0, 1, 0]",120,43.4,"20 Cars, 34 Vans",48,1800,1.666666667,50,0.132,0.016666667,0.868,0.225066667,Moderate,7
2875,2 days 07:55:00,"[0, 0, 1, 0]",180,34.3,"54 Ambulance, 66 Bikes, 32 Vans, 35 Bikes",43,1800,2.5,50,0.314,0.025,0.686,0.2448,Moderate,7
2876,2 days 07:56:00,"[1, 1, 1, 0]",75,34.9,"69 Ambulance, 71 Fire Extinguisher",56,1800,1.041666667,50,0.302,0.010416667,0.698,0.288566667,Moderate,7
2877,2 days 07:57:00,"[1, 1, 1, 0]",105,26.1,"40 Trucks, 20 Fire Extinguisher",69,1800,1.458333333,50,0.478,0.014583333,0.522,0.377433333,High,7
2878,2 days 07:58:00,"[0, 0, 1, 1]",151,37.7,"31 Bikes, 51 Fire Extinguisher",82,1800,2.097222222,50,0.246,0.020972222,0.754,0.385588889,High,7
2879,2 days 07:59:00,"[1, 0, 0, 0]",172,25.6,"90 Fire Extinguisher, 96 Ambulance, 18 Fire Extinguisher",82,1800,2.388888889,50,0.488,0.023888889,0.512,0.435155556,Very High,7
2880,2 days 08:00:00,"[1, 1, 0, 1]",115,29.9,"94 Bikes, 75 Patrol, 21 Patrol, 81 Bikes",46,1800,1.597222222,50,0.402,0.015972222,0.598,0.270788889,Moderate,8
2881,2 days 08:01:00,"[1, 0, 1, 0]",89,45.7,"85 Patrol, 31 Cars",64,1800,1.236111111,50,0.086,0.012361111,0.914,0.278144444,Moderate,8
2882,2 days 08:02:00,"[0, 0, 1, 1]",106,26.2,"64 Vans, 16 Trucks",81,1800,1.472222222,50,0.476,0.014722222,0.524,0.425088889,Very High,8
2883,2 days 08:03:00,"[1, 0, 1, 0]",74,22.1,"76 Vans, 86 Patrol, 36 Patrol, 100 Patrol",65,1800,1.027777778,50,0.558,0.010277778,0.442,0.375711111,High,8
2884,2 days 08:04:00,"[0, 1, 1, 1]",121,22.1,"73 Fire Extinguisher, 82 Bikes, 71 Cars, 69 Cars",37,1800,1.680555556,50,0.558,0.016805556,0.442,0.266322222,Moderate,8
2885,2 days 08:05:00,"[0, 0, 1, 0]",126,48.2,"52 Bikes, 99 Bikes",48,1800,1.75,50,0.036,0.0175,0.964,0.2062,Moderate,8
2886,2 days 08:06:00,"[0, 1, 0, 1]",123,35.2,"42 Bikes, 68 Ambulance, 98 Fire Extinguisher",66,1800,1.708333333,50,0.296,0.017083333,0.704,0.330033333,High,8
2887,2 days 08:07:00,"[1, 1, 1, 0]",151,32.3,"36 Trucks, 33 Vans, 40 Ambulance, 62 Bikes",72,1800,2.097222222,50,0.354,0.020972222,0.646,0.367188889,High,8
2888,2 days 08:08:00,"[0, 0, 1, 0]",103,44.3,"70 Fire Extinguisher, 89 Trucks, 57 Fire Extinguisher, 17 Bikes",83,1800,1.430555556,50,0.114,0.014305556,0.886,0.360522222,High,8
2889,2 days 08:09:00,"[0, 1, 1, 1]",179,45.1,"46 Fire Extinguisher, 52 Ambulance, 90 Fire Extinguisher, 75 Fire Extinguisher",68,1800,2.486111111,50,0.098,0.024861111,0.902,0.301544444,High,8
2890,2 days 08:10:00,"[1, 0, 0, 0]",99,30.0,"90 Vans, 25 Patrol, 21 Patrol",88,1800,1.375,50,0.4,0.01375,0.6,0.4375,Very High,8
2891,2 days 08:11:00,"[0, 0, 1, 1]",143,40.8,"50 Ambulance, 22 Patrol, 93 Ambulance",77,1800,1.986111111,50,0.184,0.019861111,0.816,0.352744444,High,8
2892,2 days 08:12:00,"[1, 0, 0, 1]",160,43.1,"52 Bikes, 43 Cars, 13 Patrol, 74 Ambulance",76,1800,2.222222222,50,0.138,0.022222222,0.862,0.340488889,High,8
2893,2 days 08:13:00,"[1, 1, 0, 0]",148,39.6,"75 Ambulance, 37 Ambulance",57,1800,2.055555556,50,0.208,0.020555556,0.792,0.277822222,Moderate,8
2894,2 days 08:14:00,"[0, 0, 1, 0]",148,24.5,"14 Bikes, 83 Fire Extinguisher, 82 Trucks",74,1800,2.055555556,50,0.51,0.020555556,0.49,0.406222222,Very High,8
2895,2 days 08:15:00,"[0, 0, 1, 0]",146,46.3,"25 Fire Extinguisher, 73 Bikes, 11 Bikes, 92 Patrol",90,1800,2.027777778,50,0.074,0.020277778,0.926,0.382911111,High,8
2896,2 days 08:16:00,"[0, 0, 0, 1]",58,36.2,"61 Patrol, 81 Bikes, 17 Bikes, 22 Vans",71,1800,0.805555556,50,0.276,0.008055556,0.724,0.342422222,High,8
2897,2 days 08:17:00,"[1, 1, 0, 1]",50,28.5,"69 Trucks, 12 Vans, 95 Trucks, 18 Cars",57,1800,0.694444444,50,0.43,0.006944444,0.57,0.316777778,High,8
2898,2 days 08:18:00,"[0, 0, 1, 0]",105,32.8,"100 Ambulance, 33 Ambulance, 74 Fire Extinguisher, 61 Ambulance",65,1800,1.458333333,50,0.344,0.014583333,0.656,0.334633333,High,8
2899,2 days 08:19:00,"[0, 0, 1, 1]",75,21.1,"69 Vans, 60 Ambulance, 12 Vans, 100 Trucks",31,1800,1.041666667,50,0.578,0.010416667,0.422,0.243766667,Moderate,8
2900,2 days 08:20:00,"[0, 0, 0, 0]",138,23.8,"98 Bikes, 85 Fire Extinguisher, 76 Bikes",89,1800,1.916666667,50,0.524,0.019166667,0.476,0.468466667,Very High,8
2901,2 days 08:21:00,"[1, 1, 1, 0]",164,43.0,"26 Patrol, 19 Patrol, 59 Bikes",38,1800,2.277777778,50,0.14,0.022777778,0.86,0.189111111,Low,8
2902,2 days 08:22:00,"[1, 0, 0, 1]",66,20.0,"89 Cars, 10 Patrol, 29 Patrol",90,1800,0.916666667,50,0.6,0.009166667,0.4,0.483666667,Very High,8
2903,2 days 08:23:00,"[1, 1, 1, 0]",151,32.5,"46 Fire Extinguisher, 53 Fire Extinguisher, 25 Bikes",72,1800,2.097222222,50,0.35,0.020972222,0.65,0.366388889,High,8
2904,2 days 08:24:00,"[1, 0, 0, 1]",175,35.7,"85 Bikes, 50 Cars, 31 Cars",39,1800,2.430555556,50,0.286,0.024305556,0.714,0.222922222,Moderate,8
2905,2 days 08:25:00,"[1, 0, 1, 1]",66,21.6,"22 Fire Extinguisher, 87 Vans, 96 Fire Extinguisher, 51 Bikes",78,1800,0.916666667,50,0.568,0.009166667,0.432,0.429266667,Very High,8
2906,2 days 08:26:00,"[0, 1, 1, 0]",154,49.2,"23 Fire Extinguisher, 14 Cars, 46 Trucks, 98 Fire Extinguisher",40,1800,2.138888889,50,0.016,0.021388889,0.984,0.171755556,Low,8
2907,2 days 08:27:00,"[0, 0, 1, 0]",137,26.8,"32 Patrol, 33 Cars, 35 Bikes",46,1800,1.902777778,50,0.464,0.019027778,0.536,0.284411111,Moderate,8
2908,2 days 08:28:00,"[0, 1, 1, 1]",131,29.1,"48 Patrol, 54 Fire Extinguisher",30,1800,1.819444444,50,0.418,0.018194444,0.582,0.210877778,Moderate,8
2909,2 days 08:29:00,"[0, 0, 0, 0]",157,29.1,"92 Ambulance, 43 Cars, 97 Ambulance",74,1800,2.180555556,50,0.418,0.021805556,0.582,0.388322222,High,8
2910,2 days 08:30:00,"[1, 0, 0, 1]",65,26.9,"89 Bikes, 36 Vans, 84 Vans",77,1800,0.902777778,50,0.462,0.009027778,0.538,0.404011111,Very High,8
2911,2 days 08:31:00,"[1, 1, 1, 0]",146,20.0,"74 Trucks, 67 Vans, 12 Vans",76,1800,2.027777778,50,0.6,0.020277778,0.4,0.432111111,Very High,8
2912,2 days 08:32:00,"[0, 1, 0, 1]",177,41.9,"38 Ambulance, 51 Patrol, 21 Bikes, 95 Fire Extinguisher",79,1800,2.458333333,50,0.162,0.024583333,0.838,0.358233333,High,8
2913,2 days 08:33:00,"[0, 0, 1, 0]",132,49.0,"26 Fire Extinguisher, 82 Vans",90,1800,1.833333333,50,0.02,0.018333333,0.98,0.371333333,High,8
2914,2 days 08:34:00,"[1, 1, 0, 1]",112,26.7,"73 Fire Extinguisher, 20 Fire Extinguisher, 74 Bikes, 80 Ambulance",50,1800,1.555555556,50,0.466,0.015555556,0.534,0.299422222,Moderate,8
2915,2 days 08:35:00,"[0, 0, 0, 1]",167,39.9,"38 Vans, 80 Cars",75,1800,2.319444444,50,0.202,0.023194444,0.798,0.349677778,High,8
2916,2 days 08:36:00,"[0, 1, 0, 1]",158,42.3,"26 Bikes, 34 Fire Extinguisher",71,1800,2.194444444,50,0.154,0.021944444,0.846,0.323577778,High,8
2917,2 days 08:37:00,"[1, 1, 0, 1]",120,45.5,"45 Vans, 94 Fire Extinguisher",54,1800,1.666666667,50,0.09,0.016666667,0.91,0.240666667,Moderate,8
2918,2 days 08:38:00,"[1, 0, 1, 0]",150,32.7,"12 Ambulance, 75 Cars, 67 Fire Extinguisher",70,1800,2.083333333,50,0.346,0.020833333,0.654,0.357533333,High,8
2919,2 days 08:39:00,"[1, 0, 0, 1]",114,29.1,"83 Vans, 12 Fire Extinguisher, 68 Ambulance, 92 Patrol",47,1800,1.583333333,50,0.418,0.015833333,0.582,0.277933333,Moderate,8
2920,2 days 08:40:00,"[1, 0, 1, 1]",116,29.8,"79 Ambulance, 63 Bikes, 33 Fire Extinguisher",40,1800,1.611111111,50,0.404,0.016111111,0.596,0.247244444,Moderate,8
2921,2 days 08:41:00,"[0, 1, 0, 1]",66,41.4,"67 Patrol, 76 Ambulance",80,1800,0.916666667,50,0.172,0.009166667,0.828,0.358066667,High,8
2922,2 days 08:42:00,"[0, 0, 1, 0]",77,44.5,"57 Fire Extinguisher, 45 Vans",79,1800,1.069444444,50,0.11,0.010694444,0.89,0.342277778,High,8
2923,2 days 08:43:00,"[0, 0, 1, 0]",151,25.4,"77 Vans, 54 Vans, 31 Trucks",53,1800,2.097222222,50,0.492,0.020972222,0.508,0.318788889,High,8
2924,2 days 08:44:00,"[1, 0, 0, 0]",200,31.1,"39 Trucks, 49 Trucks, 47 Fire Extinguisher, 74 Ambulance",67,1800,2.777777778,50,0.378,0.027777778,0.622,0.354711111,High,8
2925,2 days 08:45:00,"[0, 0, 1, 1]",143,47.1,"98 Cars, 73 Vans, 77 Trucks, 55 Ambulance",65,1800,1.986111111,50,0.058,0.019861111,0.942,0.279544444,Moderate,8
2926,2 days 08:46:00,"[1, 0, 1, 1]",167,44.2,"93 Trucks, 15 Bikes, 51 Fire Extinguisher, 39 Bikes",77,1800,2.319444444,50,0.116,0.023194444,0.884,0.340477778,High,8
2927,2 days 08:47:00,"[1, 1, 0, 1]",53,49.5,"28 Ambulance, 78 Bikes, 33 Vans",52,1800,0.736111111,50,0.01,0.007361111,0.99,0.212944444,Moderate,8
2928,2 days 08:48:00,"[1, 0, 1, 0]",123,42.6,"27 Bikes, 88 Fire Extinguisher, 51 Cars, 16 Bikes",73,1800,1.708333333,50,0.148,0.017083333,0.852,0.328433333,High,8
2929,2 days 08:49:00,"[0, 1, 0, 0]",172,31.8,"11 Cars, 12 Cars, 17 Cars",84,1800,2.388888889,50,0.364,0.023888889,0.636,0.418355556,Very High,8
2930,2 days 08:50:00,"[1, 1, 1, 1]",85,37.7,"58 Fire Extinguisher, 81 Trucks, 21 Patrol",43,1800,1.180555556,50,0.246,0.011805556,0.754,0.225922222,Moderate,8
2931,2 days 08:51:00,"[1, 1, 1, 1]",123,39.8,"78 Vans, 33 Patrol",51,1800,1.708333333,50,0.204,0.017083333,0.796,0.251633333,Moderate,8
2932,2 days 08:52:00,"[0, 0, 1, 0]",118,22.4,"96 Bikes, 41 Cars, 71 Cars",62,1800,1.638888889,50,0.552,0.016388889,0.448,0.364955556,High,8
2933,2 days 08:53:00,"[1, 0, 0, 0]",142,36.3,"99 Patrol, 40 Vans, 18 Fire Extinguisher, 16 Trucks",76,1800,1.972222222,50,0.274,0.019722222,0.726,0.366688889,High,8
2934,2 days 08:54:00,"[1, 1, 1, 0]",107,41.3,"72 Cars, 94 Patrol, 18 Cars",40,1800,1.486111111,50,0.174,0.014861111,0.826,0.200744444,Moderate,8
2935,2 days 08:55:00,"[0, 0, 0, 0]",136,25.0,"27 Cars, 80 Cars, 78 Cars, 26 Fire Extinguisher",51,1800,1.888888889,50,0.5,0.018888889,0.5,0.311555556,High,8
2936,2 days 08:56:00,"[1, 1, 0, 1]",68,43.4,"60 Bikes, 39 Trucks, 54 Fire Extinguisher",40,1800,0.944444444,50,0.132,0.009444444,0.868,0.190177778,Low,8
2937,2 days 08:57:00,"[1, 1, 0, 1]",192,37.5,"41 Vans, 13 Trucks, 96 Fire Extinguisher, 40 Ambulance",81,1800,2.666666667,50,0.25,0.026666667,0.75,0.384666667,High,8
2938,2 days 08:58:00,"[0, 1, 1, 0]",58,48.6,"50 Fire Extinguisher, 89 Vans, 65 Fire Extinguisher",88,1800,0.805555556,50,0.028,0.008055556,0.972,0.360822222,High,8
2939,2 days 08:59:00,"[1, 1, 1, 0]",87,21.3,"96 Fire Extinguisher, 46 Trucks, 38 Bikes",45,1800,1.208333333,50,0.574,0.012083333,0.426,0.299633333,Moderate,8
2940,2 days 09:00:00,"[1, 0, 1, 1]",65,28.0,"64 Ambulance, 30 Vans",63,1800,0.902777778,50,0.44,0.009027778,0.56,0.343611111,High,9
2941,2 days 09:01:00,"[0, 1, 0, 1]",67,38.0,"50 Vans, 88 Cars, 15 Patrol",60,1800,0.930555556,50,0.24,0.009305556,0.76,0.291722222,Moderate,9
2942,2 days 09:02:00,"[1, 0, 1, 1]",152,28.9,"68 Bikes, 56 Cars, 93 Vans, 25 Patrol",30,1800,2.111111111,50,0.422,0.021111111,0.578,0.212844444,Moderate,9
2943,2 days 09:03:00,"[1, 1, 1, 1]",121,41.4,"39 Cars, 11 Patrol, 18 Ambulance",75,1800,1.680555556,50,0.172,0.016805556,0.828,0.341122222,High,9
2944,2 days 09:04:00,"[0, 0, 1, 1]",161,42.8,"35 Bikes, 94 Vans, 68 Bikes, 59 Cars",56,1800,2.236111111,50,0.144,0.022361111,0.856,0.261744444,Moderate,9
2945,2 days 09:05:00,"[1, 0, 0, 0]",184,23.1,"34 Vans, 56 Trucks, 59 Trucks, 35 Vans",36,1800,2.555555556,50,0.538,0.025555556,0.462,0.261822222,Moderate,9
2946,2 days 09:06:00,"[1, 0, 1, 1]",85,35.4,"43 Ambulance, 69 Fire Extinguisher, 69 Ambulance, 31 Patrol",40,1800,1.180555556,50,0.292,0.011805556,0.708,0.223122222,Moderate,9
2947,2 days 09:07:00,"[1, 0, 1, 1]",166,35.3,"24 Trucks, 68 Vans",47,1800,2.305555556,50,0.294,0.023055556,0.706,0.256022222,Moderate,9
2948,2 days 09:08:00,"[1, 1, 1, 1]",132,31.1,"73 Ambulance, 54 Cars, 45 Ambulance",76,1800,1.833333333,50,0.378,0.018333333,0.622,0.386933333,High,9
2949,2 days 09:09:00,"[0, 0, 1, 1]",71,48.0,"21 Fire Extinguisher, 59 Fire Extinguisher, 90 Fire Extinguisher, 89 Vans",62,1800,0.986111111,50,0.04,0.009861111,0.96,0.259944444,Moderate,9
2950,2 days 09:10:00,"[0, 1, 0, 0]",133,44.8,"82 Bikes, 87 Bikes, 75 Trucks",66,1800,1.847222222,50,0.104,0.018472222,0.896,0.292188889,Moderate,9
2951,2 days 09:11:00,"[1, 0, 1, 0]",82,40.9,"49 Patrol, 19 Vans, 11 Trucks, 50 Bikes",78,1800,1.138888889,50,0.182,0.011388889,0.818,0.352955556,High,9
2952,2 days 09:12:00,"[0, 1, 1, 0]",194,41.4,"97 Patrol, 38 Cars, 92 Bikes, 83 Fire Extinguisher",79,1800,2.694444444,50,0.172,0.026944444,0.828,0.361177778,High,9
2953,2 days 09:13:00,"[0, 0, 0, 0]",189,33.9,"13 Fire Extinguisher, 87 Bikes, 75 Trucks",45,1800,2.625,50,0.322,0.02625,0.678,0.2549,Moderate,9
2954,2 days 09:14:00,"[0, 0, 0, 1]",160,47.6,"26 Ambulance, 80 Bikes, 51 Trucks, 18 Patrol",74,1800,2.222222222,50,0.048,0.022222222,0.952,0.314488889,High,9
2955,2 days 09:15:00,"[0, 0, 0, 0]",133,40.8,"18 Patrol, 12 Patrol, 75 Patrol",83,1800,1.847222222,50,0.184,0.018472222,0.816,0.376188889,High,9
2956,2 days 09:16:00,"[1, 1, 1, 0]",102,41.9,"15 Ambulance, 83 Vans, 54 Ambulance",53,1800,1.416666667,50,0.162,0.014166667,0.838,0.250066667,Moderate,9
2957,2 days 09:17:00,"[0, 0, 0, 0]",57,45.9,"84 Bikes, 14 Vans, 34 Cars, 82 Cars",30,1800,0.791666667,50,0.082,0.007916667,0.918,0.139566667,Low,9
2958,2 days 09:18:00,"[0, 0, 1, 0]",197,28.2,"38 Fire Extinguisher, 79 Bikes",51,1800,2.736111111,50,0.436,0.027361111,0.564,0.302144444,High,9
2959,2 days 09:19:00,"[1, 1, 1, 0]",76,44.2,"42 Bikes, 62 Patrol, 47 Bikes",80,1800,1.055555556,50,0.116,0.010555556,0.884,0.347422222,High,9
2960,2 days 09:20:00,"[1, 0, 0, 1]",139,25.9,"97 Ambulance, 27 Cars, 63 Vans",58,1800,1.930555556,50,0.482,0.019305556,0.518,0.336122222,High,9
2961,2 days 09:21:00,"[1, 0, 0, 0]",192,30.4,"85 Trucks, 23 Vans, 18 Ambulance, 98 Patrol",44,1800,2.666666667,50,0.392,0.026666667,0.608,0.265066667,Moderate,9
2962,2 days 09:22:00,"[0, 1, 1, 0]",149,30.1,"17 Ambulance, 35 Patrol, 36 Vans, 11 Fire Extinguisher",66,1800,2.069444444,50,0.398,0.020694444,0.602,0.351877778,High,9
2963,2 days 09:23:00,"[0, 1, 0, 0]",165,49.4,"55 Fire Extinguisher, 26 Cars, 18 Patrol, 61 Fire Extinguisher",31,1800,2.291666667,50,0.012,0.022916667,0.988,0.135566667,Low,9
2964,2 days 09:24:00,"[1, 1, 0, 1]",182,45.7,"88 Cars, 45 Patrol, 39 Trucks",52,1800,2.527777778,50,0.086,0.025277778,0.914,0.235311111,Moderate,9
2965,2 days 09:25:00,"[1, 0, 0, 1]",83,41.0,"29 Fire Extinguisher, 74 Bikes, 14 Vans, 70 Cars",34,1800,1.152777778,50,0.18,0.011527778,0.82,0.176611111,Low,9
2966,2 days 09:26:00,"[1, 0, 0, 0]",86,41.8,"29 Patrol, 50 Vans, 59 Fire Extinguisher, 24 Trucks",62,1800,1.194444444,50,0.164,0.011944444,0.836,0.285577778,Moderate,9
2967,2 days 09:27:00,"[1, 0, 0, 0]",123,36.9,"21 Ambulance, 37 Vans, 98 Trucks",73,1800,1.708333333,50,0.262,0.017083333,0.738,0.351233333,High,9
2968,2 days 09:28:00,"[0, 0, 1, 0]",51,48.4,"59 Vans, 67 Trucks, 70 Vans, 94 Cars",39,1800,0.708333333,50,0.032,0.007083333,0.968,0.165233333,Low,9
2969,2 days 09:29:00,"[0, 0, 0, 0]",124,34.9,"89 Cars, 69 Fire Extinguisher",74,1800,1.722222222,50,0.302,0.017222222,0.698,0.363288889,High,9
2970,2 days 09:30:00,"[1, 0, 1, 1]",60,31.4,"58 Cars, 58 Patrol",45,1800,0.833333333,50,0.372,0.008333333,0.628,0.257733333,Moderate,9
2971,2 days 09:31:00,"[0, 1, 1, 0]",157,24.9,"45 Patrol, 84 Trucks",70,1800,2.180555556,50,0.502,0.021805556,0.498,0.389122222,High,9
2972,2 days 09:32:00,"[0, 0, 0, 0]",71,43.6,"41 Vans, 90 Trucks",40,1800,0.986111111,50,0.128,0.009861111,0.872,0.189544444,Low,9
2973,2 days 09:33:00,"[0, 0, 1, 1]",101,42.0,"61 Ambulance, 80 Fire Extinguisher",76,1800,1.402777778,50,0.16,0.014027778,0.84,0.341611111,High,9
2974,2 days 09:34:00,"[0, 0, 0, 0]",99,31.5,"12 Ambulance, 19 Ambulance, 77 Fire Extinguisher",46,1800,1.375,50,0.37,0.01375,0.63,0.2635,Moderate,9
2975,2 days 09:35:00,"[1, 0, 0, 1]",51,20.8,"63 Fire Extinguisher, 25 Vans, 49 Trucks",69,1800,0.708333333,50,0.584,0.007083333,0.416,0.395633333,High,9
2976,2 days 09:36:00,"[1, 1, 0, 0]",82,45.2,"13 Patrol, 33 Bikes",67,1800,1.138888889,50,0.096,0.011388889,0.904,0.291755556,Moderate,9
2977,2 days 09:37:00,"[1, 1, 1, 0]",130,20.3,"41 Trucks, 62 Cars",59,1800,1.805555556,50,0.594,0.018055556,0.406,0.362022222,High,9
2978,2 days 09:38:00,"[0, 1, 0, 0]",129,41.1,"45 Cars, 95 Ambulance, 26 Vans",74,1800,1.791666667,50,0.178,0.017916667,0.822,0.338766667,High,9
2979,2 days 09:39:00,"[0, 1, 0, 1]",115,49.1,"60 Ambulance, 27 Vans, 23 Cars, 36 Cars",58,1800,1.597222222,50,0.018,0.015972222,0.982,0.241988889,Moderate,9
2980,2 days 09:40:00,"[1, 0, 1, 0]",106,33.1,"15 Cars, 62 Fire Extinguisher, 18 Bikes, 62 Bikes",69,1800,1.472222222,50,0.338,0.014722222,0.662,0.349488889,High,9
2981,2 days 09:41:00,"[1, 0, 0, 1]",159,27.0,"53 Ambulance, 13 Fire Extinguisher, 93 Ambulance, 13 Bikes",78,1800,2.208333333,50,0.46,0.022083333,0.54,0.412833333,Very High,9
2982,2 days 09:42:00,"[1, 0, 1, 1]",197,41.1,"73 Vans, 22 Bikes",60,1800,2.736111111,50,0.178,0.027361111,0.822,0.286544444,Moderate,9
2983,2 days 09:43:00,"[0, 0, 1, 0]",77,44.5,"88 Cars, 14 Trucks, 58 Ambulance",73,1800,1.069444444,50,0.11,0.010694444,0.89,0.318277778,High,9
2984,2 days 09:44:00,"[1, 0, 0, 1]",189,36.4,"75 Trucks, 85 Cars, 87 Trucks, 18 Bikes",42,1800,2.625,50,0.272,0.02625,0.728,0.2329,Moderate,9
2985,2 days 09:45:00,"[0, 0, 1, 1]",176,49.0,"27 Patrol, 99 Trucks, 88 Cars",53,1800,2.444444444,50,0.02,0.024444444,0.98,0.225777778,Moderate,9
2986,2 days 09:46:00,"[1, 0, 0, 0]",130,21.6,"83 Patrol, 88 Ambulance, 30 Patrol",49,1800,1.805555556,50,0.568,0.018055556,0.432,0.316822222,High,9
2987,2 days 09:47:00,"[0, 0, 0, 1]",101,35.1,"94 Patrol, 60 Bikes, 84 Vans, 92 Cars",61,1800,1.402777778,50,0.298,0.014027778,0.702,0.309211111,High,9
2988,2 days 09:48:00,"[1, 1, 0, 1]",97,41.6,"72 Bikes, 87 Ambulance, 97 Cars",75,1800,1.347222222,50,0.168,0.013472222,0.832,0.338988889,High,9
2989,2 days 09:49:00,"[0, 1, 0, 0]",154,45.9,"78 Patrol, 45 Trucks, 36 Bikes",47,1800,2.138888889,50,0.082,0.021388889,0.918,0.212955556,Moderate,9
2990,2 days 09:50:00,"[0, 0, 0, 0]",135,25.4,"20 Cars, 38 Bikes, 53 Patrol",81,1800,1.875,50,0.492,0.01875,0.508,0.4299,Very High,9
2991,2 days 09:51:00,"[1, 1, 1, 0]",135,44.0,"67 Bikes, 11 Cars, 98 Fire Extinguisher",57,1800,1.875,50,0.12,0.01875,0.88,0.2595,Moderate,9
2992,2 days 09:52:00,"[0, 0, 1, 0]",54,36.6,"35 Vans, 79 Cars, 99 Bikes, 48 Vans",77,1800,0.75,50,0.268,0.0075,0.732,0.3646,High,9
2993,2 days 09:53:00,"[1, 1, 1, 0]",114,31.9,"71 Patrol, 91 Cars, 72 Ambulance, 33 Cars",38,1800,1.583333333,50,0.362,0.015833333,0.638,0.230733333,Moderate,9
2994,2 days 09:54:00,"[1, 1, 1, 0]",69,24.0,"18 Trucks, 53 Ambulance, 57 Vans",89,1800,0.958333333,50,0.52,0.009583333,0.48,0.463833333,Very High,9
2995,2 days 09:55:00,"[0, 1, 0, 1]",84,46.0,"96 Trucks, 96 Trucks, 25 Fire Extinguisher",66,1800,1.166666667,50,0.08,0.011666667,0.92,0.284666667,Moderate,9
2996,2 days 09:56:00,"[1, 1, 0, 0]",115,24.7,"82 Bikes, 92 Bikes, 98 Patrol, 50 Ambulance",76,1800,1.597222222,50,0.506,0.015972222,0.494,0.411588889,Very High,9
2997,2 days 09:57:00,"[1, 0, 1, 0]",117,29.3,"95 Vans, 67 Vans, 80 Patrol, 69 Vans",73,1800,1.625,50,0.414,0.01625,0.586,0.3813,High,9
2998,2 days 09:58:00,"[0, 1, 1, 0]",177,28.7,"53 Bikes, 92 Vans",81,1800,2.458333333,50,0.426,0.024583333,0.574,0.419033333,Very High,9
2999,2 days 09:59:00,"[0, 0, 1, 1]",112,46.1,"27 Patrol, 17 Fire Extinguisher",85,1800,1.555555556,50,0.078,0.015555556,0.922,0.361822222,High,9
3000,2 days 10:00:00,"[1, 1, 1, 1]",136,40.2,"52 Bikes, 23 Ambulance",54,1800,1.888888889,50,0.196,0.018888889,0.804,0.262755556,Moderate,10
3001,2 days 10:01:00,"[1, 0, 0, 1]",152,43.9,"80 Fire Extinguisher, 30 Bikes",46,1800,2.111111111,50,0.122,0.021111111,0.878,0.216844444,Moderate,10
3002,2 days 10:02:00,"[1, 0, 0, 1]",57,27.5,"77 Vans, 34 Ambulance",64,1800,0.791666667,50,0.45,0.007916667,0.55,0.349166667,High,10
3003,2 days 10:03:00,"[0, 0, 0, 1]",128,38.7,"72 Patrol, 34 Patrol, 61 Vans",81,1800,1.777777778,50,0.226,0.017777778,0.774,0.376311111,High,10
3004,2 days 10:04:00,"[1, 0, 1, 1]",108,37.2,"42 Ambulance, 38 Trucks",56,1800,1.5,50,0.256,0.015,0.744,0.2812,Moderate,10
3005,2 days 10:05:00,"[0, 0, 0, 0]",67,45.0,"35 Fire Extinguisher, 64 Fire Extinguisher, 72 Ambulance",79,1800,0.930555556,50,0.1,0.009305556,0.9,0.339722222,High,10
3006,2 days 10:06:00,"[0, 1, 0, 1]",193,47.2,"49 Bikes, 99 Bikes, 17 Patrol",31,1800,2.680555556,50,0.056,0.026805556,0.944,0.145922222,Low,10
3007,2 days 10:07:00,"[1, 0, 0, 0]",79,20.4,"61 Patrol, 95 Bikes",31,1800,1.097222222,50,0.592,0.010972222,0.408,0.246788889,Moderate,10
3008,2 days 10:08:00,"[0, 0, 0, 0]",131,40.2,"59 Trucks, 77 Ambulance",86,1800,1.819444444,50,0.196,0.018194444,0.804,0.390477778,High,10
3009,2 days 10:09:00,"[0, 1, 0, 0]",87,21.6,"99 Trucks, 73 Ambulance",80,1800,1.208333333,50,0.568,0.012083333,0.432,0.438433333,Very High,10
3010,2 days 10:10:00,"[0, 1, 1, 1]",198,36.5,"15 Fire Extinguisher, 69 Fire Extinguisher, 36 Ambulance",50,1800,2.75,50,0.27,0.0275,0.73,0.265,Moderate,10
3011,2 days 10:11:00,"[1, 1, 1, 0]",158,28.6,"88 Trucks, 41 Ambulance",44,1800,2.194444444,50,0.428,0.021944444,0.572,0.270377778,Moderate,10
3012,2 days 10:12:00,"[0, 0, 0, 0]",136,29.2,"39 Ambulance, 51 Ambulance, 59 Vans",82,1800,1.888888889,50,0.416,0.018888889,0.584,0.418755556,Very High,10
3013,2 days 10:13:00,"[1, 0, 1, 1]",168,30.6,"59 Trucks, 33 Fire Extinguisher, 74 Vans",89,1800,2.333333333,50,0.388,0.023333333,0.612,0.442933333,Very High,10
3014,2 days 10:14:00,"[1, 1, 0, 0]",79,38.6,"65 Bikes, 38 Cars",87,1800,1.097222222,50,0.228,0.010972222,0.772,0.397988889,High,10
3015,2 days 10:15:00,"[1, 1, 1, 1]",82,30.0,"29 Fire Extinguisher, 54 Fire Extinguisher, 68 Ambulance",48,1800,1.138888889,50,0.4,0.011388889,0.6,0.276555556,Moderate,10
3016,2 days 10:16:00,"[0, 1, 0, 1]",116,42.0,"79 Vans, 64 Fire Extinguisher, 38 Vans, 94 Ambulance",73,1800,1.611111111,50,0.16,0.016111111,0.84,0.330444444,High,10
3017,2 days 10:17:00,"[0, 0, 1, 0]",197,32.1,"43 Vans, 18 Cars, 37 Vans",79,1800,2.736111111,50,0.358,0.027361111,0.642,0.398544444,High,10
3018,2 days 10:18:00,"[0, 0, 1, 1]",112,22.1,"17 Trucks, 87 Ambulance",84,1800,1.555555556,50,0.558,0.015555556,0.442,0.453822222,Very High,10
3019,2 days 10:19:00,"[0, 1, 0, 0]",110,43.5,"60 Trucks, 80 Vans, 17 Fire Extinguisher",63,1800,1.527777778,50,0.13,0.015277778,0.87,0.284111111,Moderate,10
3020,2 days 10:20:00,"[1, 0, 1, 1]",117,28.6,"13 Ambulance, 54 Patrol, 10 Bikes",48,1800,1.625,50,0.428,0.01625,0.572,0.2841,Moderate,10
3021,2 days 10:21:00,"[1, 0, 1, 1]",83,33.0,"84 Trucks, 37 Fire Extinguisher, 10 Fire Extinguisher",58,1800,1.152777778,50,0.34,0.011527778,0.66,0.304611111,High,10
3022,2 days 10:22:00,"[1, 0, 0, 0]",185,40.6,"98 Bikes, 15 Trucks, 74 Patrol",52,1800,2.569444444,50,0.188,0.025694444,0.812,0.255877778,Moderate,10
3023,2 days 10:23:00,"[1, 0, 0, 1]",95,30.0,"48 Ambulance, 30 Ambulance, 92 Cars, 88 Trucks",81,1800,1.319444444,50,0.4,0.013194444,0.6,0.409277778,Very High,10
3024,2 days 10:24:00,"[1, 0, 0, 0]",170,21.7,"92 Patrol, 46 Fire Extinguisher, 86 Fire Extinguisher",30,1800,2.361111111,50,0.566,0.023611111,0.434,0.242644444,Moderate,10
3025,2 days 10:25:00,"[0, 0, 0, 0]",147,31.2,"23 Patrol, 26 Bikes",30,1800,2.041666667,50,0.376,0.020416667,0.624,0.203366667,Moderate,10
3026,2 days 10:26:00,"[1, 1, 0, 1]",94,48.3,"55 Fire Extinguisher, 98 Trucks, 16 Trucks",30,1800,1.305555556,50,0.034,0.013055556,0.966,0.132022222,Low,10
3027,2 days 10:27:00,"[0, 0, 0, 1]",67,39.3,"21 Trucks, 73 Fire Extinguisher, 39 Trucks",34,1800,0.930555556,50,0.214,0.009305556,0.786,0.182522222,Low,10
3028,2 days 10:28:00,"[1, 1, 0, 1]",180,40.1,"14 Patrol, 86 Vans",30,1800,2.5,50,0.198,0.025,0.802,0.1696,Low,10
3029,2 days 10:29:00,"[1, 0, 0, 1]",71,39.0,"58 Ambulance, 12 Ambulance, 64 Ambulance, 34 Bikes",70,1800,0.986111111,50,0.22,0.009861111,0.78,0.327944444,High,10
3030,2 days 10:30:00,"[1, 0, 1, 0]",125,26.0,"88 Bikes, 55 Vans",85,1800,1.736111111,50,0.48,0.017361111,0.52,0.442944444,Very High,10
3031,2 days 10:31:00,"[1, 1, 0, 1]",133,32.6,"20 Patrol, 62 Vans, 82 Ambulance, 12 Patrol",73,1800,1.847222222,50,0.348,0.018472222,0.652,0.368988889,High,10
3032,2 days 10:32:00,"[1, 0, 0, 1]",141,42.5,"46 Trucks, 82 Trucks",85,1800,1.958333333,50,0.15,0.019583333,0.85,0.377833333,High,10
3033,2 days 10:33:00,"[1, 0, 1, 0]",189,23.0,"52 Patrol, 78 Ambulance, 20 Patrol, 81 Vans",82,1800,2.625,50,0.54,0.02625,0.46,0.4465,Very High,10
3034,2 days 10:34:00,"[1, 0, 0, 0]",68,28.3,"99 Ambulance, 83 Cars",53,1800,0.944444444,50,0.434,0.009444444,0.566,0.302577778,High,10
3035,2 days 10:35:00,"[0, 0, 1, 0]",150,28.3,"35 Bikes, 28 Vans, 44 Bikes",44,1800,2.083333333,50,0.434,0.020833333,0.566,0.271133333,Moderate,10
3036,2 days 10:36:00,"[1, 1, 1, 0]",168,33.0,"49 Ambulance, 31 Patrol, 77 Patrol",87,1800,2.333333333,50,0.34,0.023333333,0.66,0.425333333,Very High,10
3037,2 days 10:37:00,"[1, 0, 1, 0]",198,49.4,"70 Fire Extinguisher, 77 Ambulance",86,1800,2.75,50,0.012,0.0275,0.988,0.3574,High,10
3038,2 days 10:38:00,"[1, 0, 0, 0]",162,22.0,"28 Fire Extinguisher, 37 Patrol, 76 Fire Extinguisher",51,1800,2.25,50,0.56,0.0225,0.44,0.325,High,10
3039,2 days 10:39:00,"[1, 1, 0, 0]",91,35.6,"29 Cars, 39 Fire Extinguisher, 64 Fire Extinguisher, 72 Vans",48,1800,1.263888889,50,0.288,0.012638889,0.712,0.254655556,Moderate,10
3040,2 days 10:40:00,"[1, 1, 1, 1]",97,25.4,"40 Vans, 89 Bikes",38,1800,1.347222222,50,0.492,0.013472222,0.508,0.255788889,Moderate,10
3041,2 days 10:41:00,"[1, 1, 1, 0]",168,49.1,"56 Ambulance, 16 Fire Extinguisher, 52 Vans, 92 Vans",82,1800,2.333333333,50,0.018,0.023333333,0.982,0.340933333,High,10
3042,2 days 10:42:00,"[1, 1, 0, 1]",57,23.4,"51 Trucks, 67 Bikes",64,1800,0.791666667,50,0.532,0.007916667,0.468,0.365566667,High,10
3043,2 days 10:43:00,"[1, 0, 1, 1]",171,32.1,"36 Cars, 95 Patrol, 62 Vans",90,1800,2.375,50,0.358,0.02375,0.642,0.4411,Very High,10
3044,2 days 10:44:00,"[0, 1, 1, 1]",115,42.1,"91 Ambulance, 22 Ambulance",49,1800,1.597222222,50,0.158,0.015972222,0.842,0.233988889,Moderate,10
3045,2 days 10:45:00,"[0, 0, 1, 0]",111,41.1,"32 Ambulance, 79 Patrol, 95 Bikes",68,1800,1.541666667,50,0.178,0.015416667,0.822,0.313766667,High,10
3046,2 days 10:46:00,"[0, 0, 0, 0]",168,32.7,"40 Vans, 49 Ambulance, 20 Ambulance",68,1800,2.333333333,50,0.346,0.023333333,0.654,0.350533333,High,10
3047,2 days 10:47:00,"[1, 0, 0, 0]",135,30.4,"71 Trucks, 12 Trucks, 69 Trucks",58,1800,1.875,50,0.392,0.01875,0.608,0.3179,High,10
3048,2 days 10:48:00,"[1, 0, 0, 0]",128,31.9,"83 Bikes, 13 Trucks",44,1800,1.777777778,50,0.362,0.017777778,0.638,0.255511111,Moderate,10
3049,2 days 10:49:00,"[1, 0, 1, 1]",154,27.9,"56 Ambulance, 39 Fire Extinguisher",74,1800,2.138888889,50,0.442,0.021388889,0.558,0.392955556,High,10
3050,2 days 10:50:00,"[0, 1, 1, 0]",68,26.2,"71 Bikes, 22 Trucks, 76 Trucks, 15 Fire Extinguisher",81,1800,0.944444444,50,0.476,0.009444444,0.524,0.422977778,Very High,10
3051,2 days 10:51:00,"[0, 0, 1, 0]",101,34.5,"56 Ambulance, 46 Ambulance, 43 Patrol",57,1800,1.402777778,50,0.31,0.014027778,0.69,0.295611111,Moderate,10
3052,2 days 10:52:00,"[1, 1, 1, 0]",157,28.1,"16 Bikes, 48 Ambulance",57,1800,2.180555556,50,0.438,0.021805556,0.562,0.324322222,High,10
3053,2 days 10:53:00,"[0, 0, 0, 1]",178,28.6,"91 Bikes, 71 Patrol, 22 Trucks",56,1800,2.472222222,50,0.428,0.024722222,0.572,0.319488889,High,10
3054,2 days 10:54:00,"[1, 0, 1, 0]",92,39.7,"36 Vans, 72 Ambulance, 21 Cars",46,1800,1.277777778,50,0.206,0.012777778,0.794,0.230311111,Moderate,10
3055,2 days 10:55:00,"[1, 1, 0, 1]",159,49.1,"14 Bikes, 77 Patrol, 58 Ambulance, 25 Vans",79,1800,2.208333333,50,0.018,0.022083333,0.982,0.328433333,High,10
3056,2 days 10:56:00,"[1, 1, 0, 0]",124,38.1,"58 Ambulance, 63 Trucks, 90 Trucks",78,1800,1.722222222,50,0.238,0.017222222,0.762,0.366488889,High,10
3057,2 days 10:57:00,"[0, 0, 1, 1]",134,22.3,"16 Ambulance, 100 Trucks, 55 Ambulance, 57 Cars",59,1800,1.861111111,50,0.554,0.018611111,0.446,0.354244444,High,10
3058,2 days 10:58:00,"[1, 1, 1, 1]",80,22.3,"91 Ambulance, 91 Fire Extinguisher, 74 Fire Extinguisher",41,1800,1.111111111,50,0.554,0.011111111,0.446,0.279244444,Moderate,10
3059,2 days 10:59:00,"[0, 0, 0, 1]",124,48.5,"24 Vans, 88 Vans, 95 Bikes",44,1800,1.722222222,50,0.03,0.017222222,0.97,0.188888889,Low,10
3060,2 days 11:00:00,"[0, 0, 1, 1]",102,28.9,"100 Patrol, 33 Ambulance",90,1800,1.416666667,50,0.422,0.014166667,0.578,0.450066667,Very High,11
3061,2 days 11:01:00,"[1, 1, 1, 0]",195,22.8,"19 Trucks, 87 Patrol, 78 Ambulance",58,1800,2.708333333,50,0.544,0.027083333,0.456,0.351633333,High,11
3062,2 days 11:02:00,"[0, 1, 0, 0]",121,38.0,"21 Patrol, 52 Bikes, 23 Fire Extinguisher, 81 Bikes",64,1800,1.680555556,50,0.24,0.016805556,0.76,0.310722222,High,11
3063,2 days 11:03:00,"[1, 0, 1, 0]",95,38.7,"47 Vans, 80 Cars, 57 Ambulance",40,1800,1.319444444,50,0.226,0.013194444,0.774,0.210477778,Moderate,11
3064,2 days 11:04:00,"[0, 1, 1, 0]",172,39.5,"67 Bikes, 34 Trucks",44,1800,2.388888889,50,0.21,0.023888889,0.79,0.227555556,Moderate,11
3065,2 days 11:05:00,"[0, 0, 0, 0]",156,28.0,"69 Ambulance, 33 Ambulance, 87 Patrol, 12 Fire Extinguisher",90,1800,2.166666667,50,0.44,0.021666667,0.56,0.456666667,Very High,11
3066,2 days 11:06:00,"[1, 1, 1, 0]",151,20.5,"33 Ambulance, 87 Vans",73,1800,2.097222222,50,0.59,0.020972222,0.41,0.418388889,Very High,11
3067,2 days 11:07:00,"[1, 1, 0, 0]",85,49.0,"14 Patrol, 92 Trucks",53,1800,1.180555556,50,0.02,0.011805556,0.98,0.220722222,Moderate,11
3068,2 days 11:08:00,"[1, 0, 1, 0]",56,27.5,"60 Patrol, 92 Cars, 40 Vans",66,1800,0.777777778,50,0.45,0.007777778,0.55,0.357111111,High,11
3069,2 days 11:09:00,"[1, 0, 0, 0]",126,40.3,"80 Patrol, 43 Fire Extinguisher",47,1800,1.75,50,0.194,0.0175,0.806,0.2338,Moderate,11
3070,2 days 11:10:00,"[0, 1, 0, 1]",186,41.2,"88 Fire Extinguisher, 56 Trucks, 80 Fire Extinguisher",54,1800,2.583333333,50,0.176,0.025833333,0.824,0.261533333,Moderate,11
3071,2 days 11:11:00,"[1, 0, 1, 1]",157,38.3,"59 Bikes, 75 Fire Extinguisher, 16 Trucks",89,1800,2.180555556,50,0.234,0.021805556,0.766,0.411522222,Very High,11
3072,2 days 11:12:00,"[0, 1, 1, 1]",189,29.4,"61 Fire Extinguisher, 72 Trucks",32,1800,2.625,50,0.412,0.02625,0.588,0.2209,Moderate,11
3073,2 days 11:13:00,"[0, 0, 1, 0]",132,28.1,"74 Ambulance, 92 Fire Extinguisher",34,1800,1.833333333,50,0.438,0.018333333,0.562,0.230933333,Moderate,11
3074,2 days 11:14:00,"[0, 0, 0, 1]",93,37.9,"44 Trucks, 69 Bikes, 10 Trucks, 19 Fire Extinguisher",59,1800,1.291666667,50,0.242,0.012916667,0.758,0.289566667,Moderate,11
3075,2 days 11:15:00,"[0, 0, 0, 0]",200,46.0,"30 Trucks, 69 Cars, 48 Trucks, 39 Cars",31,1800,2.777777778,50,0.08,0.027777778,0.92,0.151111111,Low,11
3076,2 days 11:16:00,"[0, 0, 0, 0]",112,48.4,"16 Fire Extinguisher, 51 Ambulance, 63 Trucks",37,1800,1.555555556,50,0.032,0.015555556,0.968,0.160622222,Low,11
3077,2 days 11:17:00,"[1, 1, 0, 0]",176,23.2,"26 Fire Extinguisher, 47 Patrol",59,1800,2.444444444,50,0.536,0.024444444,0.464,0.352977778,High,11
3078,2 days 11:18:00,"[1, 0, 1, 1]",77,24.6,"23 Cars, 55 Bikes, 36 Vans, 68 Bikes",89,1800,1.069444444,50,0.508,0.010694444,0.492,0.461877778,Very High,11
3079,2 days 11:19:00,"[1, 0, 1, 1]",112,48.3,"33 Ambulance, 18 Ambulance, 28 Fire Extinguisher",66,1800,1.555555556,50,0.034,0.015555556,0.966,0.277022222,Moderate,11
3080,2 days 11:20:00,"[0, 0, 0, 0]",146,42.1,"79 Bikes, 13 Bikes, 34 Vans",49,1800,2.027777778,50,0.158,0.020277778,0.842,0.235711111,Moderate,11
3081,2 days 11:21:00,"[1, 0, 1, 0]",197,46.5,"43 Trucks, 99 Ambulance, 44 Cars, 52 Ambulance",63,1800,2.736111111,50,0.07,0.027361111,0.93,0.276944444,Moderate,11
3082,2 days 11:22:00,"[1, 1, 0, 1]",168,26.1,"55 Bikes, 23 Bikes, 57 Bikes",67,1800,2.333333333,50,0.478,0.023333333,0.522,0.372933333,High,11
3083,2 days 11:23:00,"[1, 1, 1, 1]",188,37.6,"39 Patrol, 73 Bikes, 85 Cars, 88 Cars",87,1800,2.611111111,50,0.248,0.026111111,0.752,0.408044444,Very High,11
3084,2 days 11:24:00,"[0, 0, 1, 1]",137,41.0,"12 Vans, 93 Patrol",75,1800,1.902777778,50,0.18,0.019027778,0.82,0.343611111,High,11
3085,2 days 11:25:00,"[1, 1, 0, 1]",100,40.4,"90 Trucks, 82 Vans",32,1800,1.388888889,50,0.192,0.013888889,0.808,0.171955556,Low,11
3086,2 days 11:26:00,"[0, 0, 0, 1]",191,32.2,"46 Patrol, 12 Cars",82,1800,2.652777778,50,0.356,0.026527778,0.644,0.409811111,Very High,11
3087,2 days 11:27:00,"[0, 1, 1, 1]",160,20.5,"68 Trucks, 38 Vans, 30 Trucks",37,1800,2.222222222,50,0.59,0.022222222,0.41,0.274888889,Moderate,11
3088,2 days 11:28:00,"[1, 0, 1, 0]",161,37.5,"34 Cars, 43 Ambulance, 11 Vans, 37 Vans",83,1800,2.236111111,50,0.25,0.022361111,0.75,0.390944444,High,11
3089,2 days 11:29:00,"[1, 1, 1, 0]",53,27.6,"45 Fire Extinguisher, 57 Vans, 11 Bikes, 23 Patrol",57,1800,0.736111111,50,0.448,0.007361111,0.552,0.320544444,High,11
3090,2 days 11:30:00,"[0, 0, 0, 0]",58,33.5,"80 Trucks, 100 Vans",81,1800,0.805555556,50,0.33,0.008055556,0.67,0.393222222,High,11
3091,2 days 11:31:00,"[1, 0, 1, 1]",98,48.7,"72 Ambulance, 69 Vans, 86 Patrol, 17 Patrol",41,1800,1.361111111,50,0.026,0.013611111,0.974,0.174644444,Low,11
3092,2 days 11:32:00,"[0, 1, 0, 0]",59,32.0,"67 Bikes, 86 Fire Extinguisher, 20 Patrol",74,1800,0.819444444,50,0.36,0.008194444,0.64,0.371277778,High,11
3093,2 days 11:33:00,"[1, 1, 0, 0]",72,45.2,"69 Bikes, 68 Patrol, 23 Vans, 34 Cars",78,1800,1.0,50,0.096,0.01,0.904,0.3352,High,11
3094,2 days 11:34:00,"[1, 1, 1, 0]",106,25.7,"17 Cars, 39 Patrol, 74 Bikes, 59 Vans",79,1800,1.472222222,50,0.486,0.014722222,0.514,0.419088889,Very High,11
3095,2 days 11:35:00,"[0, 0, 1, 0]",67,40.2,"55 Fire Extinguisher, 82 Vans, 78 Trucks, 31 Patrol",83,1800,0.930555556,50,0.196,0.009305556,0.804,0.374922222,High,11
3096,2 days 11:36:00,"[1, 1, 1, 0]",196,49.3,"75 Trucks, 52 Vans",65,1800,2.722222222,50,0.014,0.027222222,0.986,0.273688889,Moderate,11
3097,2 days 11:37:00,"[0, 0, 0, 0]",127,23.1,"38 Fire Extinguisher, 50 Vans, 46 Patrol, 35 Patrol",43,1800,1.763888889,50,0.538,0.017638889,0.462,0.286655556,Moderate,11
3098,2 days 11:38:00,"[1, 1, 1, 0]",195,20.2,"82 Ambulance, 37 Trucks",40,1800,2.708333333,50,0.596,0.027083333,0.404,0.290033333,Moderate,11
3099,2 days 11:39:00,"[1, 0, 0, 0]",121,33.0,"48 Patrol, 92 Trucks",46,1800,1.680555556,50,0.34,0.016805556,0.66,0.258722222,Moderate,11
3100,2 days 11:40:00,"[1, 0, 0, 1]",110,22.8,"80 Ambulance, 97 Patrol",39,1800,1.527777778,50,0.544,0.015277778,0.456,0.270911111,Moderate,11
3101,2 days 11:41:00,"[1, 0, 0, 1]",192,42.5,"72 Vans, 11 Fire Extinguisher",74,1800,2.666666667,50,0.15,0.026666667,0.85,0.336666667,High,11
3102,2 days 11:42:00,"[1, 1, 0, 1]",176,47.4,"19 Bikes, 24 Fire Extinguisher, 10 Bikes, 72 Trucks",75,1800,2.444444444,50,0.052,0.024444444,0.948,0.320177778,High,11
3103,2 days 11:43:00,"[0, 0, 0, 0]",168,33.0,"53 Trucks, 87 Ambulance",50,1800,2.333333333,50,0.34,0.023333333,0.66,0.277333333,Moderate,11
3104,2 days 11:44:00,"[1, 0, 0, 1]",155,27.8,"12 Trucks, 81 Bikes, 83 Trucks",67,1800,2.152777778,50,0.444,0.021527778,0.556,0.365411111,High,11
3105,2 days 11:45:00,"[1, 0, 1, 1]",67,33.0,"73 Ambulance, 19 Ambulance",39,1800,0.930555556,50,0.34,0.009305556,0.66,0.227722222,Moderate,11
3106,2 days 11:46:00,"[1, 0, 1, 1]",70,41.7,"26 Cars, 35 Fire Extinguisher",67,1800,0.972222222,50,0.166,0.009722222,0.834,0.305088889,High,11
3107,2 days 11:47:00,"[1, 1, 0, 1]",126,20.3,"100 Cars, 29 Vans",42,1800,1.75,50,0.594,0.0175,0.406,0.2938,Moderate,11
3108,2 days 11:48:00,"[1, 0, 1, 1]",152,37.7,"41 Cars, 43 Bikes",50,1800,2.111111111,50,0.246,0.021111111,0.754,0.257644444,Moderate,11
3109,2 days 11:49:00,"[0, 1, 0, 0]",58,38.4,"56 Vans, 96 Vans",33,1800,0.805555556,50,0.232,0.008055556,0.768,0.181622222,Low,11
3110,2 days 11:50:00,"[0, 0, 1, 1]",67,39.1,"84 Fire Extinguisher, 81 Cars",44,1800,0.930555556,50,0.218,0.009305556,0.782,0.223322222,Moderate,11
3111,2 days 11:51:00,"[1, 0, 0, 0]",76,27.3,"55 Ambulance, 33 Vans, 87 Ambulance, 45 Cars",41,1800,1.055555556,50,0.454,0.010555556,0.546,0.259022222,Moderate,11
3112,2 days 11:52:00,"[1, 0, 1, 1]",70,41.4,"22 Cars, 64 Bikes, 11 Vans",86,1800,0.972222222,50,0.172,0.009722222,0.828,0.382288889,High,11
3113,2 days 11:53:00,"[1, 1, 0, 1]",68,22.7,"82 Vans, 79 Patrol",44,1800,0.944444444,50,0.546,0.009444444,0.454,0.288977778,Moderate,11
3114,2 days 11:54:00,"[1, 1, 0, 0]",187,26.0,"58 Trucks, 100 Ambulance, 74 Ambulance",49,1800,2.597222222,50,0.48,0.025972222,0.52,0.302388889,High,11
3115,2 days 11:55:00,"[1, 0, 0, 1]",164,46.3,"34 Fire Extinguisher, 50 Cars, 25 Trucks",50,1800,2.277777778,50,0.074,0.022777778,0.926,0.223911111,Moderate,11
3116,2 days 11:56:00,"[1, 0, 0, 0]",141,42.2,"38 Patrol, 84 Trucks, 34 Patrol",48,1800,1.958333333,50,0.156,0.019583333,0.844,0.231033333,Moderate,11
3117,2 days 11:57:00,"[1, 0, 1, 1]",183,20.4,"27 Bikes, 95 Patrol, 67 Fire Extinguisher",67,1800,2.541666667,50,0.592,0.025416667,0.408,0.396566667,High,11
3118,2 days 11:58:00,"[0, 1, 0, 1]",94,27.5,"58 Cars, 79 Bikes, 31 Bikes",37,1800,1.305555556,50,0.45,0.013055556,0.55,0.243222222,Moderate,11
3119,2 days 11:59:00,"[0, 1, 0, 1]",80,26.4,"50 Fire Extinguisher, 53 Ambulance, 32 Trucks",35,1800,1.111111111,50,0.472,0.011111111,0.528,0.238844444,Moderate,11
3120,2 days 12:00:00,"[0, 1, 1, 1]",72,28.1,"44 Trucks, 76 Patrol, 24 Vans, 24 Trucks",52,1800,1.0,50,0.438,0.01,0.562,0.2996,Moderate,12
3121,2 days 12:01:00,"[0, 1, 1, 1]",128,27.4,"60 Cars, 14 Fire Extinguisher, 52 Ambulance, 93 Bikes",66,1800,1.777777778,50,0.452,0.017777778,0.548,0.361511111,High,12
3122,2 days 12:02:00,"[1, 1, 0, 0]",156,21.9,"64 Cars, 32 Trucks, 35 Ambulance",45,1800,2.166666667,50,0.562,0.021666667,0.438,0.301066667,High,12
3123,2 days 12:03:00,"[0, 1, 1, 0]",169,33.8,"12 Fire Extinguisher, 32 Cars, 55 Ambulance",90,1800,2.347222222,50,0.324,0.023472222,0.676,0.434188889,Very High,12
3124,2 days 12:04:00,"[1, 1, 0, 0]",134,42.0,"15 Trucks, 14 Fire Extinguisher, 55 Bikes",79,1800,1.861111111,50,0.16,0.018611111,0.84,0.355444444,High,12
3125,2 days 12:05:00,"[0, 0, 1, 1]",143,38.2,"55 Bikes, 46 Vans",32,1800,1.986111111,50,0.236,0.019861111,0.764,0.183144444,Low,12
3126,2 days 12:06:00,"[0, 0, 0, 0]",86,40.2,"27 Patrol, 65 Fire Extinguisher",81,1800,1.194444444,50,0.196,0.011944444,0.804,0.367977778,High,12
3127,2 days 12:07:00,"[0, 0, 0, 0]",134,22.4,"45 Ambulance, 75 Ambulance",34,1800,1.861111111,50,0.552,0.018611111,0.448,0.253844444,Moderate,12
3128,2 days 12:08:00,"[1, 0, 0, 0]",78,48.5,"74 Bikes, 62 Bikes",70,1800,1.083333333,50,0.03,0.010833333,0.97,0.290333333,Moderate,12
3129,2 days 12:09:00,"[1, 1, 0, 0]",50,45.2,"56 Bikes, 71 Cars, 77 Trucks",40,1800,0.694444444,50,0.096,0.006944444,0.904,0.181977778,Low,12
3130,2 days 12:10:00,"[1, 0, 1, 0]",64,44.2,"92 Trucks, 46 Trucks, 78 Bikes",34,1800,0.888888889,50,0.116,0.008888889,0.884,0.162755556,Low,12
3131,2 days 12:11:00,"[1, 1, 0, 1]",65,44.7,"16 Trucks, 31 Trucks",65,1800,0.902777778,50,0.106,0.009027778,0.894,0.284811111,Moderate,12
3132,2 days 12:12:00,"[1, 1, 0, 1]",71,48.0,"16 Fire Extinguisher, 29 Fire Extinguisher, 84 Patrol, 83 Patrol",33,1800,0.986111111,50,0.04,0.009861111,0.96,0.143944444,Low,12
3133,2 days 12:13:00,"[1, 1, 0, 1]",135,36.3,"83 Fire Extinguisher, 87 Trucks, 53 Bikes",79,1800,1.875,50,0.274,0.01875,0.726,0.3783,High,12
3134,2 days 12:14:00,"[0, 0, 1, 1]",90,26.0,"57 Trucks, 42 Vans, 69 Patrol",64,1800,1.25,50,0.48,0.0125,0.52,0.357,High,12
3135,2 days 12:15:00,"[0, 0, 0, 0]",134,38.5,"85 Trucks, 65 Cars, 66 Bikes, 76 Vans",31,1800,1.861111111,50,0.23,0.018611111,0.77,0.177444444,Low,12
3136,2 days 12:16:00,"[1, 1, 1, 1]",81,42.3,"95 Trucks, 84 Patrol, 60 Ambulance, 23 Bikes",40,1800,1.125,50,0.154,0.01125,0.846,0.1953,Low,12
3137,2 days 12:17:00,"[0, 1, 0, 0]",93,42.1,"48 Cars, 28 Trucks, 91 Vans, 86 Vans",80,1800,1.291666667,50,0.158,0.012916667,0.842,0.356766667,High,12
3138,2 days 12:18:00,"[0, 0, 1, 1]",90,35.6,"36 Fire Extinguisher, 75 Patrol",56,1800,1.25,50,0.288,0.0125,0.712,0.2866,Moderate,12
3139,2 days 12:19:00,"[1, 1, 1, 1]",95,22.1,"81 Patrol, 23 Cars, 26 Cars, 18 Fire Extinguisher",52,1800,1.319444444,50,0.558,0.013194444,0.442,0.324877778,High,12
3140,2 days 12:20:00,"[0, 0, 0, 0]",135,31.1,"22 Trucks, 57 Patrol",85,1800,1.875,50,0.378,0.01875,0.622,0.4231,Very High,12
3141,2 days 12:21:00,"[0, 0, 1, 0]",67,47.6,"56 Vans, 30 Trucks, 86 Patrol, 96 Vans",56,1800,0.930555556,50,0.048,0.009305556,0.952,0.237322222,Moderate,12
3142,2 days 12:22:00,"[0, 0, 1, 1]",170,37.5,"13 Fire Extinguisher, 62 Bikes",55,1800,2.361111111,50,0.25,0.023611111,0.75,0.279444444,Moderate,12
3143,2 days 12:23:00,"[1, 0, 1, 1]",139,36.1,"76 Patrol, 68 Patrol",82,1800,1.930555556,50,0.278,0.019305556,0.722,0.391322222,High,12
3144,2 days 12:24:00,"[1, 0, 1, 0]",102,28.1,"91 Vans, 35 Cars, 36 Patrol, 17 Ambulance",56,1800,1.416666667,50,0.438,0.014166667,0.562,0.317266667,High,12
3145,2 days 12:25:00,"[1, 0, 0, 1]",161,31.1,"93 Ambulance, 67 Ambulance, 35 Ambulance, 34 Patrol",42,1800,2.236111111,50,0.378,0.022361111,0.622,0.252544444,Moderate,12
3146,2 days 12:26:00,"[0, 1, 1, 0]",52,46.9,"45 Trucks, 74 Patrol, 97 Ambulance, 33 Trucks",78,1800,0.722222222,50,0.062,0.007222222,0.938,0.327288889,High,12
3147,2 days 12:27:00,"[0, 1, 1, 0]",100,40.0,"83 Fire Extinguisher, 52 Bikes",73,1800,1.388888889,50,0.2,0.013888889,0.8,0.337555556,High,12
3148,2 days 12:28:00,"[0, 1, 0, 0]",143,43.6,"71 Fire Extinguisher, 81 Bikes",77,1800,1.986111111,50,0.128,0.019861111,0.872,0.341544444,High,12
3149,2 days 12:29:00,"[0, 1, 0, 0]",97,33.6,"85 Vans, 97 Cars, 42 Bikes, 48 Fire Extinguisher",59,1800,1.347222222,50,0.328,0.013472222,0.672,0.306988889,High,12
3150,2 days 12:30:00,"[0, 1, 0, 1]",199,38.9,"63 Cars, 51 Cars, 85 Patrol",79,1800,2.763888889,50,0.222,0.027638889,0.778,0.371455556,High,12
3151,2 days 12:31:00,"[0, 0, 1, 1]",55,27.5,"41 Vans, 13 Bikes",87,1800,0.763888889,50,0.45,0.007638889,0.55,0.441055556,Very High,12
3152,2 days 12:32:00,"[0, 0, 0, 0]",160,41.2,"35 Fire Extinguisher, 70 Patrol, 59 Vans",36,1800,2.222222222,50,0.176,0.022222222,0.824,0.188088889,Low,12
3153,2 days 12:33:00,"[1, 0, 0, 0]",66,32.8,"22 Vans, 40 Trucks",64,1800,0.916666667,50,0.344,0.009166667,0.656,0.328466667,High,12
3154,2 days 12:34:00,"[0, 0, 0, 0]",87,33.3,"47 Fire Extinguisher, 19 Ambulance, 17 Bikes, 74 Trucks",73,1800,1.208333333,50,0.334,0.012083333,0.666,0.363633333,High,12
3155,2 days 12:35:00,"[0, 1, 0, 0]",87,39.5,"69 Cars, 98 Fire Extinguisher, 98 Cars, 82 Ambulance",44,1800,1.208333333,50,0.21,0.012083333,0.79,0.222833333,Moderate,12
3156,2 days 12:36:00,"[1, 0, 0, 0]",142,48.1,"81 Vans, 33 Fire Extinguisher, 46 Patrol",31,1800,1.972222222,50,0.038,0.019722222,0.962,0.139488889,Low,12
3157,2 days 12:37:00,"[1, 1, 1, 1]",147,21.9,"78 Trucks, 56 Trucks",67,1800,2.041666667,50,0.562,0.020416667,0.438,0.388566667,High,12
3158,2 days 12:38:00,"[1, 0, 1, 1]",94,44.7,"70 Trucks, 74 Trucks",58,1800,1.305555556,50,0.106,0.013055556,0.894,0.258422222,Moderate,12
3159,2 days 12:39:00,"[1, 0, 1, 1]",175,28.8,"17 Bikes, 18 Fire Extinguisher, 100 Vans, 49 Patrol",38,1800,2.430555556,50,0.424,0.024305556,0.576,0.246522222,Moderate,12
3160,2 days 12:40:00,"[0, 1, 0, 1]",104,33.3,"82 Trucks, 51 Fire Extinguisher, 40 Bikes",81,1800,1.444444444,50,0.334,0.014444444,0.666,0.396577778,High,12
3161,2 days 12:41:00,"[0, 1, 1, 1]",194,20.7,"61 Cars, 96 Ambulance, 32 Ambulance",86,1800,2.694444444,50,0.586,0.026944444,0.414,0.471977778,Very High,12
3162,2 days 12:42:00,"[0, 0, 1, 0]",96,29.0,"78 Vans, 95 Ambulance",43,1800,1.333333333,50,0.42,0.013333333,0.58,0.261333333,Moderate,12
3163,2 days 12:43:00,"[0, 1, 0, 0]",127,35.1,"71 Fire Extinguisher, 98 Bikes",81,1800,1.763888889,50,0.298,0.017638889,0.702,0.390655556,High,12
3164,2 days 12:44:00,"[0, 1, 1, 0]",57,21.7,"78 Vans, 35 Fire Extinguisher, 83 Fire Extinguisher, 38 Bikes",44,1800,0.791666667,50,0.566,0.007916667,0.434,0.292366667,Moderate,12
3165,2 days 12:45:00,"[0, 0, 1, 0]",112,34.7,"94 Bikes, 82 Ambulance, 22 Vans",43,1800,1.555555556,50,0.306,0.015555556,0.694,0.239422222,Moderate,12
3166,2 days 12:46:00,"[1, 0, 0, 0]",194,47.8,"100 Ambulance, 84 Cars, 12 Patrol",88,1800,2.694444444,50,0.044,0.026944444,0.956,0.371577778,High,12
3167,2 days 12:47:00,"[1, 1, 1, 0]",105,23.2,"79 Cars, 76 Fire Extinguisher, 70 Cars, 68 Vans",34,1800,1.458333333,50,0.536,0.014583333,0.464,0.249033333,Moderate,12
3168,2 days 12:48:00,"[1, 1, 1, 0]",162,42.9,"92 Ambulance, 91 Vans, 90 Patrol",81,1800,2.25,50,0.142,0.0225,0.858,0.3614,High,12
3169,2 days 12:49:00,"[1, 1, 1, 1]",56,32.3,"30 Vans, 73 Cars",57,1800,0.777777778,50,0.354,0.007777778,0.646,0.301911111,High,12
3170,2 days 12:50:00,"[0, 0, 1, 0]",103,39.7,"94 Trucks, 100 Fire Extinguisher, 49 Cars, 72 Vans",71,1800,1.430555556,50,0.206,0.014305556,0.794,0.330922222,High,12
3171,2 days 12:51:00,"[0, 1, 0, 0]",73,27.8,"37 Fire Extinguisher, 38 Patrol, 59 Trucks",83,1800,1.013888889,50,0.444,0.010138889,0.556,0.424855556,Very High,12
3172,2 days 12:52:00,"[1, 0, 0, 0]",117,24.8,"48 Trucks, 49 Ambulance, 16 Fire Extinguisher",74,1800,1.625,50,0.504,0.01625,0.496,0.4033,Very High,12
3173,2 days 12:53:00,"[0, 0, 0, 0]",143,24.8,"12 Trucks, 44 Patrol, 38 Trucks",73,1800,1.986111111,50,0.504,0.019861111,0.496,0.400744444,Very High,12
3174,2 days 12:54:00,"[0, 0, 1, 1]",178,22.1,"44 Cars, 89 Vans",89,1800,2.472222222,50,0.558,0.024722222,0.442,0.477488889,Very High,12
3175,2 days 12:55:00,"[0, 0, 1, 1]",51,25.6,"46 Patrol, 91 Cars, 33 Trucks, 76 Vans",89,1800,0.708333333,50,0.488,0.007083333,0.512,0.456433333,Very High,12
3176,2 days 12:56:00,"[0, 0, 0, 0]",197,39.9,"90 Patrol, 78 Vans, 17 Vans",77,1800,2.736111111,50,0.202,0.027361111,0.798,0.359344444,High,12
3177,2 days 12:57:00,"[1, 0, 0, 0]",124,46.5,"48 Patrol, 99 Patrol, 27 Fire Extinguisher, 46 Fire Extinguisher",32,1800,1.722222222,50,0.07,0.017222222,0.93,0.148888889,Low,12
3178,2 days 12:58:00,"[0, 0, 1, 1]",173,44.4,"22 Fire Extinguisher, 68 Trucks",84,1800,2.402777778,50,0.112,0.024027778,0.888,0.368011111,High,12
3179,2 days 12:59:00,"[1, 0, 0, 1]",112,40.6,"19 Vans, 20 Trucks",81,1800,1.555555556,50,0.188,0.015555556,0.812,0.367822222,High,12
3180,2 days 13:00:00,"[0, 1, 1, 0]",171,23.3,"66 Ambulance, 83 Vans, 91 Patrol",84,1800,2.375,50,0.534,0.02375,0.466,0.4523,Very High,13
3181,2 days 13:01:00,"[1, 1, 1, 0]",67,28.7,"85 Trucks, 27 Patrol, 83 Bikes, 38 Patrol",56,1800,0.930555556,50,0.426,0.009305556,0.574,0.312922222,High,13
3182,2 days 13:02:00,"[0, 1, 1, 0]",187,29.3,"44 Ambulance, 23 Trucks, 54 Fire Extinguisher",58,1800,2.597222222,50,0.414,0.025972222,0.586,0.325188889,High,13
3183,2 days 13:03:00,"[0, 1, 1, 1]",172,27.5,"10 Vans, 63 Bikes",56,1800,2.388888889,50,0.45,0.023888889,0.55,0.323555556,High,13
3184,2 days 13:04:00,"[0, 1, 1, 1]",135,35.5,"82 Patrol, 62 Bikes, 61 Fire Extinguisher, 97 Vans",49,1800,1.875,50,0.29,0.01875,0.71,0.2615,Moderate,13
3185,2 days 13:05:00,"[1, 1, 1, 1]",128,36.1,"17 Patrol, 29 Bikes",58,1800,1.777777778,50,0.278,0.017777778,0.722,0.294711111,Moderate,13
3186,2 days 13:06:00,"[0, 1, 0, 0]",137,30.7,"45 Cars, 29 Cars, 58 Patrol, 71 Fire Extinguisher",47,1800,1.902777778,50,0.386,0.019027778,0.614,0.272811111,Moderate,13
3187,2 days 13:07:00,"[0, 0, 0, 1]",82,30.6,"40 Ambulance, 14 Patrol, 39 Patrol, 56 Fire Extinguisher",40,1800,1.138888889,50,0.388,0.011388889,0.612,0.242155556,Moderate,13
3188,2 days 13:08:00,"[0, 1, 1, 0]",120,44.9,"38 Bikes, 87 Bikes, 55 Ambulance, 25 Cars",60,1800,1.666666667,50,0.102,0.016666667,0.898,0.267066667,Moderate,13
3189,2 days 13:09:00,"[1, 0, 1, 1]",145,43.7,"58 Fire Extinguisher, 30 Patrol, 41 Trucks",34,1800,2.013888889,50,0.126,0.020138889,0.874,0.169255556,Low,13
3190,2 days 13:10:00,"[0, 0, 1, 1]",111,29.2,"53 Trucks, 80 Patrol, 42 Fire Extinguisher, 11 Trucks",72,1800,1.541666667,50,0.416,0.015416667,0.584,0.377366667,High,13
3191,2 days 13:11:00,"[0, 0, 1, 0]",143,47.4,"36 Ambulance, 34 Fire Extinguisher",79,1800,1.986111111,50,0.052,0.019861111,0.948,0.334344444,High,13
3192,2 days 13:12:00,"[1, 0, 1, 0]",160,48.6,"80 Vans, 65 Bikes",56,1800,2.222222222,50,0.028,0.022222222,0.972,0.238488889,Moderate,13
3193,2 days 13:13:00,"[0, 1, 0, 0]",144,29.8,"90 Fire Extinguisher, 82 Cars, 27 Bikes, 64 Bikes",81,1800,2.0,50,0.404,0.02,0.596,0.4128,Very High,13
3194,2 days 13:14:00,"[0, 1, 1, 1]",99,30.6,"74 Trucks, 53 Patrol, 47 Vans, 62 Bikes",78,1800,1.375,50,0.388,0.01375,0.612,0.3951,High,13
3195,2 days 13:15:00,"[1, 0, 1, 0]",81,35.2,"32 Fire Extinguisher, 83 Cars, 92 Trucks",80,1800,1.125,50,0.296,0.01125,0.704,0.3837,High,13
3196,2 days 13:16:00,"[0, 0, 1, 1]",187,48.2,"81 Trucks, 20 Fire Extinguisher",59,1800,2.597222222,50,0.036,0.025972222,0.964,0.253588889,Moderate,13
3197,2 days 13:17:00,"[1, 0, 1, 0]",119,46.3,"65 Trucks, 66 Trucks",70,1800,1.652777778,50,0.074,0.016527778,0.926,0.301411111,High,13
3198,2 days 13:18:00,"[0, 0, 1, 0]",57,23.1,"78 Cars, 78 Trucks",76,1800,0.791666667,50,0.538,0.007916667,0.462,0.414766667,Very High,13
3199,2 days 13:19:00,"[1, 1, 1, 1]",158,31.8,"48 Vans, 38 Cars, 11 Vans, 28 Ambulance",82,1800,2.194444444,50,0.364,0.021944444,0.636,0.409577778,Very High,13
3200,2 days 13:20:00,"[0, 1, 0, 1]",162,36.6,"23 Fire Extinguisher, 17 Vans",77,1800,2.25,50,0.268,0.0225,0.732,0.3706,High,13
3201,2 days 13:21:00,"[1, 1, 0, 0]",134,35.1,"71 Patrol, 26 Trucks, 33 Cars, 47 Bikes",85,1800,1.861111111,50,0.298,0.018611111,0.702,0.407044444,Very High,13
3202,2 days 13:22:00,"[1, 1, 0, 1]",112,25.8,"28 Patrol, 12 Ambulance",33,1800,1.555555556,50,0.484,0.015555556,0.516,0.235022222,Moderate,13
3203,2 days 13:23:00,"[0, 0, 1, 1]",194,45.8,"56 Fire Extinguisher, 61 Cars",34,1800,2.694444444,50,0.084,0.026944444,0.916,0.163577778,Low,13
3204,2 days 13:24:00,"[0, 1, 0, 0]",157,40.3,"90 Bikes, 98 Cars",78,1800,2.180555556,50,0.194,0.021805556,0.806,0.359522222,High,13
3205,2 days 13:25:00,"[1, 0, 1, 0]",146,45.1,"91 Fire Extinguisher, 74 Vans, 32 Patrol, 48 Vans",39,1800,2.027777778,50,0.098,0.020277778,0.902,0.183711111,Low,13
3206,2 days 13:26:00,"[1, 0, 1, 1]",99,45.8,"17 Ambulance, 66 Vans, 75 Ambulance",45,1800,1.375,50,0.084,0.01375,0.916,0.2023,Moderate,13
3207,2 days 13:27:00,"[0, 1, 0, 0]",51,42.5,"14 Bikes, 18 Ambulance, 45 Vans",83,1800,0.708333333,50,0.15,0.007083333,0.85,0.364833333,High,13
3208,2 days 13:28:00,"[1, 1, 0, 0]",127,33.2,"73 Cars, 76 Fire Extinguisher, 61 Bikes, 52 Trucks",77,1800,1.763888889,50,0.336,0.017638889,0.664,0.382255556,High,13
3209,2 days 13:29:00,"[1, 1, 0, 0]",118,38.3,"89 Ambulance, 66 Cars, 64 Fire Extinguisher",77,1800,1.638888889,50,0.234,0.016388889,0.766,0.361355556,High,13
3210,2 days 13:30:00,"[1, 0, 0, 1]",153,24.8,"25 Patrol, 81 Trucks, 26 Bikes",68,1800,2.125,50,0.504,0.02125,0.496,0.3813,High,13
3211,2 days 13:31:00,"[0, 1, 1, 1]",126,40.2,"36 Fire Extinguisher, 44 Cars, 10 Ambulance, 21 Trucks",42,1800,1.75,50,0.196,0.0175,0.804,0.2142,Moderate,13
3212,2 days 13:32:00,"[1, 1, 0, 0]",134,25.4,"23 Vans, 39 Patrol, 51 Cars, 73 Vans",77,1800,1.861111111,50,0.492,0.018611111,0.508,0.413844444,Very High,13
3213,2 days 13:33:00,"[1, 1, 1, 0]",74,40.8,"57 Trucks, 53 Ambulance",67,1800,1.027777778,50,0.184,0.010277778,0.816,0.308911111,High,13
3214,2 days 13:34:00,"[0, 0, 1, 0]",71,26.9,"76 Trucks, 84 Trucks",33,1800,0.986111111,50,0.462,0.009861111,0.538,0.228344444,Moderate,13
3215,2 days 13:35:00,"[0, 1, 0, 0]",85,23.5,"52 Cars, 31 Vans, 13 Patrol",90,1800,1.180555556,50,0.53,0.011805556,0.47,0.470722222,Very High,13
3216,2 days 13:36:00,"[1, 1, 1, 0]",156,25.0,"79 Trucks, 70 Ambulance, 29 Fire Extinguisher, 72 Vans",73,1800,2.166666667,50,0.5,0.021666667,0.5,0.400666667,Very High,13
3217,2 days 13:37:00,"[1, 1, 0, 0]",146,20.1,"68 Bikes, 79 Trucks, 29 Cars, 97 Patrol",53,1800,2.027777778,50,0.598,0.020277778,0.402,0.339711111,High,13
3218,2 days 13:38:00,"[1, 1, 0, 0]",133,41.6,"49 Ambulance, 19 Fire Extinguisher, 10 Trucks, 50 Bikes",50,1800,1.847222222,50,0.168,0.018472222,0.832,0.240988889,Moderate,13
3219,2 days 13:39:00,"[1, 1, 0, 0]",133,42.0,"66 Patrol, 96 Patrol, 54 Ambulance, 81 Trucks",53,1800,1.847222222,50,0.16,0.018472222,0.84,0.251388889,Moderate,13
3220,2 days 13:40:00,"[1, 1, 1, 1]",55,35.4,"29 Bikes, 90 Cars, 24 Vans, 61 Bikes",43,1800,0.763888889,50,0.292,0.007638889,0.708,0.233455556,Moderate,13
3221,2 days 13:41:00,"[0, 1, 0, 0]",89,24.8,"84 Ambulance, 34 Ambulance, 97 Fire Extinguisher, 55 Patrol",88,1800,1.236111111,50,0.504,0.012361111,0.496,0.457744444,Very High,13
3222,2 days 13:42:00,"[1, 1, 0, 1]",86,22.5,"13 Ambulance, 23 Cars, 91 Patrol, 34 Patrol",78,1800,1.194444444,50,0.55,0.011944444,0.45,0.426777778,Very High,13
3223,2 days 13:43:00,"[0, 0, 1, 1]",179,20.6,"39 Cars, 93 Bikes",43,1800,2.486111111,50,0.588,0.024861111,0.412,0.299544444,Moderate,13
3224,2 days 13:44:00,"[0, 1, 1, 1]",52,25.0,"65 Patrol, 18 Patrol, 40 Fire Extinguisher, 91 Bikes",65,1800,0.722222222,50,0.5,0.007222222,0.5,0.362888889,High,13
3225,2 days 13:45:00,"[0, 1, 0, 1]",161,46.7,"31 Fire Extinguisher, 81 Cars",59,1800,2.236111111,50,0.066,0.022361111,0.934,0.258144444,Moderate,13
3226,2 days 13:46:00,"[0, 1, 0, 0]",134,27.2,"13 Vans, 88 Vans, 72 Patrol",40,1800,1.861111111,50,0.456,0.018611111,0.544,0.258644444,Moderate,13
3227,2 days 13:47:00,"[0, 1, 1, 0]",180,30.6,"88 Ambulance, 76 Patrol, 33 Patrol",69,1800,2.5,50,0.388,0.025,0.612,0.3636,High,13
3228,2 days 13:48:00,"[0, 0, 1, 1]",154,23.2,"44 Ambulance, 34 Fire Extinguisher",51,1800,2.138888889,50,0.536,0.021388889,0.464,0.319755556,High,13
3229,2 days 13:49:00,"[0, 0, 1, 1]",158,26.7,"77 Ambulance, 56 Trucks, 47 Cars, 71 Ambulance",58,1800,2.194444444,50,0.466,0.021944444,0.534,0.333977778,High,13
3230,2 days 13:50:00,"[1, 0, 1, 1]",148,35.6,"56 Cars, 42 Vans, 67 Patrol, 69 Bikes",40,1800,2.055555556,50,0.288,0.020555556,0.712,0.225822222,Moderate,13
3231,2 days 13:51:00,"[0, 0, 1, 1]",163,38.2,"44 Ambulance, 44 Vans, 44 Trucks",36,1800,2.263888889,50,0.236,0.022638889,0.764,0.200255556,Moderate,13
3232,2 days 13:52:00,"[0, 0, 0, 1]",147,27.4,"71 Trucks, 88 Ambulance, 36 Bikes",79,1800,2.041666667,50,0.452,0.020416667,0.548,0.414566667,Very High,13
3233,2 days 13:53:00,"[1, 0, 0, 1]",78,21.7,"14 Bikes, 37 Bikes",46,1800,1.083333333,50,0.566,0.010833333,0.434,0.301533333,High,13
3234,2 days 13:54:00,"[1, 0, 0, 1]",63,31.7,"74 Fire Extinguisher, 16 Fire Extinguisher",49,1800,0.875,50,0.366,0.00875,0.634,0.2727,Moderate,13
3235,2 days 13:55:00,"[0, 0, 0, 0]",137,27.0,"65 Fire Extinguisher, 51 Ambulance, 67 Fire Extinguisher, 99 Patrol",83,1800,1.902777778,50,0.46,0.019027778,0.54,0.431611111,Very High,13
3236,2 days 13:56:00,"[0, 0, 1, 1]",136,26.6,"98 Bikes, 80 Ambulance",30,1800,1.888888889,50,0.468,0.018888889,0.532,0.221155556,Moderate,13
3237,2 days 13:57:00,"[0, 0, 1, 0]",171,48.8,"98 Bikes, 12 Ambulance, 13 Cars, 57 Ambulance",69,1800,2.375,50,0.024,0.02375,0.976,0.2903,Moderate,13
3238,2 days 13:58:00,"[0, 1, 1, 0]",176,38.5,"77 Trucks, 51 Trucks, 45 Trucks",42,1800,2.444444444,50,0.23,0.024444444,0.77,0.223777778,Moderate,13
3239,2 days 13:59:00,"[0, 0, 1, 1]",197,36.7,"28 Trucks, 52 Patrol, 91 Cars",65,1800,2.736111111,50,0.266,0.027361111,0.734,0.324144444,High,13
3240,2 days 14:00:00,"[1, 0, 0, 1]",195,32.5,"14 Patrol, 45 Bikes, 57 Patrol",86,1800,2.708333333,50,0.35,0.027083333,0.65,0.424833333,Very High,14
3241,2 days 14:01:00,"[1, 1, 0, 0]",188,32.9,"41 Vans, 65 Patrol",90,1800,2.611111111,50,0.342,0.026111111,0.658,0.438844444,Very High,14
3242,2 days 14:02:00,"[1, 0, 0, 0]",61,36.2,"67 Vans, 72 Ambulance, 31 Ambulance, 83 Ambulance",79,1800,0.847222222,50,0.276,0.008472222,0.724,0.374588889,High,14
3243,2 days 14:03:00,"[0, 0, 0, 0]",150,40.9,"69 Bikes, 34 Patrol, 74 Trucks",59,1800,2.083333333,50,0.182,0.020833333,0.818,0.280733333,Moderate,14
3244,2 days 14:04:00,"[1, 0, 1, 1]",122,41.1,"49 Cars, 11 Bikes, 55 Cars",79,1800,1.694444444,50,0.178,0.016944444,0.822,0.358377778,High,14
3245,2 days 14:05:00,"[1, 0, 1, 0]",138,25.2,"79 Trucks, 18 Cars, 19 Fire Extinguisher",43,1800,1.916666667,50,0.496,0.019166667,0.504,0.278866667,Moderate,14
3246,2 days 14:06:00,"[1, 1, 0, 1]",191,35.0,"17 Fire Extinguisher, 19 Cars, 65 Trucks, 92 Vans",59,1800,2.652777778,50,0.3,0.026527778,0.7,0.306611111,High,14
3247,2 days 14:07:00,"[0, 1, 1, 1]",164,32.4,"16 Patrol, 76 Patrol, 10 Ambulance",68,1800,2.277777778,50,0.352,0.022777778,0.648,0.351511111,High,14
3248,2 days 14:08:00,"[1, 1, 0, 1]",176,46.1,"59 Ambulance, 38 Patrol, 97 Cars",39,1800,2.444444444,50,0.078,0.024444444,0.922,0.181377778,Low,14
3249,2 days 14:09:00,"[1, 1, 0, 0]",62,38.9,"21 Ambulance, 46 Bikes",86,1800,0.861111111,50,0.222,0.008611111,0.778,0.391844444,High,14
3250,2 days 14:10:00,"[0, 0, 1, 1]",80,36.0,"69 Patrol, 40 Ambulance, 62 Patrol",53,1800,1.111111111,50,0.28,0.011111111,0.72,0.272444444,Moderate,14
3251,2 days 14:11:00,"[1, 0, 0, 1]",73,23.5,"52 Vans, 26 Ambulance, 32 Trucks",60,1800,1.013888889,50,0.53,0.010138889,0.47,0.350055556,High,14
3252,2 days 14:12:00,"[1, 1, 1, 0]",101,38.2,"26 Cars, 66 Trucks",53,1800,1.402777778,50,0.236,0.014027778,0.764,0.264811111,Moderate,14
3253,2 days 14:13:00,"[0, 1, 1, 1]",154,23.5,"24 Patrol, 50 Vans",59,1800,2.138888889,50,0.53,0.021388889,0.47,0.350555556,High,14
3254,2 days 14:14:00,"[1, 0, 1, 0]",93,30.1,"48 Vans, 43 Cars, 62 Bikes",66,1800,1.291666667,50,0.398,0.012916667,0.602,0.348766667,High,14
3255,2 days 14:15:00,"[0, 0, 1, 0]",143,24.3,"38 Fire Extinguisher, 39 Trucks, 53 Patrol",57,1800,1.986111111,50,0.514,0.019861111,0.486,0.338744444,High,14
3256,2 days 14:16:00,"[0, 0, 0, 1]",64,40.8,"66 Cars, 37 Ambulance, 34 Cars",72,1800,0.888888889,50,0.184,0.008888889,0.816,0.328355556,High,14
3257,2 days 14:17:00,"[0, 0, 0, 1]",199,26.2,"94 Cars, 54 Trucks",66,1800,2.763888889,50,0.476,0.027638889,0.524,0.370255556,High,14
3258,2 days 14:18:00,"[1, 0, 0, 1]",198,31.8,"85 Cars, 57 Vans, 73 Ambulance",90,1800,2.75,50,0.364,0.0275,0.636,0.4438,Very High,14
3259,2 days 14:19:00,"[1, 0, 0, 0]",115,46.9,"71 Trucks, 70 Bikes",59,1800,1.597222222,50,0.062,0.015972222,0.938,0.254788889,Moderate,14
3260,2 days 14:20:00,"[1, 1, 0, 1]",198,26.1,"50 Cars, 69 Bikes, 31 Bikes",40,1800,2.75,50,0.478,0.0275,0.522,0.2666,Moderate,14
3261,2 days 14:21:00,"[0, 0, 1, 0]",106,35.2,"79 Bikes, 58 Fire Extinguisher",59,1800,1.472222222,50,0.296,0.014722222,0.704,0.301088889,High,14
3262,2 days 14:22:00,"[0, 1, 1, 0]",152,32.6,"42 Vans, 22 Fire Extinguisher",67,1800,2.111111111,50,0.348,0.021111111,0.652,0.346044444,High,14
3263,2 days 14:23:00,"[0, 0, 0, 0]",73,20.5,"70 Vans, 40 Trucks, 56 Patrol, 11 Fire Extinguisher",54,1800,1.013888889,50,0.59,0.010138889,0.41,0.338055556,High,14
3264,2 days 14:24:00,"[0, 0, 0, 1]",117,43.8,"77 Cars, 37 Vans, 70 Fire Extinguisher, 86 Fire Extinguisher",52,1800,1.625,50,0.124,0.01625,0.876,0.2393,Moderate,14
3265,2 days 14:25:00,"[1, 0, 1, 1]",108,22.1,"27 Fire Extinguisher, 45 Patrol, 85 Patrol",65,1800,1.5,50,0.558,0.015,0.442,0.3776,High,14
3266,2 days 14:26:00,"[0, 1, 1, 1]",168,34.2,"15 Ambulance, 26 Patrol, 80 Trucks, 48 Patrol",80,1800,2.333333333,50,0.316,0.023333333,0.684,0.392533333,High,14
3267,2 days 14:27:00,"[0, 1, 0, 1]",131,36.8,"70 Ambulance, 19 Bikes, 42 Trucks",49,1800,1.819444444,50,0.264,0.018194444,0.736,0.256077778,Moderate,14
3268,2 days 14:28:00,"[0, 0, 0, 0]",126,38.9,"78 Fire Extinguisher, 81 Cars",49,1800,1.75,50,0.222,0.0175,0.778,0.2474,Moderate,14
3269,2 days 14:29:00,"[0, 1, 0, 0]",124,40.7,"56 Fire Extinguisher, 34 Ambulance, 71 Bikes, 76 Vans",65,1800,1.722222222,50,0.186,0.017222222,0.814,0.304088889,High,14
3270,2 days 14:30:00,"[1, 1, 1, 1]",195,27.6,"19 Fire Extinguisher, 91 Ambulance, 76 Ambulance",62,1800,2.708333333,50,0.448,0.027083333,0.552,0.348433333,High,14
3271,2 days 14:31:00,"[0, 0, 0, 1]",79,20.3,"96 Vans, 19 Ambulance, 73 Vans",56,1800,1.097222222,50,0.594,0.010972222,0.406,0.347188889,High,14
3272,2 days 14:32:00,"[0, 0, 0, 1]",159,41.7,"82 Vans, 99 Vans, 34 Ambulance",75,1800,2.208333333,50,0.166,0.022083333,0.834,0.342033333,High,14
3273,2 days 14:33:00,"[0, 1, 1, 1]",192,36.1,"45 Fire Extinguisher, 28 Fire Extinguisher",68,1800,2.666666667,50,0.278,0.026666667,0.722,0.338266667,High,14
3274,2 days 14:34:00,"[1, 1, 0, 1]",106,45.1,"77 Trucks, 90 Ambulance, 49 Trucks, 83 Patrol",51,1800,1.472222222,50,0.098,0.014722222,0.902,0.229488889,Moderate,14
3275,2 days 14:35:00,"[1, 1, 1, 1]",199,44.6,"74 Fire Extinguisher, 34 Vans, 92 Fire Extinguisher",71,1800,2.763888889,50,0.108,0.027638889,0.892,0.316655556,High,14
3276,2 days 14:36:00,"[0, 0, 1, 1]",186,45.3,"34 Vans, 17 Bikes",36,1800,2.583333333,50,0.094,0.025833333,0.906,0.173133333,Low,14
3277,2 days 14:37:00,"[0, 0, 1, 0]",141,34.6,"46 Ambulance, 97 Trucks, 26 Patrol, 54 Cars",89,1800,1.958333333,50,0.308,0.019583333,0.692,0.425433333,Very High,14
3278,2 days 14:38:00,"[0, 0, 1, 0]",197,30.0,"96 Vans, 38 Ambulance, 29 Patrol",72,1800,2.736111111,50,0.4,0.027361111,0.6,0.378944444,High,14
3279,2 days 14:39:00,"[0, 1, 0, 0]",73,43.7,"37 Vans, 88 Trucks, 57 Ambulance, 80 Ambulance",39,1800,1.013888889,50,0.126,0.010138889,0.874,0.185255556,Low,14
3280,2 days 14:40:00,"[1, 0, 0, 1]",161,33.5,"41 Cars, 76 Ambulance, 98 Fire Extinguisher, 40 Cars",31,1800,2.236111111,50,0.33,0.022361111,0.67,0.198944444,Low,14
3281,2 days 14:41:00,"[0, 1, 1, 1]",126,25.5,"100 Bikes, 45 Fire Extinguisher, 85 Trucks, 93 Ambulance",69,1800,1.75,50,0.49,0.0175,0.51,0.381,High,14
3282,2 days 14:42:00,"[0, 1, 0, 0]",85,45.6,"71 Fire Extinguisher, 35 Ambulance",88,1800,1.180555556,50,0.088,0.011805556,0.912,0.374322222,High,14
3283,2 days 14:43:00,"[0, 1, 1, 1]",107,46.5,"32 Fire Extinguisher, 47 Cars",67,1800,1.486111111,50,0.07,0.014861111,0.93,0.287944444,Moderate,14
3284,2 days 14:44:00,"[0, 1, 1, 1]",53,34.0,"85 Fire Extinguisher, 97 Bikes, 82 Fire Extinguisher",56,1800,0.736111111,50,0.32,0.007361111,0.68,0.290944444,Moderate,14
3285,2 days 14:45:00,"[1, 0, 0, 0]",185,22.3,"44 Cars, 18 Fire Extinguisher",67,1800,2.569444444,50,0.554,0.025694444,0.446,0.389077778,High,14
3286,2 days 14:46:00,"[0, 0, 0, 0]",134,31.6,"13 Cars, 59 Cars, 11 Trucks, 27 Bikes",66,1800,1.861111111,50,0.368,0.018611111,0.632,0.345044444,High,14
3287,2 days 14:47:00,"[0, 1, 0, 1]",54,44.1,"33 Fire Extinguisher, 68 Fire Extinguisher, 76 Ambulance",50,1800,0.75,50,0.118,0.0075,0.882,0.2266,Moderate,14
3288,2 days 14:48:00,"[0, 0, 1, 1]",67,47.1,"18 Ambulance, 44 Vans, 63 Patrol",76,1800,0.930555556,50,0.058,0.009305556,0.942,0.319322222,High,14
3289,2 days 14:49:00,"[1, 0, 0, 0]",190,26.1,"24 Trucks, 66 Cars",34,1800,2.638888889,50,0.478,0.026388889,0.522,0.242155556,Moderate,14
3290,2 days 14:50:00,"[1, 1, 1, 0]",139,22.0,"23 Trucks, 44 Patrol",75,1800,1.930555556,50,0.56,0.019305556,0.44,0.419722222,Very High,14
3291,2 days 14:51:00,"[1, 1, 0, 0]",65,46.3,"58 Patrol, 35 Ambulance",53,1800,0.902777778,50,0.074,0.009027778,0.926,0.230411111,Moderate,14
3292,2 days 14:52:00,"[0, 0, 0, 1]",167,31.7,"82 Cars, 70 Bikes, 26 Ambulance, 61 Ambulance",76,1800,2.319444444,50,0.366,0.023194444,0.634,0.386477778,High,14
3293,2 days 14:53:00,"[0, 1, 0, 0]",103,36.3,"99 Ambulance, 12 Trucks",49,1800,1.430555556,50,0.274,0.014305556,0.726,0.256522222,Moderate,14
3294,2 days 14:54:00,"[1, 0, 0, 1]",132,49.0,"46 Vans, 49 Bikes",51,1800,1.833333333,50,0.02,0.018333333,0.98,0.215333333,Moderate,14
3295,2 days 14:55:00,"[0, 1, 0, 0]",162,22.0,"11 Bikes, 44 Fire Extinguisher",40,1800,2.25,50,0.56,0.0225,0.44,0.281,Moderate,14
3296,2 days 14:56:00,"[1, 0, 1, 0]",137,39.4,"36 Bikes, 59 Trucks",67,1800,1.902777778,50,0.212,0.019027778,0.788,0.318011111,High,14
3297,2 days 14:57:00,"[0, 1, 0, 0]",101,22.2,"56 Cars, 11 Patrol, 51 Ambulance",32,1800,1.402777778,50,0.556,0.014027778,0.444,0.244811111,Moderate,14
3298,2 days 14:58:00,"[0, 1, 1, 0]",129,31.3,"38 Trucks, 81 Cars, 96 Cars, 41 Cars",89,1800,1.791666667,50,0.374,0.017916667,0.626,0.437966667,Very High,14
3299,2 days 14:59:00,"[1, 1, 1, 0]",115,44.1,"31 Ambulance, 36 Fire Extinguisher",72,1800,1.597222222,50,0.118,0.015972222,0.882,0.317988889,High,14
3300,2 days 15:00:00,"[0, 1, 1, 0]",79,33.0,"51 Ambulance, 81 Cars",39,1800,1.097222222,50,0.34,0.010972222,0.66,0.228388889,Moderate,15
3301,2 days 15:01:00,"[0, 1, 1, 1]",65,49.9,"42 Vans, 69 Patrol",38,1800,0.902777778,50,0.002,0.009027778,0.998,0.156011111,Low,15
3302,2 days 15:02:00,"[1, 0, 1, 1]",84,36.8,"12 Cars, 85 Patrol, 99 Bikes, 44 Vans",39,1800,1.166666667,50,0.264,0.011666667,0.736,0.213466667,Moderate,15
3303,2 days 15:03:00,"[1, 1, 0, 0]",100,29.6,"84 Ambulance, 78 Cars, 90 Cars",77,1800,1.388888889,50,0.408,0.013888889,0.592,0.395155556,High,15
3304,2 days 15:04:00,"[1, 0, 0, 0]",161,26.6,"40 Vans, 12 Ambulance",68,1800,2.236111111,50,0.468,0.022361111,0.532,0.374544444,High,15
3305,2 days 15:05:00,"[1, 0, 0, 0]",163,30.5,"66 Vans, 33 Fire Extinguisher, 31 Vans",65,1800,2.263888889,50,0.39,0.022638889,0.61,0.347055556,High,15
3306,2 days 15:06:00,"[1, 1, 1, 1]",177,31.2,"45 Cars, 35 Fire Extinguisher",39,1800,2.458333333,50,0.376,0.024583333,0.624,0.241033333,Moderate,15
3307,2 days 15:07:00,"[1, 1, 1, 1]",185,22.1,"62 Vans, 13 Fire Extinguisher",58,1800,2.569444444,50,0.558,0.025694444,0.442,0.353877778,High,15
3308,2 days 15:08:00,"[0, 0, 1, 1]",180,31.1,"95 Vans, 77 Cars, 14 Fire Extinguisher",75,1800,2.5,50,0.378,0.025,0.622,0.3856,High,15
3309,2 days 15:09:00,"[0, 1, 1, 1]",81,33.9,"50 Ambulance, 81 Bikes",81,1800,1.125,50,0.322,0.01125,0.678,0.3929,High,15
3310,2 days 15:10:00,"[1, 0, 1, 1]",93,41.7,"75 Trucks, 48 Trucks",83,1800,1.291666667,50,0.166,0.012916667,0.834,0.370366667,High,15
3311,2 days 15:11:00,"[1, 1, 0, 0]",154,39.7,"75 Fire Extinguisher, 81 Ambulance, 40 Fire Extinguisher",36,1800,2.138888889,50,0.206,0.021388889,0.794,0.193755556,Low,15
3312,2 days 15:12:00,"[0, 0, 0, 0]",190,41.3,"21 Vans, 34 Bikes",81,1800,2.638888889,50,0.174,0.026388889,0.826,0.369355556,High,15
3313,2 days 15:13:00,"[0, 1, 1, 0]",51,20.3,"47 Trucks, 37 Patrol, 68 Patrol",88,1800,0.708333333,50,0.594,0.007083333,0.406,0.473633333,Very High,15
3314,2 days 15:14:00,"[1, 1, 0, 1]",170,26.5,"61 Fire Extinguisher, 99 Patrol, 83 Cars, 72 Ambulance",75,1800,2.361111111,50,0.47,0.023611111,0.53,0.403444444,Very High,15
3315,2 days 15:15:00,"[1, 0, 0, 0]",196,39.9,"27 Patrol, 75 Trucks, 48 Fire Extinguisher, 79 Trucks",73,1800,2.722222222,50,0.202,0.027222222,0.798,0.343288889,High,15
3316,2 days 15:16:00,"[1, 1, 1, 0]",96,34.5,"39 Cars, 46 Fire Extinguisher, 22 Trucks",49,1800,1.333333333,50,0.31,0.013333333,0.69,0.263333333,Moderate,15
3317,2 days 15:17:00,"[0, 0, 0, 0]",151,20.2,"72 Fire Extinguisher, 86 Patrol, 29 Ambulance, 34 Trucks",35,1800,2.097222222,50,0.596,0.020972222,0.404,0.267588889,Moderate,15
3318,2 days 15:18:00,"[1, 0, 1, 1]",175,44.1,"37 Vans, 91 Vans",45,1800,2.430555556,50,0.118,0.024305556,0.882,0.213322222,Moderate,15
3319,2 days 15:19:00,"[0, 0, 0, 0]",166,43.2,"20 Fire Extinguisher, 69 Patrol",45,1800,2.305555556,50,0.136,0.023055556,0.864,0.216422222,Moderate,15
3320,2 days 15:20:00,"[1, 1, 0, 0]",185,36.5,"34 Fire Extinguisher, 62 Bikes, 75 Ambulance, 74 Fire Extinguisher",59,1800,2.569444444,50,0.27,0.025694444,0.73,0.300277778,High,15
3321,2 days 15:21:00,"[1, 1, 0, 0]",71,22.0,"15 Cars, 64 Vans, 50 Trucks",39,1800,0.986111111,50,0.56,0.009861111,0.44,0.271944444,Moderate,15
3322,2 days 15:22:00,"[0, 0, 0, 0]",101,43.0,"44 Cars, 10 Cars",39,1800,1.402777778,50,0.14,0.014027778,0.86,0.189611111,Low,15
3323,2 days 15:23:00,"[1, 0, 0, 1]",90,37.5,"19 Vans, 57 Bikes",43,1800,1.25,50,0.25,0.0125,0.75,0.227,Moderate,15
3324,2 days 15:24:00,"[0, 0, 1, 0]",127,43.5,"49 Bikes, 94 Vans, 16 Trucks",77,1800,1.763888889,50,0.13,0.017638889,0.87,0.341055556,High,15
3325,2 days 15:25:00,"[0, 1, 1, 0]",180,42.6,"91 Fire Extinguisher, 52 Patrol, 31 Cars, 72 Patrol",32,1800,2.5,50,0.148,0.025,0.852,0.1676,Low,15
3326,2 days 15:26:00,"[0, 0, 1, 1]",166,44.1,"71 Fire Extinguisher, 53 Ambulance, 38 Bikes",67,1800,2.305555556,50,0.118,0.023055556,0.882,0.300822222,High,15
3327,2 days 15:27:00,"[1, 0, 1, 1]",110,35.5,"25 Bikes, 37 Patrol, 85 Bikes, 28 Vans",68,1800,1.527777778,50,0.29,0.015277778,0.71,0.336111111,High,15
3328,2 days 15:28:00,"[0, 0, 0, 0]",93,24.2,"28 Fire Extinguisher, 91 Ambulance, 66 Bikes, 32 Ambulance",33,1800,1.291666667,50,0.516,0.012916667,0.484,0.240366667,Moderate,15
3329,2 days 15:29:00,"[0, 0, 1, 1]",71,40.1,"96 Bikes, 56 Patrol",36,1800,0.986111111,50,0.198,0.009861111,0.802,0.187544444,Low,15
3330,2 days 15:30:00,"[1, 0, 1, 0]",97,38.6,"69 Bikes, 89 Fire Extinguisher, 39 Ambulance, 27 Cars",62,1800,1.347222222,50,0.228,0.013472222,0.772,0.298988889,Moderate,15
3331,2 days 15:31:00,"[0, 1, 0, 0]",163,42.3,"48 Bikes, 85 Cars, 21 Vans, 40 Cars",75,1800,2.263888889,50,0.154,0.022638889,0.846,0.339855556,High,15
3332,2 days 15:32:00,"[1, 0, 0, 1]",156,25.1,"37 Vans, 52 Patrol, 90 Cars, 19 Trucks",66,1800,2.166666667,50,0.498,0.021666667,0.502,0.372266667,High,15
3333,2 days 15:33:00,"[1, 1, 0, 1]",156,25.8,"79 Vans, 28 Vans, 52 Fire Extinguisher",63,1800,2.166666667,50,0.484,0.021666667,0.516,0.357466667,High,15
3334,2 days 15:34:00,"[1, 1, 1, 0]",124,46.7,"76 Bikes, 89 Trucks, 41 Trucks, 79 Fire Extinguisher",78,1800,1.722222222,50,0.066,0.017222222,0.934,0.332088889,High,15
3335,2 days 15:35:00,"[1, 0, 0, 0]",107,42.5,"14 Patrol, 12 Bikes, 69 Fire Extinguisher",54,1800,1.486111111,50,0.15,0.014861111,0.85,0.251944444,Moderate,15
3336,2 days 15:36:00,"[1, 0, 0, 1]",95,47.2,"37 Trucks, 68 Trucks, 53 Fire Extinguisher",72,1800,1.319444444,50,0.056,0.013194444,0.944,0.304477778,High,15
3337,2 days 15:37:00,"[1, 0, 0, 1]",168,42.8,"84 Ambulance, 45 Trucks, 49 Fire Extinguisher",31,1800,2.333333333,50,0.144,0.023333333,0.856,0.162133333,Low,15
3338,2 days 15:38:00,"[1, 0, 1, 0]",71,37.9,"80 Fire Extinguisher, 84 Trucks",90,1800,0.986111111,50,0.242,0.009861111,0.758,0.412344444,Very High,15
3339,2 days 15:39:00,"[1, 0, 0, 0]",79,39.6,"69 Vans, 99 Cars, 71 Bikes",66,1800,1.097222222,50,0.208,0.010972222,0.792,0.309988889,High,15
3340,2 days 15:40:00,"[0, 0, 0, 1]",143,46.7,"94 Trucks, 87 Ambulance, 47 Fire Extinguisher, 34 Fire Extinguisher",50,1800,1.986111111,50,0.066,0.019861111,0.934,0.221144444,Moderate,15
3341,2 days 15:41:00,"[0, 1, 0, 1]",148,37.4,"78 Vans, 100 Trucks, 63 Vans, 41 Cars",89,1800,2.055555556,50,0.252,0.020555556,0.748,0.414622222,Very High,15
3342,2 days 15:42:00,"[0, 1, 1, 1]",181,39.0,"86 Cars, 93 Trucks, 39 Ambulance",63,1800,2.513888889,50,0.22,0.025138889,0.78,0.306055556,High,15
3343,2 days 15:43:00,"[0, 0, 0, 0]",116,24.7,"70 Ambulance, 57 Patrol, 95 Bikes",87,1800,1.611111111,50,0.506,0.016111111,0.494,0.455644444,Very High,15
3344,2 days 15:44:00,"[0, 1, 0, 0]",82,34.2,"86 Fire Extinguisher, 68 Bikes, 83 Fire Extinguisher",87,1800,1.138888889,50,0.316,0.011388889,0.684,0.415755556,Very High,15
3345,2 days 15:45:00,"[1, 1, 0, 0]",171,41.5,"52 Cars, 42 Cars, 34 Bikes",70,1800,2.375,50,0.17,0.02375,0.83,0.3235,High,15
3346,2 days 15:46:00,"[0, 1, 0, 0]",78,28.1,"53 Patrol, 80 Patrol, 78 Patrol",44,1800,1.083333333,50,0.438,0.010833333,0.562,0.267933333,Moderate,15
3347,2 days 15:47:00,"[0, 0, 0, 1]",172,26.1,"67 Bikes, 55 Vans, 13 Trucks, 77 Fire Extinguisher",34,1800,2.388888889,50,0.478,0.023888889,0.522,0.241155556,Moderate,15
3348,2 days 15:48:00,"[1, 0, 0, 0]",131,29.4,"86 Patrol, 52 Cars, 69 Bikes",43,1800,1.819444444,50,0.412,0.018194444,0.588,0.261677778,Moderate,15
3349,2 days 15:49:00,"[0, 0, 1, 0]",123,27.2,"95 Trucks, 11 Fire Extinguisher, 83 Bikes, 22 Ambulance",44,1800,1.708333333,50,0.456,0.017083333,0.544,0.274033333,Moderate,15
3350,2 days 15:50:00,"[0, 1, 1, 0]",101,26.4,"68 Trucks, 28 Ambulance, 66 Bikes",36,1800,1.402777778,50,0.472,0.014027778,0.528,0.244011111,Moderate,15
3351,2 days 15:51:00,"[0, 1, 1, 1]",189,32.7,"24 Trucks, 17 Trucks, 86 Patrol",68,1800,2.625,50,0.346,0.02625,0.654,0.3517,High,15
3352,2 days 15:52:00,"[1, 1, 1, 0]",65,47.2,"34 Bikes, 55 Bikes, 15 Fire Extinguisher",89,1800,0.902777778,50,0.056,0.009027778,0.944,0.370811111,High,15
3353,2 days 15:53:00,"[0, 0, 0, 1]",113,35.2,"29 Fire Extinguisher, 33 Ambulance, 20 Fire Extinguisher, 98 Ambulance",83,1800,1.569444444,50,0.296,0.015694444,0.704,0.397477778,High,15
3354,2 days 15:54:00,"[0, 0, 1, 1]",68,25.6,"15 Bikes, 54 Fire Extinguisher",31,1800,0.944444444,50,0.488,0.009444444,0.512,0.225377778,Moderate,15
3355,2 days 15:55:00,"[0, 0, 0, 0]",79,22.3,"30 Bikes, 23 Vans, 31 Trucks",34,1800,1.097222222,50,0.554,0.010972222,0.446,0.251188889,Moderate,15
3356,2 days 15:56:00,"[0, 1, 1, 1]",130,40.9,"10 Cars, 97 Vans, 51 Cars, 92 Vans",69,1800,1.805555556,50,0.182,0.018055556,0.818,0.319622222,High,15
3357,2 days 15:57:00,"[0, 1, 0, 0]",59,31.5,"54 Cars, 77 Bikes, 99 Fire Extinguisher",57,1800,0.819444444,50,0.37,0.008194444,0.63,0.305277778,High,15
3358,2 days 15:58:00,"[0, 0, 0, 1]",190,44.7,"18 Patrol, 27 Patrol, 67 Cars, 66 Cars",64,1800,2.638888889,50,0.106,0.026388889,0.894,0.287755556,Moderate,15
3359,2 days 15:59:00,"[1, 1, 0, 0]",179,39.8,"22 Bikes, 17 Trucks, 87 Fire Extinguisher",90,1800,2.486111111,50,0.204,0.024861111,0.796,0.410744444,Very High,15
3360,2 days 16:00:00,"[0, 0, 0, 1]",118,43.9,"77 Cars, 95 Vans, 33 Bikes, 56 Bikes",81,1800,1.638888889,50,0.122,0.016388889,0.878,0.354955556,High,16
3361,2 days 16:01:00,"[1, 1, 0, 1]",184,28.2,"92 Patrol, 88 Cars",31,1800,2.555555556,50,0.436,0.025555556,0.564,0.221422222,Moderate,16
3362,2 days 16:02:00,"[1, 0, 0, 0]",63,40.8,"21 Patrol, 85 Bikes",43,1800,0.875,50,0.184,0.00875,0.816,0.2123,Moderate,16
3363,2 days 16:03:00,"[1, 0, 0, 1]",158,27.9,"83 Ambulance, 48 Vans",90,1800,2.194444444,50,0.442,0.021944444,0.558,0.457177778,Very High,16
3364,2 days 16:04:00,"[1, 1, 0, 0]",125,48.2,"79 Trucks, 32 Ambulance, 32 Fire Extinguisher, 30 Cars",77,1800,1.736111111,50,0.036,0.017361111,0.964,0.322144444,High,16
3365,2 days 16:05:00,"[0, 1, 1, 0]",146,39.1,"12 Bikes, 68 Vans, 16 Trucks, 51 Cars",33,1800,2.027777778,50,0.218,0.020277778,0.782,0.183711111,Low,16
3366,2 days 16:06:00,"[1, 1, 0, 1]",174,29.7,"25 Cars, 19 Trucks, 88 Vans, 26 Vans",31,1800,2.416666667,50,0.406,0.024166667,0.594,0.214866667,Moderate,16
3367,2 days 16:07:00,"[1, 1, 1, 0]",185,28.1,"43 Vans, 89 Vans, 64 Bikes",37,1800,2.569444444,50,0.438,0.025694444,0.562,0.245877778,Moderate,16
3368,2 days 16:08:00,"[1, 0, 0, 0]",188,25.7,"98 Ambulance, 77 Ambulance, 53 Trucks, 26 Ambulance",57,1800,2.611111111,50,0.486,0.026111111,0.514,0.335644444,High,16
3369,2 days 16:09:00,"[0, 1, 0, 1]",109,40.8,"58 Ambulance, 76 Ambulance, 94 Cars",52,1800,1.513888889,50,0.184,0.015138889,0.816,0.250855556,Moderate,16
3370,2 days 16:10:00,"[0, 0, 1, 1]",97,26.6,"74 Bikes, 78 Cars, 51 Bikes",78,1800,1.347222222,50,0.468,0.013472222,0.532,0.410988889,Very High,16
3371,2 days 16:11:00,"[1, 0, 1, 1]",64,37.9,"28 Fire Extinguisher, 35 Bikes",82,1800,0.888888889,50,0.242,0.008888889,0.758,0.379955556,High,16
3372,2 days 16:12:00,"[1, 1, 0, 0]",182,27.9,"73 Cars, 24 Vans, 30 Patrol, 53 Bikes",34,1800,2.527777778,50,0.442,0.025277778,0.558,0.234511111,Moderate,16
3373,2 days 16:13:00,"[0, 0, 1, 0]",177,39.9,"71 Patrol, 47 Fire Extinguisher",66,1800,2.458333333,50,0.202,0.024583333,0.798,0.314233333,High,16
3374,2 days 16:14:00,"[1, 0, 0, 0]",60,44.4,"35 Patrol, 96 Trucks",55,1800,0.833333333,50,0.112,0.008333333,0.888,0.245733333,Moderate,16
3375,2 days 16:15:00,"[0, 1, 1, 0]",186,43.3,"34 Trucks, 26 Trucks, 40 Patrol, 11 Cars",84,1800,2.583333333,50,0.134,0.025833333,0.866,0.373133333,High,16
3376,2 days 16:16:00,"[1, 0, 1, 1]",94,42.8,"76 Patrol, 68 Cars",75,1800,1.305555556,50,0.144,0.013055556,0.856,0.334022222,High,16
3377,2 days 16:17:00,"[0, 1, 0, 0]",122,25.6,"29 Bikes, 72 Fire Extinguisher",58,1800,1.694444444,50,0.488,0.016944444,0.512,0.336377778,High,16
3378,2 days 16:18:00,"[1, 0, 1, 0]",168,22.7,"63 Patrol, 49 Patrol, 92 Patrol, 85 Ambulance",78,1800,2.333333333,50,0.546,0.023333333,0.454,0.430533333,Very High,16
3379,2 days 16:19:00,"[0, 0, 0, 1]",76,41.0,"76 Bikes, 46 Fire Extinguisher, 67 Bikes",37,1800,1.055555556,50,0.18,0.010555556,0.82,0.188222222,Low,16
3380,2 days 16:20:00,"[0, 1, 1, 0]",126,31.1,"49 Ambulance, 71 Cars",61,1800,1.75,50,0.378,0.0175,0.622,0.3266,High,16
3381,2 days 16:21:00,"[1, 1, 1, 0]",190,33.0,"51 Vans, 75 Ambulance, 48 Patrol",30,1800,2.638888889,50,0.34,0.026388889,0.66,0.198555556,Low,16
3382,2 days 16:22:00,"[0, 0, 0, 1]",120,20.9,"49 Ambulance, 72 Fire Extinguisher, 91 Cars, 27 Patrol",74,1800,1.666666667,50,0.582,0.016666667,0.418,0.419066667,Very High,16
3383,2 days 16:23:00,"[0, 1, 1, 0]",191,27.8,"31 Fire Extinguisher, 25 Bikes, 60 Fire Extinguisher, 57 Trucks",39,1800,2.652777778,50,0.444,0.026527778,0.556,0.255411111,Moderate,16
3384,2 days 16:24:00,"[0, 0, 0, 1]",130,21.0,"68 Vans, 82 Patrol, 30 Ambulance, 57 Cars",34,1800,1.805555556,50,0.58,0.018055556,0.42,0.259222222,Moderate,16
3385,2 days 16:25:00,"[1, 1, 0, 0]",192,46.4,"13 Vans, 10 Patrol, 70 Patrol, 60 Vans",57,1800,2.666666667,50,0.072,0.026666667,0.928,0.253066667,Moderate,16
3386,2 days 16:26:00,"[0, 1, 0, 1]",171,27.3,"43 Fire Extinguisher, 20 Bikes, 85 Patrol, 37 Vans",41,1800,2.375,50,0.454,0.02375,0.546,0.2643,Moderate,16
3387,2 days 16:27:00,"[1, 0, 1, 0]",81,36.7,"94 Vans, 61 Cars",36,1800,1.125,50,0.266,0.01125,0.734,0.2017,Moderate,16
3388,2 days 16:28:00,"[1, 0, 1, 1]",76,21.2,"69 Patrol, 85 Bikes, 22 Fire Extinguisher",33,1800,1.055555556,50,0.576,0.010555556,0.424,0.251422222,Moderate,16
3389,2 days 16:29:00,"[0, 1, 1, 0]",128,40.0,"62 Bikes, 58 Vans",73,1800,1.777777778,50,0.2,0.017777778,0.8,0.339111111,High,16
3390,2 days 16:30:00,"[1, 1, 0, 1]",101,29.7,"36 Trucks, 30 Cars",65,1800,1.402777778,50,0.406,0.014027778,0.594,0.346811111,High,16
3391,2 days 16:31:00,"[0, 0, 0, 1]",184,46.9,"65 Cars, 48 Ambulance",61,1800,2.555555556,50,0.062,0.025555556,0.938,0.266622222,Moderate,16
3392,2 days 16:32:00,"[1, 0, 0, 1]",100,46.6,"85 Cars, 93 Fire Extinguisher, 98 Patrol",90,1800,1.388888889,50,0.068,0.013888889,0.932,0.379155556,High,16
3393,2 days 16:33:00,"[0, 1, 1, 1]",121,29.8,"91 Ambulance, 89 Vans",37,1800,1.680555556,50,0.404,0.016805556,0.596,0.235522222,Moderate,16
3394,2 days 16:34:00,"[1, 1, 1, 1]",77,47.0,"92 Trucks, 64 Fire Extinguisher, 13 Ambulance",89,1800,1.069444444,50,0.06,0.010694444,0.94,0.372277778,High,16
3395,2 days 16:35:00,"[0, 1, 0, 0]",118,49.9,"44 Vans, 16 Vans",53,1800,1.638888889,50,0.002,0.016388889,0.998,0.218955556,Moderate,16
3396,2 days 16:36:00,"[0, 0, 1, 1]",112,44.8,"96 Bikes, 21 Fire Extinguisher",34,1800,1.555555556,50,0.104,0.015555556,0.896,0.163022222,Low,16
3397,2 days 16:37:00,"[0, 1, 0, 0]",109,45.3,"89 Trucks, 89 Fire Extinguisher, 14 Vans, 76 Vans",38,1800,1.513888889,50,0.094,0.015138889,0.906,0.176855556,Low,16
3398,2 days 16:38:00,"[1, 1, 1, 0]",156,27.5,"27 Vans, 47 Vans, 53 Bikes",39,1800,2.166666667,50,0.45,0.021666667,0.55,0.254666667,Moderate,16
3399,2 days 16:39:00,"[1, 0, 0, 0]",154,37.3,"85 Ambulance, 54 Patrol, 65 Patrol, 14 Ambulance",88,1800,2.138888889,50,0.254,0.021388889,0.746,0.411355556,Very High,16
3400,2 days 16:40:00,"[1, 0, 1, 1]",132,22.0,"78 Vans, 56 Vans",86,1800,1.833333333,50,0.56,0.018333333,0.44,0.463333333,Very High,16
3401,2 days 16:41:00,"[0, 0, 0, 1]",147,22.8,"65 Ambulance, 29 Ambulance, 30 Vans, 35 Cars",57,1800,2.041666667,50,0.544,0.020416667,0.456,0.344966667,High,16
3402,2 days 16:42:00,"[1, 1, 1, 0]",103,50.0,"97 Fire Extinguisher, 69 Patrol, 55 Bikes",87,1800,1.430555556,50,0.0,0.014305556,1.0,0.353722222,High,16
3403,2 days 16:43:00,"[1, 0, 1, 0]",96,29.8,"19 Ambulance, 31 Bikes",90,1800,1.333333333,50,0.404,0.013333333,0.596,0.446133333,Very High,16
3404,2 days 16:44:00,"[0, 0, 0, 0]",96,42.4,"37 Patrol, 35 Bikes, 62 Fire Extinguisher",32,1800,1.333333333,50,0.152,0.013333333,0.848,0.163733333,Low,16
3405,2 days 16:45:00,"[1, 1, 0, 1]",91,44.2,"52 Cars, 62 Trucks, 40 Trucks, 12 Cars",86,1800,1.263888889,50,0.116,0.012638889,0.884,0.372255556,High,16
3406,2 days 16:46:00,"[0, 1, 0, 1]",192,45.7,"53 Ambulance, 28 Trucks, 82 Ambulance",42,1800,2.666666667,50,0.086,0.026666667,0.914,0.195866667,Low,16
3407,2 days 16:47:00,"[0, 1, 0, 1]",129,49.9,"93 Cars, 46 Ambulance, 64 Fire Extinguisher, 38 Vans",81,1800,1.791666667,50,0.002,0.017916667,0.998,0.331566667,High,16
3408,2 days 16:48:00,"[0, 1, 0, 1]",157,27.2,"55 Cars, 40 Bikes, 53 Fire Extinguisher",84,1800,2.180555556,50,0.456,0.021805556,0.544,0.435922222,Very High,16
3409,2 days 16:49:00,"[0, 0, 0, 1]",141,21.2,"25 Patrol, 44 Vans",89,1800,1.958333333,50,0.576,0.019583333,0.424,0.479033333,Very High,16
3410,2 days 16:50:00,"[0, 0, 1, 1]",146,32.3,"76 Ambulance, 13 Patrol, 90 Patrol",77,1800,2.027777778,50,0.354,0.020277778,0.646,0.386911111,High,16
3411,2 days 16:51:00,"[0, 1, 0, 0]",83,23.9,"13 Patrol, 16 Vans",31,1800,1.152777778,50,0.522,0.011527778,0.478,0.233011111,Moderate,16
3412,2 days 16:52:00,"[0, 0, 0, 0]",124,20.7,"58 Vans, 54 Vans, 87 Fire Extinguisher, 98 Bikes",79,1800,1.722222222,50,0.586,0.017222222,0.414,0.440088889,Very High,16
3413,2 days 16:53:00,"[0, 1, 0, 0]",171,30.8,"90 Vans, 31 Cars, 69 Fire Extinguisher, 76 Ambulance",64,1800,2.375,50,0.384,0.02375,0.616,0.3423,High,16
3414,2 days 16:54:00,"[1, 0, 0, 0]",163,43.5,"56 Fire Extinguisher, 89 Trucks, 79 Patrol",62,1800,2.263888889,50,0.13,0.022638889,0.87,0.283055556,Moderate,16
3415,2 days 16:55:00,"[0, 1, 0, 1]",179,37.0,"73 Patrol, 59 Bikes, 60 Vans, 42 Fire Extinguisher",90,1800,2.486111111,50,0.26,0.024861111,0.74,0.421944444,Very High,16
3416,2 days 16:56:00,"[0, 1, 0, 0]",88,29.4,"71 Fire Extinguisher, 56 Fire Extinguisher, 66 Cars, 34 Patrol",61,1800,1.222222222,50,0.412,0.012222222,0.588,0.331288889,High,16
3417,2 days 16:57:00,"[1, 1, 0, 1]",125,39.6,"40 Patrol, 14 Trucks",72,1800,1.736111111,50,0.208,0.017361111,0.792,0.336544444,High,16
3418,2 days 16:58:00,"[1, 1, 0, 0]",119,27.0,"88 Patrol, 12 Bikes, 39 Vans",32,1800,1.652777778,50,0.46,0.016527778,0.54,0.226611111,Moderate,16
3419,2 days 16:59:00,"[1, 1, 0, 0]",71,20.4,"36 Patrol, 43 Vans",40,1800,0.986111111,50,0.592,0.009861111,0.408,0.282344444,Moderate,16
3420,2 days 17:00:00,"[0, 0, 0, 0]",153,42.9,"96 Cars, 90 Bikes, 18 Vans, 64 Trucks",80,1800,2.125,50,0.142,0.02125,0.858,0.3569,High,17
3421,2 days 17:01:00,"[0, 1, 1, 0]",133,38.7,"34 Trucks, 36 Trucks, 75 Fire Extinguisher",38,1800,1.847222222,50,0.226,0.018472222,0.774,0.204588889,Moderate,17
3422,2 days 17:02:00,"[1, 0, 0, 1]",132,42.9,"10 Cars, 22 Patrol, 28 Patrol",31,1800,1.833333333,50,0.142,0.018333333,0.858,0.159733333,Low,17
3423,2 days 17:03:00,"[1, 0, 1, 1]",136,21.2,"10 Fire Extinguisher, 94 Vans",76,1800,1.888888889,50,0.576,0.018888889,0.424,0.426755556,Very High,17
3424,2 days 17:04:00,"[0, 0, 1, 0]",79,45.1,"92 Fire Extinguisher, 93 Trucks, 37 Cars",30,1800,1.097222222,50,0.098,0.010972222,0.902,0.143988889,Low,17
3425,2 days 17:05:00,"[1, 1, 0, 0]",194,38.6,"48 Cars, 70 Patrol, 28 Ambulance, 47 Trucks",40,1800,2.694444444,50,0.228,0.026944444,0.772,0.216377778,Moderate,17
3426,2 days 17:06:00,"[1, 1, 0, 1]",67,36.9,"62 Patrol, 70 Trucks, 32 Trucks",38,1800,0.930555556,50,0.262,0.009305556,0.738,0.208122222,Moderate,17
3427,2 days 17:07:00,"[1, 0, 0, 0]",124,38.7,"42 Fire Extinguisher, 32 Cars, 92 Bikes",80,1800,1.722222222,50,0.226,0.017222222,0.774,0.372088889,High,17
3428,2 days 17:08:00,"[0, 1, 0, 0]",184,45.9,"91 Fire Extinguisher, 95 Fire Extinguisher, 78 Cars, 73 Vans",74,1800,2.555555556,50,0.082,0.025555556,0.918,0.322622222,High,17
3429,2 days 17:09:00,"[1, 1, 0, 0]",140,37.6,"48 Fire Extinguisher, 33 Fire Extinguisher",36,1800,1.944444444,50,0.248,0.019444444,0.752,0.201377778,Moderate,17
3430,2 days 17:10:00,"[1, 1, 0, 1]",132,37.4,"36 Vans, 100 Cars, 66 Bikes, 74 Fire Extinguisher",48,1800,1.833333333,50,0.252,0.018333333,0.748,0.249733333,Moderate,17
3431,2 days 17:11:00,"[0, 0, 0, 1]",124,49.7,"18 Fire Extinguisher, 46 Fire Extinguisher, 81 Cars, 61 Bikes",49,1800,1.722222222,50,0.006,0.017222222,0.994,0.204088889,Moderate,17
3432,2 days 17:12:00,"[1, 1, 0, 0]",153,42.7,"95 Trucks, 28 Trucks, 81 Ambulance, 44 Bikes",81,1800,2.125,50,0.146,0.02125,0.854,0.3617,High,17
3433,2 days 17:13:00,"[0, 0, 0, 1]",115,33.3,"68 Vans, 14 Cars, 48 Ambulance",90,1800,1.597222222,50,0.334,0.015972222,0.666,0.433188889,Very High,17
3434,2 days 17:14:00,"[1, 0, 1, 0]",117,41.2,"41 Vans, 12 Vans",30,1800,1.625,50,0.176,0.01625,0.824,0.1617,Low,17
3435,2 days 17:15:00,"[1, 0, 0, 0]",86,31.7,"39 Vans, 15 Vans, 94 Fire Extinguisher, 30 Ambulance",73,1800,1.194444444,50,0.366,0.011944444,0.634,0.369977778,High,17
3436,2 days 17:16:00,"[1, 0, 0, 1]",148,26.9,"22 Fire Extinguisher, 40 Ambulance",70,1800,2.055555556,50,0.462,0.020555556,0.538,0.380622222,High,17
3437,2 days 17:17:00,"[1, 0, 1, 1]",68,37.9,"92 Bikes, 22 Vans, 37 Trucks, 36 Vans",88,1800,0.944444444,50,0.242,0.009444444,0.758,0.404177778,Very High,17
3438,2 days 17:18:00,"[0, 0, 0, 0]",200,47.8,"49 Patrol, 16 Trucks",74,1800,2.777777778,50,0.044,0.027777778,0.956,0.315911111,High,17
3439,2 days 17:19:00,"[0, 0, 0, 1]",125,47.9,"16 Ambulance, 56 Bikes, 84 Vans, 21 Trucks",66,1800,1.736111111,50,0.042,0.017361111,0.958,0.279344444,Moderate,17
3440,2 days 17:20:00,"[1, 0, 0, 1]",64,30.3,"25 Vans, 63 Ambulance, 17 Cars",56,1800,0.888888889,50,0.394,0.008888889,0.606,0.306355556,High,17
3441,2 days 17:21:00,"[1, 0, 1, 1]",70,35.8,"44 Fire Extinguisher, 30 Fire Extinguisher, 74 Ambulance",66,1800,0.972222222,50,0.284,0.009722222,0.716,0.324688889,High,17
3442,2 days 17:22:00,"[0, 0, 1, 1]",113,26.3,"93 Vans, 33 Cars, 15 Bikes",33,1800,1.569444444,50,0.474,0.015694444,0.526,0.233077778,Moderate,17
3443,2 days 17:23:00,"[0, 0, 0, 1]",132,49.9,"41 Ambulance, 68 Trucks, 45 Patrol",31,1800,1.833333333,50,0.002,0.018333333,0.998,0.131733333,Low,17
3444,2 days 17:24:00,"[0, 0, 0, 1]",150,49.4,"92 Cars, 75 Ambulance",80,1800,2.083333333,50,0.012,0.020833333,0.988,0.330733333,High,17
3445,2 days 17:25:00,"[0, 0, 0, 1]",195,39.5,"36 Cars, 83 Trucks, 92 Vans",88,1800,2.708333333,50,0.21,0.027083333,0.79,0.404833333,Very High,17
3446,2 days 17:26:00,"[0, 0, 0, 0]",99,44.1,"13 Ambulance, 41 Bikes, 80 Vans",89,1800,1.375,50,0.118,0.01375,0.882,0.3851,High,17
3447,2 days 17:27:00,"[1, 1, 1, 0]",177,41.5,"42 Patrol, 51 Patrol, 64 Fire Extinguisher, 55 Patrol",50,1800,2.458333333,50,0.17,0.024583333,0.83,0.243833333,Moderate,17
3448,2 days 17:28:00,"[1, 1, 1, 0]",63,37.8,"93 Cars, 60 Patrol, 44 Trucks",55,1800,0.875,50,0.244,0.00875,0.756,0.2723,Moderate,17
3449,2 days 17:29:00,"[1, 0, 0, 0]",153,21.6,"59 Ambulance, 83 Bikes",47,1800,2.125,50,0.568,0.02125,0.432,0.3101,High,17
3450,2 days 17:30:00,"[1, 1, 0, 1]",193,33.6,"98 Ambulance, 14 Patrol",57,1800,2.680555556,50,0.328,0.026805556,0.672,0.304322222,High,17
3451,2 days 17:31:00,"[1, 0, 1, 0]",76,40.2,"37 Patrol, 95 Cars, 54 Bikes, 76 Vans",83,1800,1.055555556,50,0.196,0.010555556,0.804,0.375422222,High,17
3452,2 days 17:32:00,"[1, 0, 1, 0]",60,40.3,"39 Vans, 87 Bikes",44,1800,0.833333333,50,0.194,0.008333333,0.806,0.218133333,Moderate,17
3453,2 days 17:33:00,"[0, 0, 0, 0]",143,31.2,"17 Trucks, 90 Bikes, 58 Cars, 12 Bikes",30,1800,1.986111111,50,0.376,0.019861111,0.624,0.203144444,Moderate,17
3454,2 days 17:34:00,"[0, 1, 1, 0]",131,48.3,"99 Trucks, 97 Vans",85,1800,1.819444444,50,0.034,0.018194444,0.966,0.354077778,High,17
3455,2 days 17:35:00,"[1, 0, 1, 0]",84,25.0,"37 Trucks, 90 Cars, 27 Ambulance",60,1800,1.166666667,50,0.5,0.011666667,0.5,0.344666667,High,17
3456,2 days 17:36:00,"[1, 0, 0, 0]",132,35.0,"30 Cars, 24 Cars, 77 Vans",50,1800,1.833333333,50,0.3,0.018333333,0.7,0.267333333,Moderate,17
3457,2 days 17:37:00,"[1, 1, 0, 1]",162,40.7,"67 Fire Extinguisher, 18 Bikes, 55 Trucks",68,1800,2.25,50,0.186,0.0225,0.814,0.3182,High,17
3458,2 days 17:38:00,"[1, 1, 0, 0]",150,40.9,"34 Ambulance, 73 Cars, 83 Bikes",63,1800,2.083333333,50,0.182,0.020833333,0.818,0.296733333,Moderate,17
3459,2 days 17:39:00,"[0, 0, 1, 0]",116,39.5,"39 Vans, 79 Ambulance, 77 Vans, 84 Bikes",69,1800,1.611111111,50,0.21,0.016111111,0.79,0.324444444,High,17
3460,2 days 17:40:00,"[1, 1, 0, 1]",151,28.3,"79 Patrol, 26 Cars, 22 Fire Extinguisher",36,1800,2.097222222,50,0.434,0.020972222,0.566,0.239188889,Moderate,17
3461,2 days 17:41:00,"[1, 0, 1, 1]",62,24.7,"81 Vans, 94 Ambulance, 69 Cars, 38 Ambulance",68,1800,0.861111111,50,0.506,0.008611111,0.494,0.376644444,High,17
3462,2 days 17:42:00,"[0, 1, 1, 1]",68,39.1,"27 Patrol, 68 Vans, 49 Cars, 39 Trucks",87,1800,0.944444444,50,0.218,0.009444444,0.782,0.395377778,High,17
3463,2 days 17:43:00,"[0, 0, 0, 1]",165,38.0,"65 Trucks, 66 Vans, 73 Patrol",53,1800,2.291666667,50,0.24,0.022916667,0.76,0.269166667,Moderate,17
3464,2 days 17:44:00,"[1, 0, 1, 0]",124,25.4,"88 Trucks, 94 Fire Extinguisher",64,1800,1.722222222,50,0.492,0.017222222,0.508,0.361288889,High,17
3465,2 days 17:45:00,"[0, 1, 0, 0]",196,41.2,"69 Fire Extinguisher, 71 Bikes, 30 Ambulance",72,1800,2.722222222,50,0.176,0.027222222,0.824,0.334088889,High,17
3466,2 days 17:46:00,"[0, 1, 0, 1]",81,33.7,"91 Cars, 87 Cars, 58 Cars, 72 Bikes",56,1800,1.125,50,0.326,0.01125,0.674,0.2937,Moderate,17
3467,2 days 17:47:00,"[1, 0, 1, 1]",50,40.0,"34 Trucks, 19 Cars, 66 Trucks, 73 Fire Extinguisher",82,1800,0.694444444,50,0.2,0.006944444,0.8,0.370777778,High,17
3468,2 days 17:48:00,"[0, 0, 0, 1]",110,45.1,"60 Vans, 96 Ambulance, 86 Ambulance",86,1800,1.527777778,50,0.098,0.015277778,0.902,0.369711111,High,17
3469,2 days 17:49:00,"[0, 1, 0, 0]",124,25.1,"80 Cars, 78 Fire Extinguisher, 91 Fire Extinguisher",52,1800,1.722222222,50,0.498,0.017222222,0.502,0.314488889,High,17
3470,2 days 17:50:00,"[0, 0, 1, 0]",116,20.6,"55 Cars, 88 Ambulance, 45 Ambulance",60,1800,1.611111111,50,0.588,0.016111111,0.412,0.364044444,High,17
3471,2 days 17:51:00,"[1, 1, 1, 1]",97,43.4,"55 Fire Extinguisher, 34 Trucks",78,1800,1.347222222,50,0.132,0.013472222,0.868,0.343788889,High,17
3472,2 days 17:52:00,"[1, 0, 1, 1]",163,38.3,"36 Ambulance, 33 Trucks",39,1800,2.263888889,50,0.234,0.022638889,0.766,0.211855556,Moderate,17
3473,2 days 17:53:00,"[1, 1, 1, 1]",129,41.0,"70 Patrol, 19 Fire Extinguisher",35,1800,1.791666667,50,0.18,0.017916667,0.82,0.183166667,Low,17
3474,2 days 17:54:00,"[0, 1, 0, 1]",54,45.1,"24 Trucks, 43 Patrol, 21 Bikes",35,1800,0.75,50,0.098,0.0075,0.902,0.1626,Low,17
3475,2 days 17:55:00,"[0, 0, 0, 0]",164,44.1,"79 Fire Extinguisher, 36 Vans, 23 Vans",81,1800,2.277777778,50,0.118,0.022777778,0.882,0.356711111,High,17
3476,2 days 17:56:00,"[1, 0, 0, 0]",88,48.8,"91 Fire Extinguisher, 81 Bikes",71,1800,1.222222222,50,0.024,0.012222222,0.976,0.293688889,Moderate,17
3477,2 days 17:57:00,"[1, 1, 1, 0]",185,36.1,"44 Trucks, 47 Fire Extinguisher, 51 Cars, 55 Bikes",49,1800,2.569444444,50,0.278,0.025694444,0.722,0.261877778,Moderate,17
3478,2 days 17:58:00,"[1, 1, 1, 1]",55,34.7,"52 Fire Extinguisher, 64 Bikes",46,1800,0.763888889,50,0.306,0.007638889,0.694,0.248255556,Moderate,17
3479,2 days 17:59:00,"[0, 1, 1, 1]",152,32.1,"96 Trucks, 55 Bikes, 81 Trucks",89,1800,2.111111111,50,0.358,0.021111111,0.642,0.436044444,Very High,17
3480,2 days 18:00:00,"[0, 1, 1, 0]",59,24.6,"49 Bikes, 79 Trucks, 64 Fire Extinguisher",81,1800,0.819444444,50,0.508,0.008194444,0.492,0.428877778,Very High,18
3481,2 days 18:01:00,"[0, 0, 0, 1]",144,37.2,"26 Vans, 14 Fire Extinguisher",74,1800,2.0,50,0.256,0.02,0.744,0.3552,High,18
3482,2 days 18:02:00,"[1, 0, 1, 0]",193,28.3,"17 Vans, 90 Trucks, 83 Cars, 46 Ambulance",36,1800,2.680555556,50,0.434,0.026805556,0.566,0.241522222,Moderate,18
3483,2 days 18:03:00,"[0, 0, 0, 1]",173,47.6,"91 Trucks, 57 Cars, 47 Cars",70,1800,2.402777778,50,0.048,0.024027778,0.952,0.299211111,Moderate,18
3484,2 days 18:04:00,"[1, 0, 0, 1]",169,37.5,"64 Ambulance, 98 Trucks, 63 Ambulance, 70 Trucks",73,1800,2.347222222,50,0.25,0.023472222,0.75,0.351388889,High,18
3485,2 days 18:05:00,"[0, 0, 1, 1]",73,37.8,"37 Ambulance, 10 Trucks",84,1800,1.013888889,50,0.244,0.010138889,0.756,0.388855556,High,18
3486,2 days 18:06:00,"[0, 1, 0, 0]",55,30.6,"97 Vans, 65 Cars, 78 Vans",53,1800,0.763888889,50,0.388,0.007638889,0.612,0.292655556,Moderate,18
3487,2 days 18:07:00,"[1, 0, 1, 0]",63,21.6,"98 Fire Extinguisher, 86 Patrol",45,1800,0.875,50,0.568,0.00875,0.432,0.2971,Moderate,18
3488,2 days 18:08:00,"[1, 0, 1, 0]",91,21.0,"46 Bikes, 64 Ambulance",47,1800,1.263888889,50,0.58,0.012638889,0.42,0.309055556,High,18
3489,2 days 18:09:00,"[1, 0, 0, 1]",173,32.7,"68 Patrol, 67 Cars, 75 Cars, 66 Bikes",56,1800,2.402777778,50,0.346,0.024027778,0.654,0.302811111,High,18
3490,2 days 18:10:00,"[1, 1, 1, 1]",118,22.5,"17 Bikes, 23 Patrol",76,1800,1.638888889,50,0.55,0.016388889,0.45,0.420555556,Very High,18
3491,2 days 18:11:00,"[1, 1, 0, 1]",167,38.2,"26 Cars, 29 Ambulance, 76 Vans, 91 Vans",57,1800,2.319444444,50,0.236,0.023194444,0.764,0.284477778,Moderate,18
3492,2 days 18:12:00,"[1, 0, 1, 1]",166,46.4,"53 Ambulance, 25 Trucks, 56 Vans, 40 Patrol",57,1800,2.305555556,50,0.072,0.023055556,0.928,0.251622222,Moderate,18
3493,2 days 18:13:00,"[1, 1, 1, 0]",124,46.5,"12 Fire Extinguisher, 32 Ambulance, 19 Patrol",39,1800,1.722222222,50,0.07,0.017222222,0.93,0.176888889,Low,18
3494,2 days 18:14:00,"[1, 1, 0, 0]",198,39.8,"98 Patrol, 86 Fire Extinguisher, 84 Trucks, 54 Trucks",37,1800,2.75,50,0.204,0.0275,0.796,0.1998,Low,18
3495,2 days 18:15:00,"[1, 1, 1, 0]",96,26.3,"30 Patrol, 35 Ambulance, 43 Patrol, 29 Vans",55,1800,1.333333333,50,0.474,0.013333333,0.526,0.320133333,High,18
3496,2 days 18:16:00,"[1, 0, 0, 0]",97,45.9,"65 Patrol, 54 Fire Extinguisher, 72 Cars, 42 Bikes",49,1800,1.347222222,50,0.082,0.013472222,0.918,0.217788889,Moderate,18
3497,2 days 18:17:00,"[0, 0, 0, 0]",82,46.6,"53 Fire Extinguisher, 59 Fire Extinguisher",87,1800,1.138888889,50,0.068,0.011388889,0.932,0.366155556,High,18
3498,2 days 18:18:00,"[1, 0, 0, 1]",167,25.9,"85 Fire Extinguisher, 35 Ambulance",67,1800,2.319444444,50,0.482,0.023194444,0.518,0.373677778,High,18
3499,2 days 18:19:00,"[0, 0, 0, 0]",63,42.1,"61 Bikes, 51 Patrol",35,1800,0.875,50,0.158,0.00875,0.842,0.1751,Low,18
3500,2 days 18:20:00,"[0, 1, 0, 1]",81,28.6,"22 Fire Extinguisher, 51 Cars, 26 Trucks",88,1800,1.125,50,0.428,0.01125,0.572,0.4421,Very High,18
3501,2 days 18:21:00,"[0, 0, 1, 0]",93,44.1,"100 Ambulance, 77 Ambulance, 69 Trucks",66,1800,1.291666667,50,0.118,0.012916667,0.882,0.292766667,Moderate,18
3502,2 days 18:22:00,"[0, 1, 1, 0]",138,49.9,"81 Trucks, 45 Vans, 42 Fire Extinguisher",71,1800,1.916666667,50,0.002,0.019166667,0.998,0.292066667,Moderate,18
3503,2 days 18:23:00,"[0, 1, 1, 0]",102,20.9,"45 Fire Extinguisher, 21 Patrol",51,1800,1.416666667,50,0.582,0.014166667,0.418,0.326066667,High,18
3504,2 days 18:24:00,"[0, 0, 0, 1]",127,46.9,"33 Fire Extinguisher, 86 Patrol",49,1800,1.763888889,50,0.062,0.017638889,0.938,0.215455556,Moderate,18
3505,2 days 18:25:00,"[1, 1, 0, 0]",158,38.7,"76 Vans, 81 Trucks, 50 Vans",61,1800,2.194444444,50,0.226,0.021944444,0.774,0.297977778,Moderate,18
3506,2 days 18:26:00,"[1, 0, 0, 0]",65,49.2,"19 Cars, 46 Trucks, 89 Cars",87,1800,0.902777778,50,0.016,0.009027778,0.984,0.354811111,High,18
3507,2 days 18:27:00,"[1, 1, 0, 0]",98,34.0,"88 Ambulance, 58 Ambulance, 47 Ambulance",56,1800,1.361111111,50,0.32,0.013611111,0.68,0.293444444,Moderate,18
3508,2 days 18:28:00,"[1, 1, 0, 0]",144,45.4,"93 Bikes, 99 Vans",45,1800,2.0,50,0.092,0.02,0.908,0.2064,Moderate,18
3509,2 days 18:29:00,"[0, 1, 1, 0]",180,21.9,"20 Fire Extinguisher, 89 Cars, 17 Trucks, 25 Trucks",87,1800,2.5,50,0.562,0.025,0.438,0.4704,Very High,18
3510,2 days 18:30:00,"[0, 0, 0, 0]",87,30.1,"44 Trucks, 72 Cars",39,1800,1.208333333,50,0.398,0.012083333,0.602,0.240433333,Moderate,18
3511,2 days 18:31:00,"[0, 0, 0, 1]",76,22.0,"60 Patrol, 59 Ambulance",62,1800,1.055555556,50,0.56,0.010555556,0.44,0.364222222,High,18
3512,2 days 18:32:00,"[1, 0, 0, 0]",123,49.3,"17 Bikes, 70 Patrol, 100 Patrol, 53 Cars",30,1800,1.708333333,50,0.014,0.017083333,0.986,0.129633333,Low,18
3513,2 days 18:33:00,"[0, 0, 1, 0]",155,44.5,"88 Vans, 64 Ambulance",42,1800,2.152777778,50,0.11,0.021527778,0.89,0.198611111,Low,18
3514,2 days 18:34:00,"[0, 0, 1, 0]",179,45.6,"64 Patrol, 67 Patrol, 80 Trucks",62,1800,2.486111111,50,0.088,0.024861111,0.912,0.275544444,Moderate,18
3515,2 days 18:35:00,"[0, 1, 0, 0]",197,48.1,"92 Cars, 84 Fire Extinguisher",90,1800,2.736111111,50,0.038,0.027361111,0.962,0.378544444,High,18
3516,2 days 18:36:00,"[0, 1, 0, 0]",184,22.6,"32 Patrol, 40 Trucks, 62 Cars",49,1800,2.555555556,50,0.548,0.025555556,0.452,0.315822222,High,18
3517,2 days 18:37:00,"[1, 1, 1, 1]",140,31.6,"26 Ambulance, 92 Ambulance, 81 Trucks",43,1800,1.944444444,50,0.368,0.019444444,0.632,0.253377778,Moderate,18
3518,2 days 18:38:00,"[0, 0, 1, 1]",68,22.1,"20 Cars, 78 Bikes, 45 Fire Extinguisher",55,1800,0.944444444,50,0.558,0.009444444,0.442,0.335377778,High,18
3519,2 days 18:39:00,"[1, 1, 1, 0]",56,26.3,"26 Fire Extinguisher, 79 Cars",30,1800,0.777777778,50,0.474,0.007777778,0.526,0.217911111,Moderate,18
3520,2 days 18:40:00,"[0, 1, 0, 1]",160,26.9,"52 Vans, 48 Cars, 99 Vans, 76 Patrol",74,1800,2.222222222,50,0.462,0.022222222,0.538,0.397288889,High,18
3521,2 days 18:41:00,"[1, 0, 0, 0]",197,34.1,"43 Fire Extinguisher, 42 Bikes",38,1800,2.736111111,50,0.318,0.027361111,0.682,0.226544444,Moderate,18
3522,2 days 18:42:00,"[0, 0, 1, 0]",164,28.1,"16 Cars, 99 Fire Extinguisher, 75 Trucks, 93 Cars",83,1800,2.277777778,50,0.438,0.022777778,0.562,0.428711111,Very High,18
3523,2 days 18:43:00,"[0, 0, 1, 1]",151,23.0,"85 Ambulance, 47 Cars",79,1800,2.097222222,50,0.54,0.020972222,0.46,0.432388889,Very High,18
3524,2 days 18:44:00,"[0, 0, 0, 1]",192,25.0,"70 Trucks, 73 Ambulance, 47 Fire Extinguisher",74,1800,2.666666667,50,0.5,0.026666667,0.5,0.406666667,Very High,18
3525,2 days 18:45:00,"[0, 1, 0, 0]",134,24.4,"13 Bikes, 75 Trucks, 29 Vans",61,1800,1.861111111,50,0.512,0.018611111,0.488,0.353844444,High,18
3526,2 days 18:46:00,"[1, 1, 1, 0]",104,49.2,"24 Ambulance, 97 Bikes",31,1800,1.444444444,50,0.016,0.014444444,0.984,0.132977778,Low,18
3527,2 days 18:47:00,"[0, 1, 1, 0]",196,42.8,"29 Fire Extinguisher, 19 Bikes, 75 Fire Extinguisher, 44 Bikes",36,1800,2.722222222,50,0.144,0.027222222,0.856,0.183688889,Low,18
3528,2 days 18:48:00,"[1, 0, 0, 1]",109,49.0,"41 Patrol, 14 Vans",56,1800,1.513888889,50,0.02,0.015138889,0.98,0.234055556,Moderate,18
3529,2 days 18:49:00,"[0, 1, 1, 1]",85,33.2,"37 Fire Extinguisher, 86 Ambulance, 22 Vans, 53 Patrol",60,1800,1.180555556,50,0.336,0.011805556,0.664,0.311922222,High,18
3530,2 days 18:50:00,"[0, 1, 0, 0]",177,28.4,"90 Vans, 21 Fire Extinguisher",54,1800,2.458333333,50,0.432,0.024583333,0.568,0.312233333,High,18
3531,2 days 18:51:00,"[0, 1, 0, 1]",180,43.9,"74 Ambulance, 16 Fire Extinguisher, 55 Ambulance",33,1800,2.5,50,0.122,0.025,0.878,0.1664,Low,18
3532,2 days 18:52:00,"[1, 0, 1, 0]",173,29.8,"93 Patrol, 27 Fire Extinguisher, 66 Patrol",66,1800,2.402777778,50,0.404,0.024027778,0.596,0.354411111,High,18
3533,2 days 18:53:00,"[0, 1, 1, 1]",170,29.0,"77 Ambulance, 77 Trucks, 60 Cars, 31 Vans",54,1800,2.361111111,50,0.42,0.023611111,0.58,0.309444444,High,18
3534,2 days 18:54:00,"[0, 1, 1, 0]",82,27.0,"13 Trucks, 42 Cars, 78 Cars, 10 Fire Extinguisher",74,1800,1.138888889,50,0.46,0.011388889,0.54,0.392555556,High,18
3535,2 days 18:55:00,"[1, 1, 0, 1]",136,23.9,"73 Cars, 96 Vans",55,1800,1.888888889,50,0.522,0.018888889,0.478,0.331955556,High,18
3536,2 days 18:56:00,"[0, 0, 0, 0]",124,27.7,"100 Vans, 80 Trucks, 78 Cars, 64 Cars",88,1800,1.722222222,50,0.446,0.017222222,0.554,0.448088889,Very High,18
3537,2 days 18:57:00,"[0, 1, 1, 0]",80,30.7,"11 Trucks, 48 Ambulance, 54 Cars",50,1800,1.111111111,50,0.386,0.011111111,0.614,0.281644444,Moderate,18
3538,2 days 18:58:00,"[1, 0, 1, 0]",82,40.2,"37 Fire Extinguisher, 69 Vans, 88 Fire Extinguisher, 73 Bikes",44,1800,1.138888889,50,0.196,0.011388889,0.804,0.219755556,Moderate,18
3539,2 days 18:59:00,"[1, 0, 1, 0]",99,21.9,"91 Trucks, 62 Bikes",77,1800,1.375,50,0.562,0.01375,0.438,0.4259,Very High,18
3540,2 days 19:00:00,"[0, 0, 0, 0]",69,26.3,"88 Patrol, 59 Vans, 84 Fire Extinguisher",40,1800,0.958333333,50,0.474,0.009583333,0.526,0.258633333,Moderate,19
3541,2 days 19:01:00,"[1, 0, 1, 1]",120,44.3,"62 Patrol, 42 Fire Extinguisher, 60 Ambulance",87,1800,1.666666667,50,0.114,0.016666667,0.886,0.377466667,High,19
3542,2 days 19:02:00,"[0, 0, 1, 0]",193,24.4,"11 Fire Extinguisher, 17 Fire Extinguisher, 34 Patrol",38,1800,2.680555556,50,0.512,0.026805556,0.488,0.265122222,Moderate,19
3543,2 days 19:03:00,"[0, 1, 1, 1]",147,30.3,"71 Vans, 98 Patrol",33,1800,2.041666667,50,0.394,0.020416667,0.606,0.218966667,Moderate,19
3544,2 days 19:04:00,"[0, 0, 1, 1]",158,45.9,"68 Bikes, 83 Ambulance, 97 Ambulance",65,1800,2.194444444,50,0.082,0.021944444,0.918,0.285177778,Moderate,19
3545,2 days 19:05:00,"[1, 0, 1, 0]",178,24.6,"66 Fire Extinguisher, 89 Trucks",53,1800,2.472222222,50,0.508,0.024722222,0.492,0.323488889,High,19
3546,2 days 19:06:00,"[0, 1, 1, 1]",170,22.5,"24 Vans, 26 Trucks, 69 Trucks, 59 Patrol",67,1800,2.361111111,50,0.55,0.023611111,0.45,0.387444444,High,19
3547,2 days 19:07:00,"[1, 1, 0, 0]",140,34.5,"41 Patrol, 87 Fire Extinguisher, 70 Cars",87,1800,1.944444444,50,0.31,0.019444444,0.69,0.417777778,Very High,19
3548,2 days 19:08:00,"[1, 0, 1, 1]",186,29.1,"26 Bikes, 16 Bikes",46,1800,2.583333333,50,0.418,0.025833333,0.582,0.277933333,Moderate,19
3549,2 days 19:09:00,"[1, 0, 1, 1]",175,36.9,"15 Fire Extinguisher, 22 Fire Extinguisher",49,1800,2.430555556,50,0.262,0.024305556,0.738,0.258122222,Moderate,19
3550,2 days 19:10:00,"[0, 1, 0, 1]",92,44.1,"96 Ambulance, 76 Patrol",64,1800,1.277777778,50,0.118,0.012777778,0.882,0.284711111,Moderate,19
3551,2 days 19:11:00,"[1, 0, 0, 1]",178,24.1,"85 Ambulance, 40 Cars",34,1800,2.472222222,50,0.518,0.024722222,0.482,0.249488889,Moderate,19
3552,2 days 19:12:00,"[1, 0, 0, 1]",165,37.4,"20 Patrol, 44 Trucks, 11 Vans, 34 Trucks",52,1800,2.291666667,50,0.252,0.022916667,0.748,0.267566667,Moderate,19
3553,2 days 19:13:00,"[1, 0, 1, 1]",187,35.2,"82 Ambulance, 75 Fire Extinguisher, 96 Vans, 45 Vans",74,1800,2.597222222,50,0.296,0.025972222,0.704,0.365588889,High,19
3554,2 days 19:14:00,"[0, 1, 0, 0]",173,24.3,"35 Trucks, 29 Patrol, 45 Vans",79,1800,2.402777778,50,0.514,0.024027778,0.486,0.428411111,Very High,19
3555,2 days 19:15:00,"[0, 1, 0, 1]",137,38.7,"13 Bikes, 32 Cars, 53 Bikes, 56 Patrol",55,1800,1.902777778,50,0.226,0.019027778,0.774,0.272811111,Moderate,19
3556,2 days 19:16:00,"[1, 0, 0, 0]",77,28.2,"82 Vans, 38 Patrol, 80 Patrol, 78 Cars",90,1800,1.069444444,50,0.436,0.010694444,0.564,0.451477778,Very High,19
3557,2 days 19:17:00,"[0, 0, 1, 0]",60,34.6,"99 Fire Extinguisher, 53 Patrol, 58 Vans",44,1800,0.833333333,50,0.308,0.008333333,0.692,0.240933333,Moderate,19
3558,2 days 19:18:00,"[1, 1, 1, 0]",62,22.5,"74 Patrol, 92 Vans, 34 Ambulance",88,1800,0.861111111,50,0.55,0.008611111,0.45,0.465444444,Very High,19
3559,2 days 19:19:00,"[1, 1, 1, 1]",81,33.8,"68 Patrol, 19 Bikes, 29 Ambulance",36,1800,1.125,50,0.324,0.01125,0.676,0.2133,Moderate,19
3560,2 days 19:20:00,"[0, 1, 1, 1]",186,29.2,"88 Ambulance, 18 Vans, 65 Trucks, 89 Cars",53,1800,2.583333333,50,0.416,0.025833333,0.584,0.305533333,High,19
3561,2 days 19:21:00,"[0, 1, 1, 1]",59,44.7,"16 Fire Extinguisher, 69 Patrol, 44 Vans, 14 Vans",57,1800,0.819444444,50,0.106,0.008194444,0.894,0.252477778,Moderate,19
3562,2 days 19:22:00,"[1, 0, 1, 0]",105,21.7,"11 Fire Extinguisher, 84 Fire Extinguisher, 86 Fire Extinguisher",35,1800,1.458333333,50,0.566,0.014583333,0.434,0.259033333,Moderate,19
3563,2 days 19:23:00,"[1, 0, 1, 0]",100,32.6,"22 Patrol, 96 Trucks, 31 Bikes",41,1800,1.388888889,50,0.348,0.013888889,0.652,0.239155556,Moderate,19
3564,2 days 19:24:00,"[0, 1, 1, 1]",122,33.8,"14 Fire Extinguisher, 58 Ambulance, 56 Patrol, 81 Bikes",46,1800,1.694444444,50,0.324,0.016944444,0.676,0.255577778,Moderate,19
3565,2 days 19:25:00,"[0, 0, 1, 0]",113,41.8,"70 Vans, 10 Ambulance, 72 Patrol, 31 Bikes",50,1800,1.569444444,50,0.164,0.015694444,0.836,0.239077778,Moderate,19
3566,2 days 19:26:00,"[0, 1, 1, 1]",152,37.2,"36 Bikes, 14 Ambulance",42,1800,2.111111111,50,0.256,0.021111111,0.744,0.227644444,Moderate,19
3567,2 days 19:27:00,"[0, 0, 1, 0]",79,40.0,"53 Cars, 68 Bikes, 26 Bikes, 98 Ambulance",69,1800,1.097222222,50,0.2,0.010972222,0.8,0.320388889,High,19
3568,2 days 19:28:00,"[0, 0, 1, 1]",84,43.3,"26 Vans, 72 Bikes, 44 Patrol, 87 Vans",55,1800,1.166666667,50,0.134,0.011666667,0.866,0.251466667,Moderate,19
3569,2 days 19:29:00,"[1, 0, 1, 1]",140,45.9,"91 Cars, 39 Vans, 41 Trucks",84,1800,1.944444444,50,0.082,0.019444444,0.918,0.360177778,High,19
3570,2 days 19:30:00,"[0, 1, 0, 1]",87,29.4,"43 Trucks, 76 Ambulance, 37 Patrol, 88 Cars",71,1800,1.208333333,50,0.412,0.012083333,0.588,0.371233333,High,19
3571,2 days 19:31:00,"[1, 0, 1, 1]",143,36.1,"31 Cars, 19 Cars",48,1800,1.986111111,50,0.278,0.019861111,0.722,0.255544444,Moderate,19
3572,2 days 19:32:00,"[1, 0, 1, 1]",156,45.2,"65 Trucks, 77 Vans, 50 Ambulance, 48 Cars",85,1800,2.166666667,50,0.096,0.021666667,0.904,0.367866667,High,19
3573,2 days 19:33:00,"[0, 0, 1, 1]",108,49.7,"68 Cars, 82 Cars, 17 Ambulance, 34 Vans",48,1800,1.5,50,0.006,0.015,0.994,0.1992,Low,19
3574,2 days 19:34:00,"[0, 0, 0, 0]",105,46.7,"20 Patrol, 88 Fire Extinguisher, 11 Patrol, 78 Vans",38,1800,1.458333333,50,0.066,0.014583333,0.934,0.171033333,Low,19
3575,2 days 19:35:00,"[1, 0, 0, 0]",56,31.1,"69 Ambulance, 66 Ambulance, 48 Cars, 69 Patrol",75,1800,0.777777778,50,0.378,0.007777778,0.622,0.378711111,High,19
3576,2 days 19:36:00,"[0, 1, 1, 1]",106,25.9,"13 Ambulance, 78 Cars, 47 Bikes, 24 Bikes",79,1800,1.472222222,50,0.482,0.014722222,0.518,0.418288889,Very High,19
3577,2 days 19:37:00,"[1, 1, 0, 1]",172,34.7,"12 Patrol, 73 Patrol, 43 Trucks, 60 Fire Extinguisher",50,1800,2.388888889,50,0.306,0.023888889,0.694,0.270755556,Moderate,19
3578,2 days 19:38:00,"[0, 0, 1, 0]",63,42.2,"32 Cars, 45 Fire Extinguisher, 89 Ambulance",67,1800,0.875,50,0.156,0.00875,0.844,0.3027,High,19
3579,2 days 19:39:00,"[1, 0, 0, 1]",151,34.8,"83 Vans, 44 Trucks",73,1800,2.097222222,50,0.304,0.020972222,0.696,0.361188889,High,19
3580,2 days 19:40:00,"[0, 1, 1, 0]",128,34.5,"62 Cars, 49 Fire Extinguisher, 51 Cars, 72 Ambulance",87,1800,1.777777778,50,0.31,0.017777778,0.69,0.417111111,Very High,19
3581,2 days 19:41:00,"[0, 0, 0, 0]",158,45.1,"44 Fire Extinguisher, 24 Trucks, 36 Fire Extinguisher",34,1800,2.194444444,50,0.098,0.021944444,0.902,0.164377778,Low,19
3582,2 days 19:42:00,"[1, 1, 0, 0]",143,30.8,"70 Vans, 88 Patrol",73,1800,1.986111111,50,0.384,0.019861111,0.616,0.376744444,High,19
3583,2 days 19:43:00,"[0, 0, 1, 0]",148,45.8,"37 Cars, 32 Vans, 88 Cars",50,1800,2.055555556,50,0.084,0.020555556,0.916,0.225022222,Moderate,19
3584,2 days 19:44:00,"[1, 1, 1, 1]",51,32.2,"28 Vans, 48 Trucks",67,1800,0.708333333,50,0.356,0.007083333,0.644,0.342033333,High,19
3585,2 days 19:45:00,"[0, 1, 0, 0]",131,29.8,"82 Vans, 77 Fire Extinguisher",83,1800,1.819444444,50,0.404,0.018194444,0.596,0.420077778,Very High,19
3586,2 days 19:46:00,"[1, 0, 1, 1]",140,33.6,"67 Bikes, 41 Patrol, 13 Trucks",63,1800,1.944444444,50,0.328,0.019444444,0.672,0.325377778,High,19
3587,2 days 19:47:00,"[0, 0, 0, 0]",118,42.9,"72 Fire Extinguisher, 90 Fire Extinguisher, 43 Patrol",44,1800,1.638888889,50,0.142,0.016388889,0.858,0.210955556,Moderate,19
3588,2 days 19:48:00,"[0, 1, 1, 0]",124,23.8,"91 Bikes, 56 Cars, 24 Patrol, 48 Trucks",37,1800,1.722222222,50,0.524,0.017222222,0.476,0.259688889,Moderate,19
3589,2 days 19:49:00,"[0, 0, 1, 0]",198,25.9,"53 Fire Extinguisher, 17 Vans",38,1800,2.75,50,0.482,0.0275,0.518,0.2594,Moderate,19
3590,2 days 19:50:00,"[0, 0, 0, 0]",144,48.5,"88 Ambulance, 73 Bikes, 91 Patrol, 90 Trucks",49,1800,2.0,50,0.03,0.02,0.97,0.21,Moderate,19
3591,2 days 19:51:00,"[1, 1, 0, 1]",159,25.3,"78 Ambulance, 19 Trucks, 45 Trucks, 23 Fire Extinguisher",64,1800,2.208333333,50,0.494,0.022083333,0.506,0.363633333,High,19
3592,2 days 19:52:00,"[1, 0, 0, 1]",176,37.0,"33 Patrol, 92 Fire Extinguisher, 83 Bikes, 95 Patrol",75,1800,2.444444444,50,0.26,0.024444444,0.74,0.361777778,High,19
3593,2 days 19:53:00,"[0, 1, 1, 1]",76,37.4,"20 Fire Extinguisher, 90 Cars, 32 Patrol, 49 Trucks",71,1800,1.055555556,50,0.252,0.010555556,0.748,0.338622222,High,19
3594,2 days 19:54:00,"[0, 0, 1, 1]",170,34.7,"31 Patrol, 61 Fire Extinguisher, 46 Trucks",38,1800,2.361111111,50,0.306,0.023611111,0.694,0.222644444,Moderate,19
3595,2 days 19:55:00,"[0, 0, 0, 0]",127,39.3,"42 Trucks, 60 Ambulance, 25 Vans",78,1800,1.763888889,50,0.214,0.017638889,0.786,0.361855556,High,19
3596,2 days 19:56:00,"[1, 1, 0, 0]",74,26.9,"27 Cars, 36 Trucks, 27 Fire Extinguisher, 46 Trucks",63,1800,1.027777778,50,0.462,0.010277778,0.538,0.348511111,High,19
3597,2 days 19:57:00,"[0, 0, 0, 0]",139,36.6,"73 Ambulance, 25 Cars",78,1800,1.930555556,50,0.268,0.019305556,0.732,0.373322222,High,19
3598,2 days 19:58:00,"[0, 0, 1, 0]",65,31.2,"24 Ambulance, 43 Patrol, 71 Bikes",83,1800,0.902777778,50,0.376,0.009027778,0.624,0.410811111,Very High,19
3599,2 days 19:59:00,"[0, 0, 0, 1]",148,39.9,"68 Cars, 31 Ambulance, 73 Bikes",47,1800,2.055555556,50,0.202,0.020555556,0.798,0.236622222,Moderate,19
3600,2 days 20:00:00,"[1, 1, 1, 1]",136,24.2,"97 Vans, 60 Ambulance, 14 Fire Extinguisher, 52 Vans",74,1800,1.888888889,50,0.516,0.018888889,0.484,0.406755556,Very High,20
3601,2 days 20:01:00,"[1, 0, 0, 0]",95,37.1,"73 Fire Extinguisher, 49 Ambulance, 23 Vans, 69 Cars",46,1800,1.319444444,50,0.258,0.013194444,0.742,0.240877778,Moderate,20
3602,2 days 20:02:00,"[0, 1, 0, 1]",51,25.6,"39 Ambulance, 61 Fire Extinguisher",54,1800,0.708333333,50,0.488,0.007083333,0.512,0.316433333,High,20
3603,2 days 20:03:00,"[0, 0, 0, 0]",83,28.4,"83 Cars, 31 Vans, 82 Patrol, 51 Ambulance",64,1800,1.152777778,50,0.432,0.011527778,0.568,0.347011111,High,20
3604,2 days 20:04:00,"[0, 0, 0, 1]",160,26.6,"45 Vans, 39 Trucks, 80 Fire Extinguisher, 72 Patrol",44,1800,2.222222222,50,0.468,0.022222222,0.532,0.278488889,Moderate,20
3605,2 days 20:05:00,"[1, 1, 1, 0]",173,25.5,"74 Fire Extinguisher, 15 Bikes",83,1800,2.402777778,50,0.49,0.024027778,0.51,0.439611111,Very High,20
3606,2 days 20:06:00,"[1, 1, 0, 0]",101,44.8,"21 Ambulance, 56 Cars, 58 Ambulance",66,1800,1.402777778,50,0.104,0.014027778,0.896,0.290411111,Moderate,20
3607,2 days 20:07:00,"[0, 0, 0, 0]",91,28.6,"67 Ambulance, 60 Fire Extinguisher, 59 Ambulance",66,1800,1.263888889,50,0.428,0.012638889,0.572,0.354655556,High,20
3608,2 days 20:08:00,"[1, 1, 1, 0]",50,47.8,"26 Patrol, 43 Patrol, 70 Bikes",60,1800,0.694444444,50,0.044,0.006944444,0.956,0.251577778,Moderate,20
3609,2 days 20:09:00,"[0, 1, 1, 1]",68,49.1,"77 Patrol, 47 Ambulance, 31 Fire Extinguisher",81,1800,0.944444444,50,0.018,0.009444444,0.982,0.331377778,High,20
3610,2 days 20:10:00,"[0, 1, 0, 0]",66,37.1,"41 Cars, 29 Patrol, 16 Trucks, 37 Bikes",74,1800,0.916666667,50,0.258,0.009166667,0.742,0.351266667,High,20
3611,2 days 20:11:00,"[0, 0, 0, 1]",131,24.3,"33 Cars, 33 Cars",69,1800,1.819444444,50,0.514,0.018194444,0.486,0.386077778,High,20
3612,2 days 20:12:00,"[1, 1, 1, 1]",99,31.2,"78 Trucks, 18 Vans, 13 Ambulance, 65 Bikes",46,1800,1.375,50,0.376,0.01375,0.624,0.2647,Moderate,20
3613,2 days 20:13:00,"[0, 0, 0, 1]",79,43.9,"19 Fire Extinguisher, 57 Cars",82,1800,1.097222222,50,0.122,0.010972222,0.878,0.356788889,High,20
3614,2 days 20:14:00,"[1, 1, 0, 0]",65,31.0,"86 Fire Extinguisher, 67 Cars, 66 Trucks, 10 Trucks",86,1800,0.902777778,50,0.38,0.009027778,0.62,0.423611111,Very High,20
3615,2 days 20:15:00,"[0, 1, 0, 1]",64,22.6,"42 Ambulance, 79 Patrol",35,1800,0.888888889,50,0.548,0.008888889,0.452,0.253155556,Moderate,20
3616,2 days 20:16:00,"[0, 1, 1, 0]",74,36.7,"53 Vans, 33 Ambulance, 64 Bikes, 11 Ambulance",88,1800,1.027777778,50,0.266,0.010277778,0.734,0.409311111,Very High,20
3617,2 days 20:17:00,"[0, 1, 0, 1]",183,45.4,"15 Patrol, 56 Vans, 45 Patrol",36,1800,2.541666667,50,0.092,0.025416667,0.908,0.172566667,Low,20
3618,2 days 20:18:00,"[1, 1, 1, 0]",180,43.9,"34 Ambulance, 38 Vans, 27 Fire Extinguisher",58,1800,2.5,50,0.122,0.025,0.878,0.2664,Moderate,20
3619,2 days 20:19:00,"[1, 0, 1, 1]",97,25.3,"23 Fire Extinguisher, 26 Cars, 80 Patrol",66,1800,1.347222222,50,0.494,0.013472222,0.506,0.368188889,High,20
3620,2 days 20:20:00,"[1, 1, 0, 0]",56,40.2,"27 Vans, 65 Patrol, 36 Bikes",54,1800,0.777777778,50,0.196,0.007777778,0.804,0.258311111,Moderate,20
3621,2 days 20:21:00,"[0, 0, 1, 1]",120,26.6,"52 Fire Extinguisher, 22 Trucks",58,1800,1.666666667,50,0.468,0.016666667,0.532,0.332266667,High,20
3622,2 days 20:22:00,"[0, 1, 1, 0]",175,26.5,"19 Patrol, 97 Trucks, 58 Ambulance",45,1800,2.430555556,50,0.47,0.024305556,0.53,0.283722222,Moderate,20
3623,2 days 20:23:00,"[0, 1, 1, 1]",109,46.2,"80 Trucks, 75 Fire Extinguisher, 74 Cars",52,1800,1.513888889,50,0.076,0.015138889,0.924,0.229255556,Moderate,20
3624,2 days 20:24:00,"[1, 0, 0, 1]",116,27.5,"16 Cars, 73 Ambulance, 71 Patrol",48,1800,1.611111111,50,0.45,0.016111111,0.55,0.288444444,Moderate,20
3625,2 days 20:25:00,"[0, 0, 0, 0]",149,27.9,"11 Ambulance, 36 Ambulance, 42 Trucks, 73 Trucks",52,1800,2.069444444,50,0.442,0.020694444,0.558,0.304677778,High,20
3626,2 days 20:26:00,"[0, 1, 1, 0]",71,20.0,"57 Cars, 85 Fire Extinguisher, 51 Patrol, 19 Vans",65,1800,0.986111111,50,0.6,0.009861111,0.4,0.383944444,High,20
3627,2 days 20:27:00,"[0, 1, 1, 0]",183,46.1,"54 Bikes, 43 Trucks, 50 Ambulance",58,1800,2.541666667,50,0.078,0.025416667,0.922,0.257766667,Moderate,20
3628,2 days 20:28:00,"[1, 1, 0, 1]",177,43.8,"60 Patrol, 73 Cars, 51 Patrol",43,1800,2.458333333,50,0.124,0.024583333,0.876,0.206633333,Moderate,20
3629,2 days 20:29:00,"[1, 0, 1, 1]",61,38.8,"21 Cars, 84 Fire Extinguisher, 43 Vans, 42 Ambulance",32,1800,0.847222222,50,0.224,0.008472222,0.776,0.176188889,Low,20
3630,2 days 20:30:00,"[0, 0, 0, 1]",177,42.5,"53 Ambulance, 99 Ambulance",71,1800,2.458333333,50,0.15,0.024583333,0.85,0.323833333,High,20
3631,2 days 20:31:00,"[0, 0, 1, 1]",131,24.6,"74 Patrol, 17 Vans",81,1800,1.819444444,50,0.508,0.018194444,0.492,0.432877778,Very High,20
3632,2 days 20:32:00,"[0, 1, 0, 1]",133,33.7,"35 Cars, 71 Bikes, 22 Patrol, 89 Patrol",76,1800,1.847222222,50,0.326,0.018472222,0.674,0.376588889,High,20
3633,2 days 20:33:00,"[0, 1, 1, 0]",162,30.5,"14 Cars, 98 Vans",76,1800,2.25,50,0.39,0.0225,0.61,0.391,High,20
3634,2 days 20:34:00,"[0, 0, 0, 0]",159,22.8,"74 Trucks, 21 Trucks",60,1800,2.208333333,50,0.544,0.022083333,0.456,0.357633333,High,20
3635,2 days 20:35:00,"[0, 0, 0, 0]",95,34.6,"37 Vans, 36 Bikes, 43 Vans, 44 Cars",46,1800,1.319444444,50,0.308,0.013194444,0.692,0.250877778,Moderate,20
3636,2 days 20:36:00,"[1, 1, 0, 0]",152,47.6,"91 Bikes, 35 Bikes, 25 Cars, 27 Patrol",50,1800,2.111111111,50,0.048,0.021111111,0.952,0.218044444,Moderate,20
3637,2 days 20:37:00,"[1, 0, 0, 0]",107,21.2,"44 Trucks, 71 Vans, 67 Trucks",62,1800,1.486111111,50,0.576,0.014861111,0.424,0.369144444,High,20
3638,2 days 20:38:00,"[1, 1, 0, 0]",84,28.7,"58 Patrol, 65 Bikes, 36 Vans, 24 Cars",69,1800,1.166666667,50,0.426,0.011666667,0.574,0.365866667,High,20
3639,2 days 20:39:00,"[0, 1, 1, 1]",148,26.2,"31 Bikes, 26 Fire Extinguisher, 64 Ambulance",70,1800,2.055555556,50,0.476,0.020555556,0.524,0.383422222,High,20
3640,2 days 20:40:00,"[1, 1, 1, 0]",171,27.1,"26 Patrol, 72 Patrol",79,1800,2.375,50,0.458,0.02375,0.542,0.4171,Very High,20
3641,2 days 20:41:00,"[1, 0, 1, 0]",82,47.3,"16 Patrol, 38 Vans, 26 Bikes",88,1800,1.138888889,50,0.054,0.011388889,0.946,0.367355556,High,20
3642,2 days 20:42:00,"[1, 1, 0, 1]",174,34.0,"27 Ambulance, 33 Vans",38,1800,2.416666667,50,0.32,0.024166667,0.68,0.225666667,Moderate,20
3643,2 days 20:43:00,"[1, 1, 1, 1]",154,34.0,"28 Fire Extinguisher, 73 Ambulance, 62 Fire Extinguisher, 50 Fire Extinguisher",57,1800,2.138888889,50,0.32,0.021388889,0.68,0.300555556,High,20
3644,2 days 20:44:00,"[1, 1, 1, 1]",110,42.8,"59 Ambulance, 82 Cars",47,1800,1.527777778,50,0.144,0.015277778,0.856,0.222911111,Moderate,20
3645,2 days 20:45:00,"[0, 1, 1, 0]",151,24.6,"80 Cars, 67 Bikes",68,1800,2.097222222,50,0.508,0.020972222,0.492,0.381988889,High,20
3646,2 days 20:46:00,"[1, 1, 1, 1]",173,34.6,"40 Bikes, 31 Patrol",55,1800,2.402777778,50,0.308,0.024027778,0.692,0.291211111,Moderate,20
3647,2 days 20:47:00,"[1, 0, 1, 1]",169,32.9,"97 Trucks, 75 Vans",64,1800,2.347222222,50,0.342,0.023472222,0.658,0.333788889,High,20
3648,2 days 20:48:00,"[0, 0, 0, 0]",166,37.9,"52 Bikes, 22 Cars",68,1800,2.305555556,50,0.242,0.023055556,0.758,0.329622222,High,20
3649,2 days 20:49:00,"[1, 1, 0, 1]",168,50.0,"67 Trucks, 56 Cars",38,1800,2.333333333,50,0.0,0.023333333,1.0,0.161333333,Low,20
3650,2 days 20:50:00,"[1, 0, 0, 1]",115,43.1,"32 Trucks, 60 Ambulance, 47 Trucks",46,1800,1.597222222,50,0.138,0.015972222,0.862,0.217988889,Moderate,20
3651,2 days 20:51:00,"[0, 0, 0, 1]",130,31.9,"98 Trucks, 69 Trucks, 40 Vans, 60 Vans",39,1800,1.805555556,50,0.362,0.018055556,0.638,0.235622222,Moderate,20
3652,2 days 20:52:00,"[1, 0, 0, 0]",75,44.8,"51 Cars, 92 Bikes",32,1800,1.041666667,50,0.104,0.010416667,0.896,0.152966667,Low,20
3653,2 days 20:53:00,"[0, 0, 0, 0]",132,25.1,"49 Patrol, 64 Cars, 36 Fire Extinguisher, 89 Ambulance",90,1800,1.833333333,50,0.498,0.018333333,0.502,0.466933333,Very High,20
3654,2 days 20:54:00,"[1, 1, 1, 1]",95,20.9,"93 Trucks, 21 Vans, 84 Vans, 54 Fire Extinguisher",44,1800,1.319444444,50,0.582,0.013194444,0.418,0.297677778,Moderate,20
3655,2 days 20:55:00,"[1, 0, 1, 0]",101,26.1,"23 Ambulance, 18 Fire Extinguisher, 74 Vans",44,1800,1.402777778,50,0.478,0.014027778,0.522,0.277211111,Moderate,20
3656,2 days 20:56:00,"[1, 0, 1, 1]",84,30.2,"13 Fire Extinguisher, 62 Fire Extinguisher",86,1800,1.166666667,50,0.396,0.011666667,0.604,0.427866667,Very High,20
3657,2 days 20:57:00,"[0, 1, 0, 0]",140,35.3,"19 Patrol, 60 Trucks",33,1800,1.944444444,50,0.294,0.019444444,0.706,0.198577778,Low,20
3658,2 days 20:58:00,"[0, 0, 0, 1]",150,38.5,"71 Vans, 100 Patrol",64,1800,2.083333333,50,0.23,0.020833333,0.77,0.310333333,High,20
3659,2 days 20:59:00,"[1, 0, 1, 0]",74,47.3,"42 Cars, 79 Cars, 82 Bikes",62,1800,1.027777778,50,0.054,0.010277778,0.946,0.262911111,Moderate,20
3660,2 days 21:00:00,"[1, 0, 1, 0]",180,35.3,"16 Ambulance, 37 Ambulance, 41 Ambulance",48,1800,2.5,50,0.294,0.025,0.706,0.2608,Moderate,21
3661,2 days 21:01:00,"[1, 0, 1, 1]",50,35.0,"85 Ambulance, 65 Ambulance, 64 Vans, 85 Trucks",66,1800,0.694444444,50,0.3,0.006944444,0.7,0.326777778,High,21
3662,2 days 21:02:00,"[1, 0, 0, 1]",162,21.5,"67 Fire Extinguisher, 29 Bikes, 78 Trucks, 20 Fire Extinguisher",34,1800,2.25,50,0.57,0.0225,0.43,0.259,Moderate,21
3663,2 days 21:03:00,"[0, 1, 1, 1]",65,21.0,"90 Cars, 98 Ambulance, 54 Vans, 87 Patrol",83,1800,0.902777778,50,0.58,0.009027778,0.42,0.451611111,Very High,21
3664,2 days 21:04:00,"[0, 1, 1, 1]",144,36.5,"100 Fire Extinguisher, 12 Fire Extinguisher",86,1800,2.0,50,0.27,0.02,0.73,0.406,Very High,21
3665,2 days 21:05:00,"[0, 1, 1, 1]",143,33.1,"96 Vans, 100 Ambulance, 30 Fire Extinguisher",46,1800,1.986111111,50,0.338,0.019861111,0.662,0.259544444,Moderate,21
3666,2 days 21:06:00,"[0, 0, 0, 1]",174,45.2,"84 Trucks, 14 Fire Extinguisher",88,1800,2.416666667,50,0.096,0.024166667,0.904,0.380866667,High,21
3667,2 days 21:07:00,"[0, 1, 0, 1]",95,24.8,"38 Trucks, 14 Patrol",73,1800,1.319444444,50,0.504,0.013194444,0.496,0.398077778,High,21
3668,2 days 21:08:00,"[0, 1, 0, 0]",143,20.7,"64 Vans, 86 Bikes, 45 Cars",51,1800,1.986111111,50,0.586,0.019861111,0.414,0.329144444,High,21
3669,2 days 21:09:00,"[1, 0, 0, 1]",81,33.5,"44 Trucks, 18 Cars, 18 Bikes, 52 Bikes",76,1800,1.125,50,0.33,0.01125,0.67,0.3745,High,21
3670,2 days 21:10:00,"[0, 1, 1, 1]",175,27.1,"35 Bikes, 55 Fire Extinguisher, 26 Patrol",89,1800,2.430555556,50,0.458,0.024305556,0.542,0.457322222,Very High,21
3671,2 days 21:11:00,"[1, 0, 1, 1]",90,21.5,"10 Cars, 58 Ambulance",39,1800,1.25,50,0.57,0.0125,0.43,0.275,Moderate,21
3672,2 days 21:12:00,"[1, 0, 1, 1]",88,41.7,"37 Vans, 24 Bikes, 14 Trucks",36,1800,1.222222222,50,0.166,0.012222222,0.834,0.182088889,Low,21
3673,2 days 21:13:00,"[1, 1, 1, 0]",75,23.3,"34 Ambulance, 33 Vans, 64 Ambulance",39,1800,1.041666667,50,0.534,0.010416667,0.466,0.266966667,Moderate,21
3674,2 days 21:14:00,"[1, 0, 0, 1]",141,38.2,"19 Ambulance, 62 Patrol",89,1800,1.958333333,50,0.236,0.019583333,0.764,0.411033333,Very High,21
3675,2 days 21:15:00,"[1, 1, 1, 0]",164,28.4,"77 Ambulance, 89 Bikes, 25 Bikes",50,1800,2.277777778,50,0.432,0.022777778,0.568,0.295511111,Moderate,21
3676,2 days 21:16:00,"[1, 0, 0, 1]",149,25.2,"19 Bikes, 14 Patrol, 54 Trucks",72,1800,2.069444444,50,0.496,0.020694444,0.504,0.395477778,High,21
3677,2 days 21:17:00,"[0, 0, 0, 1]",58,31.4,"15 Fire Extinguisher, 63 Bikes",68,1800,0.805555556,50,0.372,0.008055556,0.628,0.349622222,High,21
3678,2 days 21:18:00,"[0, 0, 1, 1]",84,44.0,"80 Cars, 92 Cars",80,1800,1.166666667,50,0.12,0.011666667,0.88,0.348666667,High,21
3679,2 days 21:19:00,"[1, 0, 1, 0]",116,31.8,"61 Bikes, 50 Patrol, 89 Fire Extinguisher",68,1800,1.611111111,50,0.364,0.016111111,0.636,0.351244444,High,21
3680,2 days 21:20:00,"[0, 1, 0, 1]",152,42.5,"54 Bikes, 14 Patrol, 12 Patrol, 38 Patrol",48,1800,2.111111111,50,0.15,0.021111111,0.85,0.230444444,Moderate,21
3681,2 days 21:21:00,"[0, 0, 0, 0]",199,23.8,"50 Ambulance, 24 Cars, 83 Ambulance, 27 Fire Extinguisher",41,1800,2.763888889,50,0.524,0.027638889,0.476,0.279855556,Moderate,21
3682,2 days 21:22:00,"[1, 1, 1, 0]",116,43.2,"13 Bikes, 77 Bikes, 83 Bikes",35,1800,1.611111111,50,0.136,0.016111111,0.864,0.173644444,Low,21
3683,2 days 21:23:00,"[0, 0, 0, 1]",107,27.1,"39 Ambulance, 91 Vans, 90 Vans, 100 Ambulance",58,1800,1.486111111,50,0.458,0.014861111,0.542,0.329544444,High,21
3684,2 days 21:24:00,"[1, 0, 1, 1]",158,40.3,"94 Fire Extinguisher, 87 Fire Extinguisher",40,1800,2.194444444,50,0.194,0.021944444,0.806,0.207577778,Moderate,21
3685,2 days 21:25:00,"[1, 0, 1, 1]",187,37.0,"73 Cars, 93 Trucks, 25 Bikes",66,1800,2.597222222,50,0.26,0.025972222,0.74,0.326388889,High,21
3686,2 days 21:26:00,"[0, 1, 1, 1]",193,47.9,"83 Patrol, 75 Ambulance, 42 Trucks, 40 Ambulance",82,1800,2.680555556,50,0.042,0.026805556,0.958,0.347122222,High,21
3687,2 days 21:27:00,"[1, 1, 0, 0]",177,31.6,"49 Cars, 34 Fire Extinguisher",78,1800,2.458333333,50,0.368,0.024583333,0.632,0.395433333,High,21
3688,2 days 21:28:00,"[1, 0, 1, 1]",58,22.0,"25 Trucks, 82 Patrol",84,1800,0.805555556,50,0.56,0.008055556,0.44,0.451222222,Very High,21
3689,2 days 21:29:00,"[1, 0, 1, 1]",183,20.6,"27 Fire Extinguisher, 21 Bikes, 16 Cars",43,1800,2.541666667,50,0.588,0.025416667,0.412,0.299766667,Moderate,21
3690,2 days 21:30:00,"[0, 1, 0, 0]",182,44.8,"64 Trucks, 37 Fire Extinguisher, 15 Fire Extinguisher, 40 Bikes",74,1800,2.527777778,50,0.104,0.025277778,0.896,0.326911111,High,21
3691,2 days 21:31:00,"[1, 0, 0, 0]",121,35.7,"11 Trucks, 10 Vans",49,1800,1.680555556,50,0.286,0.016805556,0.714,0.259922222,Moderate,21
3692,2 days 21:32:00,"[1, 0, 0, 1]",111,43.3,"84 Cars, 25 Fire Extinguisher",47,1800,1.541666667,50,0.134,0.015416667,0.866,0.220966667,Moderate,21
3693,2 days 21:33:00,"[0, 1, 0, 0]",87,27.0,"39 Patrol, 45 Cars, 10 Patrol",73,1800,1.208333333,50,0.46,0.012083333,0.54,0.388833333,High,21
3694,2 days 21:34:00,"[1, 1, 0, 1]",193,30.4,"95 Bikes, 91 Fire Extinguisher, 66 Vans",81,1800,2.680555556,50,0.392,0.026805556,0.608,0.413122222,Very High,21
3695,2 days 21:35:00,"[0, 1, 0, 0]",72,20.9,"97 Bikes, 25 Vans",78,1800,1.0,50,0.582,0.01,0.418,0.4324,Very High,21
3696,2 days 21:36:00,"[1, 0, 0, 1]",53,48.8,"58 Trucks, 15 Patrol, 50 Fire Extinguisher, 73 Fire Extinguisher",68,1800,0.736111111,50,0.024,0.007361111,0.976,0.279744444,Moderate,21
3697,2 days 21:37:00,"[1, 0, 0, 1]",125,40.0,"45 Bikes, 46 Ambulance",67,1800,1.736111111,50,0.2,0.017361111,0.8,0.314944444,High,21
3698,2 days 21:38:00,"[1, 1, 1, 1]",61,48.0,"25 Cars, 84 Bikes, 21 Patrol",46,1800,0.847222222,50,0.04,0.008472222,0.96,0.195388889,Low,21
3699,2 days 21:39:00,"[0, 1, 1, 1]",187,28.0,"99 Cars, 62 Patrol, 94 Bikes",46,1800,2.597222222,50,0.44,0.025972222,0.56,0.282388889,Moderate,21
3700,2 days 21:40:00,"[1, 1, 1, 0]",173,38.3,"34 Cars, 59 Ambulance",61,1800,2.402777778,50,0.234,0.024027778,0.766,0.300411111,High,21
3701,2 days 21:41:00,"[0, 1, 1, 1]",147,40.4,"45 Bikes, 50 Trucks",63,1800,2.041666667,50,0.192,0.020416667,0.808,0.298566667,Moderate,21
3702,2 days 21:42:00,"[0, 1, 0, 1]",91,29.5,"25 Trucks, 87 Bikes",31,1800,1.263888889,50,0.41,0.012638889,0.59,0.211055556,Moderate,21
3703,2 days 21:43:00,"[1, 0, 1, 1]",98,45.4,"87 Fire Extinguisher, 94 Vans, 76 Cars",66,1800,1.361111111,50,0.092,0.013611111,0.908,0.287844444,Moderate,21
3704,2 days 21:44:00,"[0, 0, 0, 0]",142,48.4,"14 Bikes, 20 Trucks, 35 Patrol",72,1800,1.972222222,50,0.032,0.019722222,0.968,0.302288889,High,21
3705,2 days 21:45:00,"[1, 1, 1, 0]",181,46.5,"61 Bikes, 53 Trucks, 62 Fire Extinguisher, 98 Trucks",64,1800,2.513888889,50,0.07,0.025138889,0.93,0.280055556,Moderate,21
3706,2 days 21:46:00,"[0, 0, 1, 0]",98,42.2,"35 Patrol, 94 Patrol, 68 Patrol",88,1800,1.361111111,50,0.156,0.013611111,0.844,0.388644444,High,21
3707,2 days 21:47:00,"[0, 1, 0, 1]",63,28.3,"97 Ambulance, 87 Ambulance",39,1800,0.875,50,0.434,0.00875,0.566,0.2463,Moderate,21
3708,2 days 21:48:00,"[0, 0, 1, 1]",116,28.4,"37 Cars, 57 Bikes, 37 Trucks, 35 Bikes",51,1800,1.611111111,50,0.432,0.016111111,0.568,0.296844444,Moderate,21
3709,2 days 21:49:00,"[1, 1, 0, 0]",75,48.9,"25 Patrol, 40 Bikes, 62 Bikes",61,1800,1.041666667,50,0.022,0.010416667,0.978,0.252566667,Moderate,21
3710,2 days 21:50:00,"[1, 1, 1, 0]",199,20.3,"52 Patrol, 18 Bikes, 56 Bikes",76,1800,2.763888889,50,0.594,0.027638889,0.406,0.433855556,Very High,21
3711,2 days 21:51:00,"[1, 1, 1, 1]",141,41.5,"93 Vans, 13 Patrol",48,1800,1.958333333,50,0.17,0.019583333,0.83,0.233833333,Moderate,21
3712,2 days 21:52:00,"[0, 1, 1, 0]",85,41.2,"79 Cars, 42 Vans, 18 Fire Extinguisher, 60 Ambulance",47,1800,1.180555556,50,0.176,0.011805556,0.824,0.227922222,Moderate,21
3713,2 days 21:53:00,"[0, 1, 0, 1]",161,38.7,"97 Patrol, 77 Patrol, 40 Patrol, 20 Fire Extinguisher",35,1800,2.236111111,50,0.226,0.022361111,0.774,0.194144444,Low,21
3714,2 days 21:54:00,"[0, 0, 1, 1]",130,49.7,"25 Fire Extinguisher, 69 Ambulance",88,1800,1.805555556,50,0.006,0.018055556,0.994,0.360422222,High,21
3715,2 days 21:55:00,"[1, 0, 0, 1]",51,29.4,"64 Ambulance, 69 Fire Extinguisher, 88 Patrol, 91 Trucks",56,1800,0.708333333,50,0.412,0.007083333,0.588,0.309233333,High,21
3716,2 days 21:56:00,"[1, 0, 0, 1]",180,30.2,"66 Fire Extinguisher, 21 Fire Extinguisher, 85 Fire Extinguisher, 21 Cars",42,1800,2.5,50,0.396,0.025,0.604,0.2572,Moderate,21
3717,2 days 21:57:00,"[0, 0, 1, 0]",103,22.4,"26 Patrol, 87 Vans, 56 Bikes",69,1800,1.430555556,50,0.552,0.014305556,0.448,0.392122222,High,21
3718,2 days 21:58:00,"[0, 0, 0, 1]",138,33.3,"85 Ambulance, 96 Trucks",71,1800,1.916666667,50,0.334,0.019166667,0.666,0.358466667,High,21
3719,2 days 21:59:00,"[1, 0, 0, 1]",189,27.8,"97 Patrol, 28 Fire Extinguisher",82,1800,2.625,50,0.444,0.02625,0.556,0.4273,Very High,21
3720,2 days 22:00:00,"[1, 1, 1, 0]",98,30.3,"12 Ambulance, 61 Patrol",56,1800,1.361111111,50,0.394,0.013611111,0.606,0.308244444,High,22
3721,2 days 22:01:00,"[1, 0, 0, 1]",98,45.0,"93 Fire Extinguisher, 71 Trucks, 41 Cars, 99 Trucks",82,1800,1.361111111,50,0.1,0.013611111,0.9,0.353444444,High,22
3722,2 days 22:02:00,"[1, 0, 0, 1]",200,48.1,"80 Vans, 84 Vans",37,1800,2.777777778,50,0.038,0.027777778,0.962,0.166711111,Low,22
3723,2 days 22:03:00,"[0, 0, 1, 0]",179,25.6,"39 Cars, 47 Patrol",50,1800,2.486111111,50,0.488,0.024861111,0.512,0.307544444,High,22
3724,2 days 22:04:00,"[0, 0, 0, 1]",53,31.2,"93 Patrol, 57 Vans",36,1800,0.736111111,50,0.376,0.007361111,0.624,0.222144444,Moderate,22
3725,2 days 22:05:00,"[1, 0, 1, 1]",145,47.9,"53 Cars, 100 Fire Extinguisher",64,1800,2.013888889,50,0.042,0.020138889,0.958,0.272455556,Moderate,22
3726,2 days 22:06:00,"[0, 0, 0, 0]",177,21.9,"72 Cars, 42 Patrol, 36 Vans",36,1800,2.458333333,50,0.562,0.024583333,0.438,0.266233333,Moderate,22
3727,2 days 22:07:00,"[0, 0, 0, 1]",126,22.8,"70 Trucks, 18 Cars",60,1800,1.75,50,0.544,0.0175,0.456,0.3558,High,22
3728,2 days 22:08:00,"[0, 0, 1, 0]",55,24.9,"100 Trucks, 40 Patrol, 95 Vans",57,1800,0.763888889,50,0.502,0.007638889,0.498,0.331455556,High,22
3729,2 days 22:09:00,"[1, 1, 0, 0]",162,37.9,"66 Patrol, 91 Vans",53,1800,2.25,50,0.242,0.0225,0.758,0.2694,Moderate,22
3730,2 days 22:10:00,"[1, 1, 0, 1]",155,24.5,"95 Cars, 26 Vans, 86 Fire Extinguisher",49,1800,2.152777778,50,0.51,0.021527778,0.49,0.306611111,High,22
3731,2 days 22:11:00,"[0, 0, 0, 1]",169,49.0,"73 Trucks, 32 Bikes, 70 Cars, 95 Ambulance",80,1800,2.347222222,50,0.02,0.023472222,0.98,0.333388889,High,22
3732,2 days 22:12:00,"[1, 0, 1, 1]",68,33.4,"14 Cars, 69 Cars",47,1800,0.944444444,50,0.332,0.009444444,0.668,0.258177778,Moderate,22
3733,2 days 22:13:00,"[0, 0, 1, 1]",143,35.0,"77 Vans, 55 Patrol, 67 Patrol, 84 Cars",43,1800,1.986111111,50,0.3,0.019861111,0.7,0.239944444,Moderate,22
3734,2 days 22:14:00,"[1, 0, 1, 1]",101,27.4,"28 Bikes, 16 Trucks, 78 Vans, 72 Cars",61,1800,1.402777778,50,0.452,0.014027778,0.548,0.340011111,High,22
3735,2 days 22:15:00,"[1, 0, 1, 1]",151,34.1,"58 Vans, 16 Cars, 64 Fire Extinguisher",49,1800,2.097222222,50,0.318,0.020972222,0.682,0.267988889,Moderate,22
3736,2 days 22:16:00,"[0, 1, 1, 1]",76,39.9,"83 Patrol, 81 Vans, 56 Cars",86,1800,1.055555556,50,0.202,0.010555556,0.798,0.388622222,High,22
3737,2 days 22:17:00,"[1, 1, 1, 0]",113,42.5,"33 Fire Extinguisher, 12 Trucks, 30 Patrol",49,1800,1.569444444,50,0.15,0.015694444,0.85,0.232277778,Moderate,22
3738,2 days 22:18:00,"[1, 0, 1, 0]",81,42.6,"77 Patrol, 84 Cars",80,1800,1.125,50,0.148,0.01125,0.852,0.3541,High,22
3739,2 days 22:19:00,"[1, 1, 1, 1]",161,37.3,"30 Fire Extinguisher, 65 Patrol, 33 Vans, 16 Patrol",47,1800,2.236111111,50,0.254,0.022361111,0.746,0.247744444,Moderate,22
3740,2 days 22:20:00,"[0, 0, 1, 0]",172,47.1,"92 Ambulance, 63 Ambulance",51,1800,2.388888889,50,0.058,0.023888889,0.942,0.225155556,Moderate,22
3741,2 days 22:21:00,"[1, 1, 0, 0]",176,44.5,"15 Ambulance, 71 Bikes",68,1800,2.444444444,50,0.11,0.024444444,0.89,0.303777778,High,22
3742,2 days 22:22:00,"[0, 1, 1, 1]",70,42.7,"22 Cars, 37 Trucks, 72 Fire Extinguisher",50,1800,0.972222222,50,0.146,0.009722222,0.854,0.233088889,Moderate,22
3743,2 days 22:23:00,"[1, 0, 0, 0]",172,21.7,"18 Patrol, 76 Ambulance",43,1800,2.388888889,50,0.566,0.023888889,0.434,0.294755556,Moderate,22
3744,2 days 22:24:00,"[0, 1, 1, 0]",192,20.2,"41 Patrol, 46 Patrol, 40 Bikes",33,1800,2.666666667,50,0.596,0.026666667,0.404,0.261866667,Moderate,22
3745,2 days 22:25:00,"[0, 0, 1, 1]",51,26.4,"69 Bikes, 91 Ambulance, 39 Cars, 27 Cars",35,1800,0.708333333,50,0.472,0.007083333,0.528,0.237233333,Moderate,22
3746,2 days 22:26:00,"[0, 0, 0, 1]",97,39.9,"25 Ambulance, 28 Fire Extinguisher, 57 Fire Extinguisher, 86 Ambulance",66,1800,1.347222222,50,0.202,0.013472222,0.798,0.309788889,High,22
3747,2 days 22:27:00,"[0, 1, 0, 1]",72,32.3,"75 Bikes, 23 Trucks",85,1800,1.0,50,0.354,0.01,0.646,0.4148,Very High,22
3748,2 days 22:28:00,"[0, 1, 0, 1]",120,32.1,"64 Cars, 78 Fire Extinguisher",55,1800,1.666666667,50,0.358,0.016666667,0.642,0.298266667,Moderate,22
3749,2 days 22:29:00,"[1, 1, 1, 0]",186,46.5,"81 Vans, 93 Patrol, 48 Cars, 62 Bikes",65,1800,2.583333333,50,0.07,0.025833333,0.93,0.284333333,Moderate,22
3750,2 days 22:30:00,"[1, 0, 0, 1]",148,46.9,"23 Cars, 62 Vans, 77 Trucks",88,1800,2.055555556,50,0.062,0.020555556,0.938,0.372622222,High,22
3751,2 days 22:31:00,"[0, 1, 0, 0]",199,47.3,"18 Trucks, 54 Fire Extinguisher, 30 Cars, 83 Cars",80,1800,2.763888889,50,0.054,0.027638889,0.946,0.341855556,High,22
3752,2 days 22:32:00,"[0, 1, 1, 1]",158,29.4,"76 Patrol, 33 Patrol",40,1800,2.194444444,50,0.412,0.021944444,0.588,0.251177778,Moderate,22
3753,2 days 22:33:00,"[0, 1, 0, 1]",147,40.7,"41 Vans, 39 Fire Extinguisher, 52 Patrol, 78 Patrol",74,1800,2.041666667,50,0.186,0.020416667,0.814,0.341366667,High,22
3754,2 days 22:34:00,"[0, 1, 0, 1]",79,28.1,"46 Trucks, 44 Cars",84,1800,1.097222222,50,0.438,0.010972222,0.562,0.427988889,Very High,22
3755,2 days 22:35:00,"[1, 1, 0, 0]",58,25.7,"20 Ambulance, 56 Ambulance, 49 Bikes, 16 Fire Extinguisher",32,1800,0.805555556,50,0.486,0.008055556,0.514,0.228422222,Moderate,22
3756,2 days 22:36:00,"[1, 1, 0, 1]",105,25.5,"23 Trucks, 31 Trucks, 70 Vans",41,1800,1.458333333,50,0.49,0.014583333,0.51,0.267833333,Moderate,22
3757,2 days 22:37:00,"[0, 1, 0, 0]",79,30.3,"58 Bikes, 20 Fire Extinguisher, 23 Ambulance",84,1800,1.097222222,50,0.394,0.010972222,0.606,0.419188889,Very High,22
3758,2 days 22:38:00,"[0, 1, 0, 1]",116,32.9,"94 Ambulance, 81 Bikes, 40 Fire Extinguisher, 56 Trucks",88,1800,1.611111111,50,0.342,0.016111111,0.658,0.426844444,Very High,22
3759,2 days 22:39:00,"[0, 1, 0, 1]",121,44.9,"31 Bikes, 22 Patrol, 54 Trucks, 60 Bikes",64,1800,1.680555556,50,0.102,0.016805556,0.898,0.283122222,Moderate,22
3760,2 days 22:40:00,"[1, 0, 1, 1]",141,23.6,"21 Ambulance, 72 Vans, 38 Bikes",87,1800,1.958333333,50,0.528,0.019583333,0.472,0.461433333,Very High,22
3761,2 days 22:41:00,"[0, 0, 1, 0]",191,42.0,"12 Trucks, 76 Patrol, 68 Bikes",61,1800,2.652777778,50,0.16,0.026527778,0.84,0.286611111,Moderate,22
3762,2 days 22:42:00,"[0, 0, 1, 1]",180,35.9,"66 Vans, 41 Patrol, 94 Bikes, 86 Patrol",34,1800,2.5,50,0.282,0.025,0.718,0.2024,Moderate,22
3763,2 days 22:43:00,"[1, 1, 1, 1]",133,28.6,"65 Cars, 69 Cars",65,1800,1.847222222,50,0.428,0.018472222,0.572,0.352988889,High,22
3764,2 days 22:44:00,"[0, 1, 1, 1]",64,34.8,"91 Bikes, 22 Bikes",31,1800,0.888888889,50,0.304,0.008888889,0.696,0.188355556,Low,22
3765,2 days 22:45:00,"[0, 0, 1, 1]",112,29.0,"42 Fire Extinguisher, 43 Patrol, 32 Vans, 59 Trucks",31,1800,1.555555556,50,0.42,0.015555556,0.58,0.214222222,Moderate,22
3766,2 days 22:46:00,"[0, 0, 1, 0]",117,37.9,"90 Ambulance, 41 Vans",32,1800,1.625,50,0.242,0.01625,0.758,0.1829,Low,22
3767,2 days 22:47:00,"[1, 1, 0, 1]",152,33.0,"65 Fire Extinguisher, 47 Ambulance, 26 Cars, 55 Bikes",62,1800,2.111111111,50,0.34,0.021111111,0.66,0.324444444,High,22
3768,2 days 22:48:00,"[0, 0, 0, 0]",147,24.9,"59 Ambulance, 44 Fire Extinguisher, 18 Vans",78,1800,2.041666667,50,0.502,0.020416667,0.498,0.420566667,Very High,22
3769,2 days 22:49:00,"[0, 0, 0, 1]",96,23.5,"18 Fire Extinguisher, 52 Patrol",39,1800,1.333333333,50,0.53,0.013333333,0.47,0.267333333,Moderate,22
3770,2 days 22:50:00,"[1, 1, 0, 0]",137,36.4,"58 Trucks, 44 Patrol, 64 Trucks",82,1800,1.902777778,50,0.272,0.019027778,0.728,0.390011111,High,22
3771,2 days 22:51:00,"[0, 0, 1, 1]",184,47.1,"77 Ambulance, 90 Vans, 54 Bikes",51,1800,2.555555556,50,0.058,0.025555556,0.942,0.225822222,Moderate,22
3772,2 days 22:52:00,"[0, 1, 0, 0]",174,30.3,"90 Fire Extinguisher, 34 Bikes, 43 Trucks",48,1800,2.416666667,50,0.394,0.024166667,0.606,0.280466667,Moderate,22
3773,2 days 22:53:00,"[1, 0, 1, 0]",70,42.0,"12 Vans, 89 Fire Extinguisher, 15 Fire Extinguisher, 26 Ambulance",67,1800,0.972222222,50,0.16,0.009722222,0.84,0.303888889,High,22
3774,2 days 22:54:00,"[0, 1, 0, 0]",160,39.8,"22 Cars, 62 Fire Extinguisher",38,1800,2.222222222,50,0.204,0.022222222,0.796,0.201688889,Moderate,22
3775,2 days 22:55:00,"[1, 0, 1, 1]",191,47.9,"31 Ambulance, 51 Bikes",79,1800,2.652777778,50,0.042,0.026527778,0.958,0.335011111,High,22
3776,2 days 22:56:00,"[1, 1, 1, 1]",151,44.6,"95 Vans, 13 Vans, 12 Fire Extinguisher, 21 Ambulance",65,1800,2.097222222,50,0.108,0.020972222,0.892,0.289988889,Moderate,22
3777,2 days 22:57:00,"[0, 1, 1, 1]",166,37.0,"13 Patrol, 11 Fire Extinguisher, 81 Patrol",54,1800,2.305555556,50,0.26,0.023055556,0.74,0.277222222,Moderate,22
3778,2 days 22:58:00,"[1, 0, 1, 0]",196,39.7,"97 Cars, 65 Fire Extinguisher, 35 Trucks, 33 Cars",39,1800,2.722222222,50,0.206,0.027222222,0.794,0.208088889,Moderate,22
3779,2 days 22:59:00,"[0, 0, 1, 0]",144,47.0,"95 Fire Extinguisher, 82 Fire Extinguisher, 48 Fire Extinguisher",51,1800,2.0,50,0.06,0.02,0.94,0.224,Moderate,22
3780,2 days 23:00:00,"[0, 1, 1, 0]",103,32.0,"53 Vans, 22 Vans, 82 Bikes",69,1800,1.430555556,50,0.36,0.014305556,0.64,0.353722222,High,23
3781,2 days 23:01:00,"[0, 1, 1, 0]",198,29.8,"71 Vans, 47 Fire Extinguisher",58,1800,2.75,50,0.404,0.0275,0.596,0.3238,High,23
3782,2 days 23:02:00,"[1, 0, 1, 0]",102,20.3,"33 Patrol, 28 Trucks",83,1800,1.416666667,50,0.594,0.014166667,0.406,0.456466667,Very High,23
3783,2 days 23:03:00,"[0, 1, 1, 0]",141,44.8,"11 Trucks, 52 Vans",41,1800,1.958333333,50,0.104,0.019583333,0.896,0.192633333,Low,23
3784,2 days 23:04:00,"[0, 1, 1, 0]",68,44.0,"100 Patrol, 26 Trucks",83,1800,0.944444444,50,0.12,0.009444444,0.88,0.359777778,High,23
3785,2 days 23:05:00,"[0, 1, 0, 1]",169,23.1,"11 Bikes, 93 Trucks",43,1800,2.347222222,50,0.538,0.023472222,0.462,0.288988889,Moderate,23
3786,2 days 23:06:00,"[1, 0, 0, 0]",88,37.3,"78 Vans, 35 Bikes, 37 Fire Extinguisher, 83 Trucks",77,1800,1.222222222,50,0.254,0.012222222,0.746,0.363688889,High,23
3787,2 days 23:07:00,"[1, 1, 0, 0]",130,33.9,"75 Vans, 26 Cars, 60 Patrol, 56 Patrol",74,1800,1.805555556,50,0.322,0.018055556,0.678,0.367622222,High,23
3788,2 days 23:08:00,"[1, 1, 0, 0]",197,23.6,"98 Vans, 38 Ambulance, 93 Patrol, 43 Bikes",77,1800,2.736111111,50,0.528,0.027361111,0.472,0.424544444,Very High,23
3789,2 days 23:09:00,"[1, 1, 0, 1]",76,49.4,"92 Vans, 24 Ambulance, 72 Fire Extinguisher, 98 Bikes",58,1800,1.055555556,50,0.012,0.010555556,0.988,0.238622222,Moderate,23
3790,2 days 23:10:00,"[0, 0, 1, 0]",104,26.4,"80 Fire Extinguisher, 63 Patrol, 73 Vans",72,1800,1.444444444,50,0.472,0.014444444,0.528,0.388177778,High,23
3791,2 days 23:11:00,"[0, 0, 0, 0]",53,22.0,"54 Bikes, 22 Vans, 23 Ambulance, 34 Trucks",41,1800,0.736111111,50,0.56,0.007361111,0.44,0.278944444,Moderate,23
3792,2 days 23:12:00,"[1, 0, 0, 0]",130,37.8,"38 Fire Extinguisher, 44 Fire Extinguisher, 42 Cars, 67 Vans",49,1800,1.805555556,50,0.244,0.018055556,0.756,0.252022222,Moderate,23
3793,2 days 23:13:00,"[0, 0, 0, 0]",176,42.2,"54 Bikes, 87 Bikes, 90 Trucks",71,1800,2.444444444,50,0.156,0.024444444,0.844,0.324977778,High,23
3794,2 days 23:14:00,"[0, 0, 0, 0]",131,21.0,"22 Trucks, 62 Ambulance",81,1800,1.819444444,50,0.58,0.018194444,0.42,0.447277778,Very High,23
3795,2 days 23:15:00,"[1, 0, 1, 0]",173,39.8,"65 Patrol, 33 Vans, 33 Bikes",41,1800,2.402777778,50,0.204,0.024027778,0.796,0.214411111,Moderate,23
3796,2 days 23:16:00,"[1, 1, 0, 1]",62,36.0,"92 Patrol, 93 Patrol, 23 Patrol, 88 Cars",43,1800,0.861111111,50,0.28,0.008611111,0.72,0.231444444,Moderate,23
3797,2 days 23:17:00,"[1, 1, 1, 1]",159,23.1,"28 Fire Extinguisher, 96 Patrol",46,1800,2.208333333,50,0.538,0.022083333,0.462,0.300433333,High,23
3798,2 days 23:18:00,"[0, 1, 1, 0]",190,25.2,"56 Ambulance, 53 Trucks, 72 Ambulance, 93 Cars",72,1800,2.638888889,50,0.496,0.026388889,0.504,0.397755556,High,23
3799,2 days 23:19:00,"[0, 0, 1, 0]",86,37.0,"13 Fire Extinguisher, 22 Bikes, 36 Patrol, 13 Bikes",44,1800,1.194444444,50,0.26,0.011944444,0.74,0.232777778,Moderate,23
3800,2 days 23:20:00,"[1, 1, 0, 1]",76,28.9,"96 Fire Extinguisher, 40 Trucks",37,1800,1.055555556,50,0.422,0.010555556,0.578,0.236622222,Moderate,23
3801,2 days 23:21:00,"[0, 0, 1, 1]",94,48.1,"68 Patrol, 28 Trucks",88,1800,1.305555556,50,0.038,0.013055556,0.962,0.364822222,High,23
3802,2 days 23:22:00,"[0, 0, 1, 1]",185,44.6,"95 Ambulance, 91 Fire Extinguisher, 16 Bikes",41,1800,2.569444444,50,0.108,0.025694444,0.892,0.195877778,Low,23
3803,2 days 23:23:00,"[1, 0, 1, 0]",143,49.5,"40 Bikes, 90 Fire Extinguisher",37,1800,1.986111111,50,0.01,0.019861111,0.99,0.157944444,Low,23
3804,2 days 23:24:00,"[1, 0, 1, 0]",64,27.8,"54 Bikes, 75 Bikes, 18 Cars, 98 Ambulance",30,1800,0.888888889,50,0.444,0.008888889,0.556,0.212355556,Moderate,23
3805,2 days 23:25:00,"[1, 0, 1, 0]",168,49.1,"91 Bikes, 14 Fire Extinguisher, 86 Patrol, 18 Fire Extinguisher",78,1800,2.333333333,50,0.018,0.023333333,0.982,0.324933333,High,23
3806,2 days 23:26:00,"[0, 1, 1, 0]",182,32.9,"38 Bikes, 14 Patrol, 83 Trucks",73,1800,2.527777778,50,0.342,0.025277778,0.658,0.370511111,High,23
3807,2 days 23:27:00,"[1, 1, 1, 0]",179,30.4,"53 Ambulance, 65 Ambulance",73,1800,2.486111111,50,0.392,0.024861111,0.608,0.380344444,High,23
3808,2 days 23:28:00,"[1, 1, 1, 1]",94,21.5,"18 Patrol, 52 Cars, 31 Vans",47,1800,1.305555556,50,0.57,0.013055556,0.43,0.307222222,High,23
3809,2 days 23:29:00,"[0, 1, 0, 1]",81,21.6,"61 Vans, 76 Patrol",89,1800,1.125,50,0.568,0.01125,0.432,0.4741,Very High,23
3810,2 days 23:30:00,"[1, 1, 1, 1]",51,40.8,"24 Fire Extinguisher, 91 Patrol, 29 Bikes, 83 Bikes",50,1800,0.708333333,50,0.184,0.007083333,0.816,0.239633333,Moderate,23
3811,2 days 23:31:00,"[0, 0, 1, 0]",161,33.7,"100 Vans, 71 Cars, 100 Fire Extinguisher",70,1800,2.236111111,50,0.326,0.022361111,0.674,0.354144444,High,23
3812,2 days 23:32:00,"[1, 1, 0, 0]",181,26.8,"88 Ambulance, 77 Patrol",78,1800,2.513888889,50,0.464,0.025138889,0.536,0.414855556,Very High,23
3813,2 days 23:33:00,"[1, 1, 1, 1]",90,38.4,"86 Ambulance, 31 Fire Extinguisher",60,1800,1.25,50,0.232,0.0125,0.768,0.2914,Moderate,23
3814,2 days 23:34:00,"[0, 0, 0, 1]",152,27.6,"95 Ambulance, 33 Patrol, 24 Bikes, 67 Bikes",32,1800,2.111111111,50,0.448,0.021111111,0.552,0.226044444,Moderate,23
3815,2 days 23:35:00,"[0, 1, 0, 1]",176,37.3,"42 Fire Extinguisher, 53 Ambulance, 69 Bikes, 31 Trucks",50,1800,2.444444444,50,0.254,0.024444444,0.746,0.260577778,Moderate,23
3816,2 days 23:36:00,"[0, 1, 0, 0]",116,30.8,"15 Vans, 88 Patrol",76,1800,1.611111111,50,0.384,0.016111111,0.616,0.387244444,High,23
3817,2 days 23:37:00,"[1, 1, 0, 0]",71,44.7,"25 Patrol, 17 Patrol, 14 Trucks",56,1800,0.986111111,50,0.106,0.009861111,0.894,0.249144444,Moderate,23
3818,2 days 23:38:00,"[0, 1, 0, 1]",192,44.6,"98 Fire Extinguisher, 53 Ambulance, 71 Fire Extinguisher",48,1800,2.666666667,50,0.108,0.026666667,0.892,0.224266667,Moderate,23
3819,2 days 23:39:00,"[0, 0, 0, 0]",79,34.3,"55 Bikes, 43 Patrol, 37 Vans, 90 Fire Extinguisher",39,1800,1.097222222,50,0.314,0.010972222,0.686,0.223188889,Moderate,23
3820,2 days 23:40:00,"[0, 0, 1, 1]",181,30.5,"18 Ambulance, 80 Patrol, 61 Ambulance, 28 Ambulance",90,1800,2.513888889,50,0.39,0.025138889,0.61,0.448055556,Very High,23
3821,2 days 23:41:00,"[1, 0, 1, 0]",163,30.9,"96 Patrol, 31 Cars",57,1800,2.263888889,50,0.382,0.022638889,0.618,0.313455556,High,23
3822,2 days 23:42:00,"[0, 1, 1, 0]",168,44.2,"60 Bikes, 15 Ambulance",84,1800,2.333333333,50,0.116,0.023333333,0.884,0.368533333,High,23
3823,2 days 23:43:00,"[0, 1, 0, 0]",127,29.8,"40 Patrol, 51 Ambulance",83,1800,1.763888889,50,0.404,0.017638889,0.596,0.419855556,Very High,23
3824,2 days 23:44:00,"[0, 1, 1, 0]",83,26.3,"89 Vans, 65 Ambulance, 14 Vans, 72 Trucks",78,1800,1.152777778,50,0.474,0.011527778,0.526,0.411411111,Very High,23
3825,2 days 23:45:00,"[1, 1, 0, 1]",113,22.5,"77 Bikes, 72 Patrol",76,1800,1.569444444,50,0.55,0.015694444,0.45,0.420277778,Very High,23
3826,2 days 23:46:00,"[0, 1, 1, 1]",138,34.0,"29 Patrol, 64 Trucks, 66 Cars, 47 Cars",50,1800,1.916666667,50,0.32,0.019166667,0.68,0.271666667,Moderate,23
3827,2 days 23:47:00,"[0, 0, 0, 1]",70,34.5,"49 Trucks, 44 Bikes",64,1800,0.972222222,50,0.31,0.009722222,0.69,0.321888889,High,23
3828,2 days 23:48:00,"[0, 1, 1, 1]",198,45.2,"10 Ambulance, 75 Fire Extinguisher",35,1800,2.75,50,0.096,0.0275,0.904,0.1702,Low,23
3829,2 days 23:49:00,"[1, 0, 1, 0]",122,26.6,"10 Patrol, 98 Patrol, 91 Trucks, 21 Vans",51,1800,1.694444444,50,0.468,0.016944444,0.532,0.304377778,High,23
3830,2 days 23:50:00,"[1, 0, 1, 1]",171,31.4,"16 Trucks, 45 Vans, 46 Fire Extinguisher",42,1800,2.375,50,0.372,0.02375,0.628,0.2519,Moderate,23
3831,2 days 23:51:00,"[0, 1, 0, 0]",90,44.3,"92 Vans, 67 Ambulance",34,1800,1.25,50,0.114,0.0125,0.886,0.1638,Low,23
3832,2 days 23:52:00,"[0, 0, 0, 1]",176,44.7,"50 Ambulance, 22 Fire Extinguisher, 98 Trucks",71,1800,2.444444444,50,0.106,0.024444444,0.894,0.314977778,High,23
3833,2 days 23:53:00,"[1, 0, 0, 1]",111,31.5,"26 Ambulance, 47 Trucks, 56 Trucks",42,1800,1.541666667,50,0.37,0.015416667,0.63,0.248166667,Moderate,23
3834,2 days 23:54:00,"[0, 0, 1, 1]",157,33.8,"90 Trucks, 59 Fire Extinguisher, 65 Patrol, 62 Fire Extinguisher",63,1800,2.180555556,50,0.324,0.021805556,0.676,0.325522222,High,23
3835,2 days 23:55:00,"[0, 0, 0, 1]",75,29.1,"40 Bikes, 10 Ambulance, 60 Cars, 51 Trucks",49,1800,1.041666667,50,0.418,0.010416667,0.582,0.283766667,Moderate,23
3836,2 days 23:56:00,"[0, 0, 0, 1]",180,48.0,"94 Cars, 96 Bikes",30,1800,2.5,50,0.04,0.025,0.96,0.138,Low,23
3837,2 days 23:57:00,"[1, 1, 1, 1]",91,23.6,"100 Patrol, 24 Vans, 72 Bikes",47,1800,1.263888889,50,0.528,0.012638889,0.472,0.298655556,Moderate,23
3838,2 days 23:58:00,"[1, 1, 1, 1]",76,48.0,"60 Trucks, 11 Trucks",75,1800,1.055555556,50,0.04,0.010555556,0.96,0.312222222,High,23
3839,2 days 23:59:00,"[1, 0, 1, 0]",136,40.5,"31 Cars, 34 Ambulance, 51 Patrol, 93 Patrol",43,1800,1.888888889,50,0.19,0.018888889,0.81,0.217555556,Moderate,23
3840,3 days 00:00:00,"[0, 1, 0, 0]",111,35.9,"93 Patrol, 41 Trucks, 76 Ambulance, 54 Ambulance",45,1800,1.541666667,50,0.282,0.015416667,0.718,0.242566667,Moderate,0
3841,3 days 00:01:00,"[1, 1, 1, 1]",91,21.0,"33 Trucks, 34 Patrol, 83 Patrol, 45 Vans",73,1800,1.263888889,50,0.58,0.012638889,0.42,0.413055556,Very High,0
3842,3 days 00:02:00,"[1, 1, 1, 0]",85,34.3,"56 Fire Extinguisher, 92 Trucks, 59 Fire Extinguisher",81,1800,1.180555556,50,0.314,0.011805556,0.686,0.391522222,High,0
3843,3 days 00:03:00,"[1, 1, 1, 0]",198,32.2,"63 Vans, 95 Vans",76,1800,2.75,50,0.356,0.0275,0.644,0.3862,High,0
3844,3 days 00:04:00,"[0, 1, 1, 0]",165,24.8,"43 Fire Extinguisher, 98 Cars",54,1800,2.291666667,50,0.504,0.022916667,0.496,0.325966667,High,0
3845,3 days 00:05:00,"[1, 0, 1, 1]",59,39.7,"26 Bikes, 42 Patrol, 70 Fire Extinguisher",68,1800,0.819444444,50,0.206,0.008194444,0.794,0.316477778,High,0
3846,3 days 00:06:00,"[0, 1, 0, 1]",52,49.1,"99 Cars, 13 Fire Extinguisher",57,1800,0.722222222,50,0.018,0.007222222,0.982,0.234488889,Moderate,0
3847,3 days 00:07:00,"[0, 0, 0, 0]",128,36.9,"91 Bikes, 27 Bikes",36,1800,1.777777778,50,0.262,0.017777778,0.738,0.203511111,Moderate,0
3848,3 days 00:08:00,"[1, 1, 0, 1]",161,41.4,"26 Bikes, 21 Bikes, 29 Cars, 76 Ambulance",78,1800,2.236111111,50,0.172,0.022361111,0.828,0.355344444,High,0
3849,3 days 00:09:00,"[0, 1, 1, 1]",195,22.1,"26 Patrol, 52 Patrol, 79 Trucks",70,1800,2.708333333,50,0.558,0.027083333,0.442,0.402433333,Very High,0
3850,3 days 00:10:00,"[0, 1, 0, 0]",198,32.5,"31 Cars, 36 Vans, 98 Patrol",34,1800,2.75,50,0.35,0.0275,0.65,0.217,Moderate,0
3851,3 days 00:11:00,"[1, 0, 0, 1]",183,23.5,"45 Ambulance, 59 Vans, 65 Bikes, 28 Vans",70,1800,2.541666667,50,0.53,0.025416667,0.47,0.396166667,High,0
3852,3 days 00:12:00,"[1, 0, 1, 0]",159,38.4,"57 Vans, 75 Ambulance, 71 Patrol, 87 Fire Extinguisher",82,1800,2.208333333,50,0.232,0.022083333,0.768,0.383233333,High,0
3853,3 days 00:13:00,"[1, 0, 1, 1]",69,48.2,"93 Bikes, 35 Ambulance",51,1800,0.958333333,50,0.036,0.009583333,0.964,0.215033333,Moderate,0
3854,3 days 00:14:00,"[0, 0, 0, 0]",92,39.9,"62 Cars, 85 Ambulance",73,1800,1.277777778,50,0.202,0.012777778,0.798,0.337511111,High,0
3855,3 days 00:15:00,"[0, 0, 1, 1]",68,22.3,"78 Patrol, 82 Vans, 20 Bikes",42,1800,0.944444444,50,0.554,0.009444444,0.446,0.282577778,Moderate,0
3856,3 days 00:16:00,"[0, 1, 0, 1]",133,30.6,"12 Trucks, 38 Fire Extinguisher",40,1800,1.847222222,50,0.388,0.018472222,0.612,0.244988889,Moderate,0
3857,3 days 00:17:00,"[0, 1, 1, 1]",51,36.5,"11 Patrol, 90 Vans, 30 Bikes, 55 Ambulance",82,1800,0.708333333,50,0.27,0.007083333,0.73,0.384833333,High,0
3858,3 days 00:18:00,"[1, 0, 0, 0]",174,32.1,"97 Cars, 54 Trucks, 95 Trucks, 69 Vans",34,1800,2.416666667,50,0.358,0.024166667,0.642,0.217266667,Moderate,0
3859,3 days 00:19:00,"[1, 0, 1, 1]",76,45.0,"88 Bikes, 72 Trucks",83,1800,1.055555556,50,0.1,0.010555556,0.9,0.356222222,High,0
3860,3 days 00:20:00,"[1, 1, 0, 1]",159,44.4,"95 Patrol, 86 Ambulance, 41 Ambulance",87,1800,2.208333333,50,0.112,0.022083333,0.888,0.379233333,High,0
3861,3 days 00:21:00,"[1, 0, 0, 0]",75,38.4,"31 Bikes, 59 Patrol, 92 Cars",49,1800,1.041666667,50,0.232,0.010416667,0.768,0.246566667,Moderate,0
3862,3 days 00:22:00,"[0, 1, 0, 0]",67,31.2,"77 Cars, 41 Bikes, 89 Ambulance, 49 Bikes",39,1800,0.930555556,50,0.376,0.009305556,0.624,0.234922222,Moderate,0
3863,3 days 00:23:00,"[0, 0, 0, 0]",76,27.7,"81 Fire Extinguisher, 63 Patrol, 90 Vans, 39 Cars",51,1800,1.055555556,50,0.446,0.010555556,0.554,0.297422222,Moderate,0
3864,3 days 00:24:00,"[1, 0, 0, 0]",57,23.2,"46 Trucks, 59 Trucks, 27 Ambulance, 91 Trucks",37,1800,0.791666667,50,0.536,0.007916667,0.464,0.258366667,Moderate,0
3865,3 days 00:25:00,"[1, 1, 1, 1]",196,30.6,"98 Ambulance, 99 Fire Extinguisher",69,1800,2.722222222,50,0.388,0.027222222,0.612,0.364488889,High,0
3866,3 days 00:26:00,"[1, 1, 0, 0]",59,32.4,"95 Trucks, 94 Trucks",35,1800,0.819444444,50,0.352,0.008194444,0.648,0.213677778,Moderate,0
3867,3 days 00:27:00,"[0, 1, 0, 1]",52,40.3,"71 Cars, 93 Bikes, 14 Bikes, 83 Cars",80,1800,0.722222222,50,0.194,0.007222222,0.806,0.361688889,High,0
3868,3 days 00:28:00,"[1, 1, 1, 1]",126,39.7,"66 Fire Extinguisher, 62 Patrol, 15 Fire Extinguisher",40,1800,1.75,50,0.206,0.0175,0.794,0.2082,Moderate,0
3869,3 days 00:29:00,"[1, 1, 0, 1]",108,22.1,"75 Patrol, 67 Vans",51,1800,1.5,50,0.558,0.015,0.442,0.3216,High,0
3870,3 days 00:30:00,"[0, 1, 1, 0]",200,31.9,"98 Ambulance, 14 Patrol",81,1800,2.777777778,50,0.362,0.027777778,0.638,0.407511111,Very High,0
3871,3 days 00:31:00,"[0, 1, 0, 1]",153,25.5,"63 Trucks, 41 Ambulance, 15 Bikes",84,1800,2.125,50,0.49,0.02125,0.51,0.4425,Very High,0
3872,3 days 00:32:00,"[1, 1, 1, 0]",67,24.7,"82 Vans, 68 Vans, 39 Vans",47,1800,0.930555556,50,0.506,0.009305556,0.494,0.292922222,Moderate,0
3873,3 days 00:33:00,"[1, 1, 0, 1]",167,44.8,"53 Vans, 31 Vans, 45 Bikes, 39 Vans",47,1800,2.319444444,50,0.104,0.023194444,0.896,0.218077778,Moderate,0
3874,3 days 00:34:00,"[0, 0, 0, 0]",119,21.3,"72 Patrol, 75 Fire Extinguisher, 13 Trucks, 63 Patrol",74,1800,1.652777778,50,0.574,0.016527778,0.426,0.417411111,Very High,0
3875,3 days 00:35:00,"[1, 1, 0, 1]",178,32.6,"47 Ambulance, 42 Vans, 45 Bikes",32,1800,2.472222222,50,0.348,0.024722222,0.652,0.207488889,Moderate,0
3876,3 days 00:36:00,"[0, 0, 1, 1]",189,25.0,"10 Trucks, 26 Fire Extinguisher, 68 Ambulance",56,1800,2.625,50,0.5,0.02625,0.5,0.3345,High,0
3877,3 days 00:37:00,"[0, 1, 0, 0]",71,46.4,"10 Fire Extinguisher, 46 Ambulance, 82 Fire Extinguisher, 33 Fire Extinguisher",47,1800,0.986111111,50,0.072,0.009861111,0.928,0.206344444,Moderate,0
3878,3 days 00:38:00,"[0, 0, 1, 0]",117,36.7,"83 Patrol, 64 Ambulance, 11 Cars, 37 Trucks",67,1800,1.625,50,0.266,0.01625,0.734,0.3277,High,0
3879,3 days 00:39:00,"[1, 1, 1, 1]",146,26.9,"28 Ambulance, 14 Ambulance",56,1800,2.027777778,50,0.462,0.020277778,0.538,0.324511111,High,0
3880,3 days 00:40:00,"[0, 0, 1, 1]",115,35.1,"75 Vans, 44 Bikes",36,1800,1.597222222,50,0.298,0.015972222,0.702,0.209988889,Moderate,0
3881,3 days 00:41:00,"[1, 1, 0, 1]",182,41.9,"34 Cars, 43 Fire Extinguisher, 15 Trucks, 87 Bikes",52,1800,2.527777778,50,0.162,0.025277778,0.838,0.250511111,Moderate,0
3882,3 days 00:42:00,"[1, 1, 1, 0]",188,48.7,"83 Trucks, 60 Fire Extinguisher, 79 Ambulance",59,1800,2.611111111,50,0.026,0.026111111,0.974,0.251644444,Moderate,0
3883,3 days 00:43:00,"[0, 0, 1, 0]",84,26.6,"41 Patrol, 97 Cars, 71 Cars, 82 Patrol",87,1800,1.166666667,50,0.468,0.011666667,0.532,0.446266667,Very High,0
3884,3 days 00:44:00,"[1, 1, 0, 0]",153,46.6,"54 Patrol, 36 Patrol",64,1800,2.125,50,0.068,0.02125,0.932,0.2781,Moderate,0
3885,3 days 00:45:00,"[1, 0, 1, 1]",89,48.0,"98 Bikes, 23 Fire Extinguisher",40,1800,1.236111111,50,0.04,0.012361111,0.96,0.172944444,Low,0
3886,3 days 00:46:00,"[1, 1, 0, 0]",175,47.5,"51 Ambulance, 94 Bikes, 11 Cars, 65 Trucks",67,1800,2.430555556,50,0.05,0.024305556,0.95,0.287722222,Moderate,0
3887,3 days 00:47:00,"[1, 1, 1, 0]",157,39.1,"46 Trucks, 100 Trucks, 28 Bikes",56,1800,2.180555556,50,0.218,0.021805556,0.782,0.276322222,Moderate,0
3888,3 days 00:48:00,"[1, 1, 0, 0]",63,38.9,"22 Cars, 58 Fire Extinguisher, 63 Patrol, 26 Bikes",58,1800,0.875,50,0.222,0.00875,0.778,0.2799,Moderate,0
3889,3 days 00:49:00,"[0, 0, 1, 1]",181,32.1,"33 Ambulance, 78 Ambulance, 17 Bikes",71,1800,2.513888889,50,0.358,0.025138889,0.642,0.365655556,High,0
3890,3 days 00:50:00,"[1, 0, 0, 1]",62,42.6,"37 Patrol, 20 Fire Extinguisher",72,1800,0.861111111,50,0.148,0.008611111,0.852,0.321044444,High,0
3891,3 days 00:51:00,"[1, 1, 0, 0]",198,35.9,"39 Patrol, 43 Vans",75,1800,2.75,50,0.282,0.0275,0.718,0.3674,High,0
3892,3 days 00:52:00,"[0, 1, 0, 1]",62,40.3,"44 Cars, 98 Trucks, 48 Patrol",46,1800,0.861111111,50,0.194,0.008611111,0.806,0.226244444,Moderate,0
3893,3 days 00:53:00,"[0, 1, 0, 0]",188,32.9,"93 Bikes, 89 Patrol, 79 Patrol, 11 Fire Extinguisher",49,1800,2.611111111,50,0.342,0.026111111,0.658,0.274844444,Moderate,0
3894,3 days 00:54:00,"[0, 1, 1, 1]",144,41.9,"71 Cars, 87 Trucks",75,1800,2.0,50,0.162,0.02,0.838,0.3404,High,0
3895,3 days 00:55:00,"[1, 1, 1, 0]",123,44.7,"47 Ambulance, 18 Trucks, 84 Fire Extinguisher, 63 Cars",49,1800,1.708333333,50,0.106,0.017083333,0.894,0.224033333,Moderate,0
3896,3 days 00:56:00,"[1, 1, 1, 0]",86,24.4,"30 Vans, 64 Vans, 95 Bikes",87,1800,1.194444444,50,0.512,0.011944444,0.488,0.455177778,Very High,0
3897,3 days 00:57:00,"[0, 0, 0, 0]",108,45.0,"74 Patrol, 28 Bikes",76,1800,1.5,50,0.1,0.015,0.9,0.33,High,0
3898,3 days 00:58:00,"[1, 1, 0, 0]",189,36.2,"58 Patrol, 56 Bikes, 89 Vans, 53 Cars",32,1800,2.625,50,0.276,0.02625,0.724,0.1937,Low,0
3899,3 days 00:59:00,"[0, 1, 0, 0]",101,45.3,"17 Patrol, 66 Patrol",48,1800,1.402777778,50,0.094,0.014027778,0.906,0.216411111,Moderate,0
3900,3 days 01:00:00,"[1, 1, 0, 1]",88,32.9,"93 Bikes, 70 Trucks",87,1800,1.222222222,50,0.342,0.012222222,0.658,0.421288889,Very High,1
3901,3 days 01:01:00,"[1, 0, 1, 1]",83,31.4,"32 Patrol, 35 Trucks",30,1800,1.152777778,50,0.372,0.011527778,0.628,0.199011111,Low,1
3902,3 days 01:02:00,"[1, 0, 0, 1]",174,47.5,"42 Vans, 42 Fire Extinguisher, 53 Fire Extinguisher, 38 Fire Extinguisher",31,1800,2.416666667,50,0.05,0.024166667,0.95,0.143666667,Low,1
3903,3 days 01:03:00,"[1, 0, 1, 1]",110,27.5,"65 Ambulance, 93 Patrol",31,1800,1.527777778,50,0.45,0.015277778,0.55,0.220111111,Moderate,1
3904,3 days 01:04:00,"[0, 0, 1, 1]",190,45.3,"71 Vans, 51 Bikes",41,1800,2.638888889,50,0.094,0.026388889,0.906,0.193355556,Low,1
3905,3 days 01:05:00,"[1, 1, 0, 1]",188,34.5,"74 Bikes, 51 Bikes, 55 Patrol",59,1800,2.611111111,50,0.31,0.026111111,0.69,0.308444444,High,1
3906,3 days 01:06:00,"[1, 1, 1, 0]",177,35.4,"75 Bikes, 80 Ambulance, 95 Bikes",90,1800,2.458333333,50,0.292,0.024583333,0.708,0.428233333,Very High,1
3907,3 days 01:07:00,"[0, 0, 1, 1]",117,29.3,"86 Trucks, 80 Cars",38,1800,1.625,50,0.414,0.01625,0.586,0.2413,Moderate,1
3908,3 days 01:08:00,"[0, 1, 1, 0]",144,37.2,"35 Trucks, 92 Cars, 39 Vans",43,1800,2.0,50,0.256,0.02,0.744,0.2312,Moderate,1
3909,3 days 01:09:00,"[1, 0, 1, 1]",137,29.8,"62 Bikes, 89 Vans, 83 Trucks, 61 Ambulance",64,1800,1.902777778,50,0.404,0.019027778,0.596,0.344411111,High,1
3910,3 days 01:10:00,"[1, 0, 0, 0]",138,21.2,"46 Cars, 68 Cars",75,1800,1.916666667,50,0.576,0.019166667,0.424,0.422866667,Very High,1
3911,3 days 01:11:00,"[0, 1, 1, 0]",80,28.2,"15 Trucks, 84 Patrol, 50 Trucks, 36 Trucks",65,1800,1.111111111,50,0.436,0.011111111,0.564,0.351644444,High,1
3912,3 days 01:12:00,"[0, 0, 1, 0]",63,20.2,"81 Bikes, 64 Ambulance, 49 Ambulance",40,1800,0.875,50,0.596,0.00875,0.404,0.2827,Moderate,1
3913,3 days 01:13:00,"[0, 0, 1, 0]",98,49.4,"35 Fire Extinguisher, 83 Trucks, 27 Vans",37,1800,1.361111111,50,0.012,0.013611111,0.988,0.155844444,Low,1
3914,3 days 01:14:00,"[1, 0, 1, 0]",175,49.0,"85 Ambulance, 17 Patrol",87,1800,2.430555556,50,0.02,0.024305556,0.98,0.361722222,High,1
3915,3 days 01:15:00,"[1, 0, 1, 0]",101,31.9,"80 Cars, 88 Vans, 32 Cars, 41 Cars",43,1800,1.402777778,50,0.362,0.014027778,0.638,0.250011111,Moderate,1
3916,3 days 01:16:00,"[0, 1, 1, 1]",74,41.9,"94 Bikes, 12 Ambulance, 74 Trucks, 71 Bikes",83,1800,1.027777778,50,0.162,0.010277778,0.838,0.368511111,High,1
3917,3 days 01:17:00,"[0, 1, 1, 1]",150,30.4,"13 Patrol, 90 Bikes, 51 Bikes",48,1800,2.083333333,50,0.392,0.020833333,0.608,0.278733333,Moderate,1
3918,3 days 01:18:00,"[1, 1, 1, 0]",131,40.1,"86 Fire Extinguisher, 21 Vans, 49 Fire Extinguisher, 34 Cars",76,1800,1.819444444,50,0.198,0.018194444,0.802,0.350877778,High,1
3919,3 days 01:19:00,"[1, 1, 0, 0]",76,44.2,"52 Bikes, 89 Trucks",61,1800,1.055555556,50,0.116,0.010555556,0.884,0.271422222,Moderate,1
3920,3 days 01:20:00,"[0, 1, 0, 1]",146,48.4,"41 Vans, 15 Cars",51,1800,2.027777778,50,0.032,0.020277778,0.968,0.218511111,Moderate,1
3921,3 days 01:21:00,"[0, 0, 1, 0]",188,32.0,"16 Vans, 58 Fire Extinguisher",68,1800,2.611111111,50,0.36,0.026111111,0.64,0.354444444,High,1
3922,3 days 01:22:00,"[1, 0, 1, 1]",77,43.5,"22 Trucks, 16 Cars",64,1800,1.069444444,50,0.13,0.010694444,0.87,0.286277778,Moderate,1
3923,3 days 01:23:00,"[1, 1, 0, 1]",54,28.0,"38 Trucks, 89 Cars",66,1800,0.75,50,0.44,0.0075,0.56,0.355,High,1
3924,3 days 01:24:00,"[0, 0, 1, 1]",96,49.7,"88 Patrol, 86 Patrol, 14 Ambulance",54,1800,1.333333333,50,0.006,0.013333333,0.994,0.222533333,Moderate,1
3925,3 days 01:25:00,"[1, 1, 0, 0]",189,20.8,"17 Vans, 15 Vans, 89 Ambulance, 86 Patrol",52,1800,2.625,50,0.584,0.02625,0.416,0.3353,High,1
3926,3 days 01:26:00,"[1, 0, 1, 1]",162,38.1,"99 Fire Extinguisher, 47 Fire Extinguisher, 86 Cars, 88 Vans",58,1800,2.25,50,0.238,0.0225,0.762,0.2886,Moderate,1
3927,3 days 01:27:00,"[1, 0, 1, 0]",163,39.8,"85 Patrol, 78 Fire Extinguisher, 21 Ambulance",38,1800,2.263888889,50,0.204,0.022638889,0.796,0.201855556,Moderate,1
3928,3 days 01:28:00,"[1, 1, 0, 0]",76,40.6,"10 Cars, 96 Fire Extinguisher, 61 Trucks, 54 Fire Extinguisher",72,1800,1.055555556,50,0.188,0.010555556,0.812,0.329822222,High,1
3929,3 days 01:29:00,"[1, 0, 1, 0]",182,23.6,"44 Fire Extinguisher, 13 Patrol",71,1800,2.527777778,50,0.528,0.025277778,0.472,0.399711111,High,1
3930,3 days 01:30:00,"[0, 0, 0, 0]",74,48.2,"31 Ambulance, 87 Fire Extinguisher, 43 Ambulance",73,1800,1.027777778,50,0.036,0.010277778,0.964,0.303311111,High,1
3931,3 days 01:31:00,"[0, 1, 1, 0]",184,25.4,"33 Bikes, 19 Trucks, 58 Cars",88,1800,2.555555556,50,0.492,0.025555556,0.508,0.460622222,Very High,1
3932,3 days 01:32:00,"[1, 1, 0, 1]",196,38.7,"79 Cars, 55 Fire Extinguisher, 87 Fire Extinguisher, 10 Trucks",79,1800,2.722222222,50,0.226,0.027222222,0.774,0.372088889,High,1
3933,3 days 01:33:00,"[1, 0, 0, 0]",83,26.7,"49 Bikes, 90 Cars",81,1800,1.152777778,50,0.466,0.011527778,0.534,0.421811111,Very High,1
3934,3 days 01:34:00,"[0, 1, 1, 0]",86,29.2,"30 Fire Extinguisher, 39 Trucks, 95 Fire Extinguisher, 27 Cars",83,1800,1.194444444,50,0.416,0.011944444,0.584,0.419977778,Very High,1
3935,3 days 01:35:00,"[0, 1, 1, 1]",97,36.4,"16 Fire Extinguisher, 13 Cars",53,1800,1.347222222,50,0.272,0.013472222,0.728,0.271788889,Moderate,1
3936,3 days 01:36:00,"[1, 1, 0, 0]",58,32.5,"59 Vans, 75 Vans, 16 Cars, 37 Trucks",33,1800,0.805555556,50,0.35,0.008055556,0.65,0.205222222,Moderate,1
3937,3 days 01:37:00,"[0, 1, 1, 1]",92,24.8,"50 Bikes, 20 Bikes, 17 Trucks",78,1800,1.277777778,50,0.504,0.012777778,0.496,0.417911111,Very High,1
3938,3 days 01:38:00,"[1, 1, 1, 1]",117,25.1,"79 Trucks, 27 Trucks",33,1800,1.625,50,0.498,0.01625,0.502,0.2381,Moderate,1
3939,3 days 01:39:00,"[1, 1, 1, 0]",137,32.5,"91 Patrol, 68 Fire Extinguisher, 36 Bikes, 18 Fire Extinguisher",86,1800,1.902777778,50,0.35,0.019027778,0.65,0.421611111,Very High,1
3940,3 days 01:40:00,"[1, 0, 1, 1]",79,42.7,"82 Trucks, 55 Cars, 89 Ambulance",72,1800,1.097222222,50,0.146,0.010972222,0.854,0.321588889,High,1
3941,3 days 01:41:00,"[0, 0, 1, 0]",53,46.9,"84 Patrol, 54 Vans",49,1800,0.736111111,50,0.062,0.007361111,0.938,0.211344444,Moderate,1
3942,3 days 01:42:00,"[0, 1, 0, 0]",174,22.5,"39 Trucks, 48 Cars",80,1800,2.416666667,50,0.55,0.024166667,0.45,0.439666667,Very High,1
3943,3 days 01:43:00,"[0, 1, 1, 0]",170,31.8,"23 Fire Extinguisher, 69 Cars, 95 Fire Extinguisher, 24 Fire Extinguisher",52,1800,2.361111111,50,0.364,0.023611111,0.636,0.290244444,Moderate,1
3944,3 days 01:44:00,"[0, 0, 0, 0]",108,23.0,"78 Bikes, 24 Patrol, 28 Trucks, 99 Trucks",71,1800,1.5,50,0.54,0.015,0.46,0.398,High,1
3945,3 days 01:45:00,"[1, 0, 0, 1]",114,20.5,"80 Cars, 93 Bikes, 12 Patrol, 42 Trucks",43,1800,1.583333333,50,0.59,0.015833333,0.41,0.296333333,Moderate,1
3946,3 days 01:46:00,"[1, 0, 1, 1]",134,39.9,"91 Ambulance, 17 Vans, 18 Vans, 48 Vans",39,1800,1.861111111,50,0.202,0.018611111,0.798,0.203844444,Moderate,1
3947,3 days 01:47:00,"[0, 0, 1, 0]",50,38.1,"37 Cars, 99 Ambulance",72,1800,0.694444444,50,0.238,0.006944444,0.762,0.338377778,High,1
3948,3 days 01:48:00,"[1, 0, 1, 1]",126,24.9,"31 Ambulance, 76 Bikes, 79 Cars",81,1800,1.75,50,0.502,0.0175,0.498,0.4314,Very High,1
3949,3 days 01:49:00,"[1, 1, 0, 0]",106,27.0,"72 Vans, 79 Cars, 37 Bikes",37,1800,1.472222222,50,0.46,0.014722222,0.54,0.245888889,Moderate,1
3950,3 days 01:50:00,"[1, 0, 1, 0]",158,20.7,"28 Ambulance, 86 Patrol, 88 Patrol, 31 Cars",54,1800,2.194444444,50,0.586,0.021944444,0.414,0.341977778,High,1
3951,3 days 01:51:00,"[1, 1, 0, 1]",182,45.0,"69 Cars, 21 Vans",54,1800,2.527777778,50,0.1,0.025277778,0.9,0.246111111,Moderate,1
3952,3 days 01:52:00,"[0, 1, 0, 0]",143,49.2,"65 Patrol, 32 Cars",64,1800,1.986111111,50,0.016,0.019861111,0.984,0.267144444,Moderate,1
3953,3 days 01:53:00,"[1, 1, 0, 1]",50,24.1,"23 Patrol, 43 Vans, 30 Ambulance",49,1800,0.694444444,50,0.518,0.006944444,0.482,0.302377778,High,1
3954,3 days 01:54:00,"[0, 1, 0, 0]",168,26.9,"46 Trucks, 46 Cars, 92 Cars, 62 Fire Extinguisher",80,1800,2.333333333,50,0.462,0.023333333,0.538,0.421733333,Very High,1
3955,3 days 01:55:00,"[0, 0, 1, 0]",163,46.1,"64 Ambulance, 57 Bikes, 98 Ambulance, 59 Bikes",75,1800,2.263888889,50,0.078,0.022638889,0.922,0.324655556,High,1
3956,3 days 01:56:00,"[0, 1, 1, 1]",150,47.8,"43 Ambulance, 72 Fire Extinguisher, 60 Patrol, 46 Cars",36,1800,2.083333333,50,0.044,0.020833333,0.956,0.161133333,Low,1
3957,3 days 01:57:00,"[0, 1, 1, 1]",106,32.6,"16 Trucks, 87 Trucks, 66 Fire Extinguisher, 89 Trucks",47,1800,1.472222222,50,0.348,0.014722222,0.652,0.263488889,Moderate,1
3958,3 days 01:58:00,"[1, 0, 1, 1]",93,21.5,"42 Patrol, 16 Trucks",41,1800,1.291666667,50,0.57,0.012916667,0.43,0.283166667,Moderate,1
3959,3 days 01:59:00,"[1, 1, 0, 1]",98,21.2,"96 Ambulance, 15 Patrol, 80 Ambulance, 17 Patrol",32,1800,1.361111111,50,0.576,0.013611111,0.424,0.248644444,Moderate,1
3960,3 days 02:00:00,"[1, 1, 1, 1]",134,37.2,"79 Patrol, 42 Patrol, 38 Bikes, 57 Fire Extinguisher",48,1800,1.861111111,50,0.256,0.018611111,0.744,0.250644444,Moderate,2
3961,3 days 02:01:00,"[0, 1, 0, 0]",119,31.8,"95 Cars, 41 Trucks, 73 Cars, 44 Ambulance",30,1800,1.652777778,50,0.364,0.016527778,0.636,0.199411111,Low,2
3962,3 days 02:02:00,"[1, 1, 1, 1]",73,20.9,"52 Bikes, 86 Trucks",76,1800,1.013888889,50,0.582,0.010138889,0.418,0.424455556,Very High,2
3963,3 days 02:03:00,"[0, 1, 0, 1]",146,37.5,"57 Bikes, 92 Vans, 71 Vans",66,1800,2.027777778,50,0.25,0.020277778,0.75,0.322111111,High,2
3964,3 days 02:04:00,"[1, 1, 0, 0]",79,20.3,"83 Ambulance, 20 Vans",86,1800,1.097222222,50,0.594,0.010972222,0.406,0.467188889,Very High,2
3965,3 days 02:05:00,"[0, 0, 0, 0]",90,43.6,"43 Patrol, 92 Ambulance, 95 Vans, 76 Vans",38,1800,1.25,50,0.128,0.0125,0.872,0.1826,Low,2
3966,3 days 02:06:00,"[1, 1, 1, 0]",94,29.2,"18 Cars, 65 Ambulance, 94 Ambulance",89,1800,1.305555556,50,0.416,0.013055556,0.584,0.444422222,Very High,2
3967,3 days 02:07:00,"[0, 1, 1, 1]",63,21.2,"41 Patrol, 96 Cars",33,1800,0.875,50,0.576,0.00875,0.424,0.2507,Moderate,2
3968,3 days 02:08:00,"[0, 1, 0, 0]",81,37.7,"78 Ambulance, 65 Cars",74,1800,1.125,50,0.246,0.01125,0.754,0.3497,High,2
3969,3 days 02:09:00,"[0, 1, 0, 0]",66,31.9,"22 Patrol, 80 Fire Extinguisher",87,1800,0.916666667,50,0.362,0.009166667,0.638,0.424066667,Very High,2
3970,3 days 02:10:00,"[1, 0, 1, 0]",193,49.2,"73 Patrol, 48 Trucks, 22 Bikes, 96 Fire Extinguisher",83,1800,2.680555556,50,0.016,0.026805556,0.984,0.345922222,High,2
3971,3 days 02:11:00,"[0, 0, 0, 0]",69,36.3,"12 Ambulance, 76 Patrol, 30 Patrol, 66 Trucks",54,1800,0.958333333,50,0.274,0.009583333,0.726,0.274633333,Moderate,2
3972,3 days 02:12:00,"[0, 0, 1, 0]",65,28.3,"47 Cars, 98 Vans, 12 Ambulance, 59 Vans",41,1800,0.902777778,50,0.434,0.009027778,0.566,0.254411111,Moderate,2
3973,3 days 02:13:00,"[0, 1, 0, 1]",189,41.3,"79 Cars, 53 Ambulance, 91 Bikes",38,1800,2.625,50,0.174,0.02625,0.826,0.1973,Low,2
3974,3 days 02:14:00,"[0, 0, 0, 1]",99,28.1,"46 Fire Extinguisher, 96 Trucks, 63 Cars",36,1800,1.375,50,0.438,0.01375,0.562,0.2371,Moderate,2
3975,3 days 02:15:00,"[1, 0, 1, 0]",128,47.1,"57 Vans, 40 Fire Extinguisher, 18 Vans",58,1800,1.777777778,50,0.058,0.017777778,0.942,0.250711111,Moderate,2
3976,3 days 02:16:00,"[0, 1, 1, 0]",153,31.2,"84 Fire Extinguisher, 37 Patrol",35,1800,2.125,50,0.376,0.02125,0.624,0.2237,Moderate,2
3977,3 days 02:17:00,"[0, 1, 0, 0]",51,36.5,"44 Patrol, 38 Fire Extinguisher",84,1800,0.708333333,50,0.27,0.007083333,0.73,0.392833333,High,2
3978,3 days 02:18:00,"[1, 1, 0, 1]",127,21.5,"88 Fire Extinguisher, 85 Fire Extinguisher, 50 Trucks",69,1800,1.763888889,50,0.57,0.017638889,0.43,0.397055556,High,2
3979,3 days 02:19:00,"[0, 1, 0, 0]",135,32.8,"41 Ambulance, 47 Vans",74,1800,1.875,50,0.344,0.01875,0.656,0.3723,High,2
3980,3 days 02:20:00,"[1, 1, 0, 1]",67,45.0,"12 Trucks, 12 Trucks",61,1800,0.930555556,50,0.1,0.009305556,0.9,0.267722222,Moderate,2
3981,3 days 02:21:00,"[0, 1, 1, 0]",192,44.2,"50 Bikes, 96 Cars",70,1800,2.666666667,50,0.116,0.026666667,0.884,0.313866667,High,2
3982,3 days 02:22:00,"[0, 1, 1, 1]",53,26.7,"31 Trucks, 53 Cars, 13 Fire Extinguisher",45,1800,0.736111111,50,0.466,0.007361111,0.534,0.276144444,Moderate,2
3983,3 days 02:23:00,"[0, 1, 0, 0]",55,26.8,"86 Vans, 87 Ambulance, 66 Patrol, 78 Ambulance",83,1800,0.763888889,50,0.464,0.007638889,0.536,0.427855556,Very High,2
3984,3 days 02:24:00,"[0, 0, 1, 1]",96,44.5,"39 Vans, 49 Vans, 50 Bikes",60,1800,1.333333333,50,0.11,0.013333333,0.89,0.267333333,Moderate,2
3985,3 days 02:25:00,"[0, 0, 1, 1]",153,47.9,"76 Cars, 100 Fire Extinguisher, 11 Bikes, 50 Bikes",62,1800,2.125,50,0.042,0.02125,0.958,0.2649,Moderate,2
3986,3 days 02:26:00,"[1, 0, 0, 1]",50,22.9,"92 Patrol, 15 Bikes",33,1800,0.694444444,50,0.542,0.006944444,0.458,0.243177778,Moderate,2
3987,3 days 02:27:00,"[0, 1, 0, 0]",73,33.5,"72 Ambulance, 27 Patrol, 26 Cars, 94 Bikes",36,1800,1.013888889,50,0.33,0.010138889,0.67,0.214055556,Moderate,2
3988,3 days 02:28:00,"[0, 0, 1, 1]",97,30.1,"51 Patrol, 74 Ambulance",71,1800,1.347222222,50,0.398,0.013472222,0.602,0.368988889,High,2
3989,3 days 02:29:00,"[0, 1, 1, 0]",162,46.1,"59 Vans, 85 Bikes, 88 Bikes, 51 Vans",73,1800,2.25,50,0.078,0.0225,0.922,0.3166,High,2
3990,3 days 02:30:00,"[0, 1, 0, 1]",80,22.5,"83 Fire Extinguisher, 43 Patrol, 23 Vans, 91 Patrol",57,1800,1.111111111,50,0.55,0.011111111,0.45,0.342444444,High,2
3991,3 days 02:31:00,"[0, 1, 0, 0]",118,26.3,"25 Ambulance, 38 Trucks, 79 Patrol, 74 Fire Extinguisher",48,1800,1.638888889,50,0.474,0.016388889,0.526,0.293355556,Moderate,2
3992,3 days 02:32:00,"[0, 0, 1, 1]",142,42.6,"25 Fire Extinguisher, 64 Trucks, 67 Cars, 77 Cars",79,1800,1.972222222,50,0.148,0.019722222,0.852,0.353488889,High,2
3993,3 days 02:33:00,"[0, 1, 1, 1]",103,21.5,"28 Ambulance, 62 Vans, 24 Fire Extinguisher",90,1800,1.430555556,50,0.57,0.014305556,0.43,0.479722222,Very High,2
3994,3 days 02:34:00,"[0, 0, 1, 0]",62,34.8,"86 Patrol, 66 Trucks, 76 Cars",74,1800,0.861111111,50,0.304,0.008611111,0.696,0.360244444,High,2
3995,3 days 02:35:00,"[0, 0, 0, 1]",133,33.3,"78 Vans, 12 Vans, 19 Patrol, 54 Bikes",77,1800,1.847222222,50,0.334,0.018472222,0.666,0.382188889,High,2
3996,3 days 02:36:00,"[1, 1, 0, 0]",51,30.0,"14 Vans, 62 Ambulance",85,1800,0.708333333,50,0.4,0.007083333,0.6,0.422833333,Very High,2
3997,3 days 02:37:00,"[0, 0, 1, 0]",70,31.8,"80 Patrol, 45 Fire Extinguisher, 48 Patrol",90,1800,0.972222222,50,0.364,0.009722222,0.636,0.436688889,Very High,2
3998,3 days 02:38:00,"[0, 0, 0, 0]",122,35.9,"46 Fire Extinguisher, 52 Bikes",55,1800,1.694444444,50,0.282,0.016944444,0.718,0.283177778,Moderate,2
3999,3 days 02:39:00,"[1, 0, 1, 0]",114,24.8,"29 Patrol, 54 Patrol, 88 Cars, 36 Ambulance",51,1800,1.583333333,50,0.504,0.015833333,0.496,0.311133333,High,2
4000,3 days 02:40:00,"[1, 0, 1, 0]",103,37.2,"65 Trucks, 25 Cars",75,1800,1.430555556,50,0.256,0.014305556,0.744,0.356922222,High,2
4001,3 days 02:41:00,"[1, 1, 1, 0]",88,44.2,"11 Vans, 71 Fire Extinguisher",70,1800,1.222222222,50,0.116,0.012222222,0.884,0.308088889,High,2
4002,3 days 02:42:00,"[1, 0, 0, 0]",166,42.8,"21 Fire Extinguisher, 99 Vans, 78 Cars",72,1800,2.305555556,50,0.144,0.023055556,0.856,0.326022222,High,2
4003,3 days 02:43:00,"[1, 1, 1, 0]",150,24.6,"16 Trucks, 97 Patrol, 87 Cars",87,1800,2.083333333,50,0.508,0.020833333,0.492,0.457933333,Very High,2
4004,3 days 02:44:00,"[1, 1, 0, 1]",50,24.5,"57 Fire Extinguisher, 87 Fire Extinguisher",76,1800,0.694444444,50,0.51,0.006944444,0.49,0.408777778,Very High,2
4005,3 days 02:45:00,"[1, 1, 1, 0]",184,28.0,"28 Patrol, 12 Vans, 27 Ambulance, 89 Bikes",61,1800,2.555555556,50,0.44,0.025555556,0.56,0.342222222,High,2
4006,3 days 02:46:00,"[1, 1, 0, 1]",178,30.8,"15 Patrol, 55 Trucks",46,1800,2.472222222,50,0.384,0.024722222,0.616,0.270688889,Moderate,2
4007,3 days 02:47:00,"[0, 0, 0, 0]",174,32.3,"10 Trucks, 44 Trucks, 27 Trucks",69,1800,2.416666667,50,0.354,0.024166667,0.646,0.356466667,High,2
4008,3 days 02:48:00,"[0, 0, 0, 0]",148,40.4,"41 Fire Extinguisher, 45 Ambulance, 24 Fire Extinguisher",49,1800,2.055555556,50,0.192,0.020555556,0.808,0.242622222,Moderate,2
4009,3 days 02:49:00,"[0, 1, 0, 0]",134,21.7,"16 Ambulance, 31 Fire Extinguisher, 12 Cars, 35 Fire Extinguisher",58,1800,1.861111111,50,0.566,0.018611111,0.434,0.352644444,High,2
4010,3 days 02:50:00,"[1, 0, 1, 0]",178,21.0,"17 Vans, 75 Patrol, 64 Patrol, 18 Cars",86,1800,2.472222222,50,0.58,0.024722222,0.42,0.469888889,Very High,2
4011,3 days 02:51:00,"[0, 0, 1, 1]",72,31.8,"62 Patrol, 86 Patrol",86,1800,1.0,50,0.364,0.01,0.636,0.4208,Very High,2
4012,3 days 02:52:00,"[1, 1, 1, 1]",129,40.9,"96 Trucks, 25 Bikes, 24 Vans, 24 Ambulance",59,1800,1.791666667,50,0.182,0.017916667,0.818,0.279566667,Moderate,2
4013,3 days 02:53:00,"[0, 0, 1, 1]",87,25.8,"65 Cars, 47 Fire Extinguisher",79,1800,1.208333333,50,0.484,0.012083333,0.516,0.417633333,Very High,2
4014,3 days 02:54:00,"[1, 1, 1, 1]",54,39.2,"65 Cars, 55 Bikes",30,1800,0.75,50,0.216,0.0075,0.784,0.1662,Low,2
4015,3 days 02:55:00,"[1, 0, 1, 0]",65,27.8,"63 Patrol, 33 Ambulance, 75 Trucks",37,1800,0.902777778,50,0.444,0.009027778,0.556,0.240411111,Moderate,2
4016,3 days 02:56:00,"[0, 1, 0, 0]",103,46.6,"45 Bikes, 59 Bikes, 35 Cars",45,1800,1.430555556,50,0.068,0.014305556,0.932,0.199322222,Low,2
4017,3 days 02:57:00,"[0, 0, 1, 0]",129,46.9,"94 Ambulance, 17 Ambulance",32,1800,1.791666667,50,0.062,0.017916667,0.938,0.147566667,Low,2
4018,3 days 02:58:00,"[1, 1, 1, 1]",89,28.9,"56 Trucks, 87 Fire Extinguisher, 49 Patrol, 36 Trucks",35,1800,1.236111111,50,0.422,0.012361111,0.578,0.229344444,Moderate,2
4019,3 days 02:59:00,"[1, 0, 0, 0]",200,26.9,"72 Bikes, 78 Ambulance",42,1800,2.777777778,50,0.462,0.027777778,0.538,0.271511111,Moderate,2
4020,3 days 03:00:00,"[1, 0, 1, 0]",91,32.3,"11 Patrol, 93 Ambulance, 26 Bikes",76,1800,1.263888889,50,0.354,0.012638889,0.646,0.379855556,High,3
4021,3 days 03:01:00,"[1, 0, 0, 1]",108,27.2,"14 Patrol, 13 Ambulance",41,1800,1.5,50,0.456,0.015,0.544,0.2612,Moderate,3
4022,3 days 03:02:00,"[0, 1, 1, 0]",62,40.2,"54 Fire Extinguisher, 60 Fire Extinguisher, 23 Cars, 98 Trucks",38,1800,0.861111111,50,0.196,0.008611111,0.804,0.194644444,Low,3
4023,3 days 03:03:00,"[1, 0, 1, 1]",156,44.8,"73 Ambulance, 78 Fire Extinguisher, 39 Patrol",42,1800,2.166666667,50,0.104,0.021666667,0.896,0.197466667,Low,3
4024,3 days 03:04:00,"[0, 0, 1, 1]",164,40.2,"18 Trucks, 56 Bikes",57,1800,2.277777778,50,0.196,0.022777778,0.804,0.276311111,Moderate,3
4025,3 days 03:05:00,"[1, 0, 1, 0]",114,44.7,"96 Cars, 36 Patrol",78,1800,1.583333333,50,0.106,0.015833333,0.894,0.339533333,High,3
4026,3 days 03:06:00,"[1, 0, 0, 1]",126,31.9,"81 Vans, 41 Trucks, 77 Ambulance",52,1800,1.75,50,0.362,0.0175,0.638,0.2874,Moderate,3
4027,3 days 03:07:00,"[0, 1, 1, 0]",160,24.7,"80 Trucks, 30 Bikes, 45 Ambulance",59,1800,2.222222222,50,0.506,0.022222222,0.494,0.346088889,High,3
4028,3 days 03:08:00,"[1, 0, 1, 1]",124,42.1,"98 Fire Extinguisher, 47 Fire Extinguisher",78,1800,1.722222222,50,0.158,0.017222222,0.842,0.350488889,High,3
4029,3 days 03:09:00,"[1, 0, 0, 0]",178,30.8,"56 Trucks, 42 Ambulance, 14 Ambulance",87,1800,2.472222222,50,0.384,0.024722222,0.616,0.434688889,Very High,3
4030,3 days 03:10:00,"[0, 1, 1, 1]",200,40.1,"99 Bikes, 67 Bikes, 78 Trucks, 99 Cars",76,1800,2.777777778,50,0.198,0.027777778,0.802,0.354711111,High,3
4031,3 days 03:11:00,"[0, 1, 1, 1]",141,28.1,"59 Ambulance, 31 Fire Extinguisher, 54 Fire Extinguisher",68,1800,1.958333333,50,0.438,0.019583333,0.562,0.367433333,High,3
4032,3 days 03:12:00,"[0, 1, 1, 0]",62,22.4,"92 Fire Extinguisher, 60 Vans, 98 Cars",41,1800,0.861111111,50,0.552,0.008611111,0.448,0.277844444,Moderate,3
4033,3 days 03:13:00,"[1, 0, 1, 1]",73,49.8,"50 Cars, 82 Cars",66,1800,1.013888889,50,0.004,0.010138889,0.996,0.268855556,Moderate,3
4034,3 days 03:14:00,"[0, 1, 0, 0]",176,24.7,"52 Cars, 49 Cars, 76 Trucks, 77 Vans",46,1800,2.444444444,50,0.506,0.024444444,0.494,0.294977778,Moderate,3
4035,3 days 03:15:00,"[0, 0, 1, 1]",130,49.7,"49 Cars, 28 Ambulance, 65 Trucks, 42 Cars",70,1800,1.805555556,50,0.006,0.018055556,0.994,0.288422222,Moderate,3
4036,3 days 03:16:00,"[1, 0, 0, 0]",133,49.3,"45 Vans, 52 Vans, 83 Bikes, 86 Patrol",59,1800,1.847222222,50,0.014,0.018472222,0.986,0.246188889,Moderate,3
4037,3 days 03:17:00,"[0, 0, 1, 0]",81,43.8,"46 Cars, 92 Ambulance, 22 Ambulance",57,1800,1.125,50,0.124,0.01125,0.876,0.2573,Moderate,3
4038,3 days 03:18:00,"[1, 1, 0, 0]",134,39.8,"75 Trucks, 70 Ambulance, 42 Fire Extinguisher, 31 Cars",52,1800,1.861111111,50,0.204,0.018611111,0.796,0.256244444,Moderate,3
4039,3 days 03:19:00,"[0, 0, 1, 1]",62,37.3,"69 Fire Extinguisher, 78 Vans, 72 Fire Extinguisher",87,1800,0.861111111,50,0.254,0.008611111,0.746,0.402244444,Very High,3
4040,3 days 03:20:00,"[1, 1, 1, 1]",81,46.0,"94 Ambulance, 30 Patrol",50,1800,1.125,50,0.08,0.01125,0.92,0.2205,Moderate,3
4041,3 days 03:21:00,"[0, 1, 1, 1]",150,28.7,"37 Trucks, 23 Patrol",32,1800,2.083333333,50,0.426,0.020833333,0.574,0.221533333,Moderate,3
4042,3 days 03:22:00,"[0, 1, 0, 1]",110,34.0,"29 Cars, 51 Patrol",36,1800,1.527777778,50,0.32,0.015277778,0.68,0.214111111,Moderate,3
4043,3 days 03:23:00,"[0, 0, 1, 1]",179,38.6,"14 Vans, 94 Ambulance",34,1800,2.486111111,50,0.228,0.024861111,0.772,0.191544444,Low,3
4044,3 days 03:24:00,"[1, 0, 0, 0]",51,32.3,"93 Cars, 27 Bikes, 51 Ambulance, 36 Patrol",44,1800,0.708333333,50,0.354,0.007083333,0.646,0.249633333,Moderate,3
4045,3 days 03:25:00,"[1, 1, 1, 1]",66,32.8,"87 Trucks, 21 Patrol",54,1800,0.916666667,50,0.344,0.009166667,0.656,0.288466667,Moderate,3
4046,3 days 03:26:00,"[0, 1, 1, 0]",112,29.9,"51 Cars, 45 Cars, 56 Patrol",77,1800,1.555555556,50,0.402,0.015555556,0.598,0.394622222,High,3
4047,3 days 03:27:00,"[0, 1, 0, 1]",133,36.9,"59 Ambulance, 54 Patrol, 82 Cars",86,1800,1.847222222,50,0.262,0.018472222,0.738,0.403788889,Very High,3
4048,3 days 03:28:00,"[0, 1, 0, 0]",166,45.5,"62 Bikes, 48 Fire Extinguisher, 54 Bikes, 47 Bikes",73,1800,2.305555556,50,0.09,0.023055556,0.91,0.319222222,High,3
4049,3 days 03:29:00,"[0, 1, 1, 1]",196,26.0,"92 Fire Extinguisher, 21 Trucks",63,1800,2.722222222,50,0.48,0.027222222,0.52,0.358888889,High,3
4050,3 days 03:30:00,"[0, 1, 0, 1]",177,48.0,"59 Bikes, 70 Patrol",85,1800,2.458333333,50,0.04,0.024583333,0.96,0.357833333,High,3
4051,3 days 03:31:00,"[0, 0, 0, 0]",124,40.7,"44 Trucks, 83 Fire Extinguisher",72,1800,1.722222222,50,0.186,0.017222222,0.814,0.332088889,High,3
4052,3 days 03:32:00,"[1, 1, 1, 0]",99,44.7,"98 Cars, 81 Vans, 54 Bikes, 21 Vans",89,1800,1.375,50,0.106,0.01375,0.894,0.3827,High,3
4053,3 days 03:33:00,"[1, 0, 0, 0]",104,36.7,"86 Trucks, 45 Ambulance, 59 Vans",45,1800,1.444444444,50,0.266,0.014444444,0.734,0.238977778,Moderate,3
4054,3 days 03:34:00,"[1, 1, 1, 0]",118,43.4,"62 Vans, 10 Bikes",42,1800,1.638888889,50,0.132,0.016388889,0.868,0.200955556,Moderate,3
4055,3 days 03:35:00,"[1, 0, 0, 0]",78,20.5,"95 Cars, 84 Patrol, 87 Trucks, 27 Vans",40,1800,1.083333333,50,0.59,0.010833333,0.41,0.282333333,Moderate,3
4056,3 days 03:36:00,"[0, 0, 0, 0]",70,44.6,"62 Patrol, 79 Ambulance",51,1800,0.972222222,50,0.108,0.009722222,0.892,0.229488889,Moderate,3
4057,3 days 03:37:00,"[0, 1, 1, 1]",83,21.2,"92 Patrol, 65 Vans, 19 Bikes",68,1800,1.152777778,50,0.576,0.011527778,0.424,0.391811111,High,3
4058,3 days 03:38:00,"[0, 1, 0, 0]",168,46.7,"49 Bikes, 43 Cars, 70 Patrol, 12 Fire Extinguisher",86,1800,2.333333333,50,0.066,0.023333333,0.934,0.366533333,High,3
4059,3 days 03:39:00,"[1, 0, 1, 0]",193,49.8,"82 Fire Extinguisher, 55 Patrol, 85 Cars, 79 Cars",37,1800,2.680555556,50,0.004,0.026805556,0.996,0.159522222,Low,3
4060,3 days 03:40:00,"[0, 0, 0, 0]",174,28.8,"97 Fire Extinguisher, 55 Vans, 64 Bikes",83,1800,2.416666667,50,0.424,0.024166667,0.576,0.426466667,Very High,3
4061,3 days 03:41:00,"[0, 1, 1, 1]",107,26.3,"66 Cars, 37 Fire Extinguisher, 18 Fire Extinguisher, 41 Fire Extinguisher",65,1800,1.486111111,50,0.474,0.014861111,0.526,0.360744444,High,3
4062,3 days 03:42:00,"[1, 1, 0, 0]",186,43.0,"46 Trucks, 66 Cars",44,1800,2.583333333,50,0.14,0.025833333,0.86,0.214333333,Moderate,3
4063,3 days 03:43:00,"[1, 1, 1, 1]",143,27.6,"80 Fire Extinguisher, 33 Ambulance, 86 Trucks, 99 Bikes",83,1800,1.986111111,50,0.448,0.019861111,0.552,0.429544444,Very High,3
4064,3 days 03:44:00,"[1, 0, 0, 1]",120,46.0,"30 Bikes, 68 Cars, 95 Fire Extinguisher",90,1800,1.666666667,50,0.08,0.016666667,0.92,0.382666667,High,3
4065,3 days 03:45:00,"[0, 1, 0, 1]",70,23.1,"22 Vans, 99 Ambulance, 85 Patrol",56,1800,0.972222222,50,0.538,0.009722222,0.462,0.335488889,High,3
4066,3 days 03:46:00,"[1, 0, 1, 0]",103,23.8,"35 Ambulance, 15 Cars, 13 Patrol, 73 Cars",72,1800,1.430555556,50,0.524,0.014305556,0.476,0.398522222,High,3
4067,3 days 03:47:00,"[1, 0, 1, 0]",117,49.4,"85 Bikes, 17 Cars",37,1800,1.625,50,0.012,0.01625,0.988,0.1569,Low,3
4068,3 days 03:48:00,"[0, 0, 1, 1]",185,40.2,"26 Vans, 52 Patrol, 99 Patrol, 12 Cars",69,1800,2.569444444,50,0.196,0.025694444,0.804,0.325477778,High,3
4069,3 days 03:49:00,"[1, 0, 0, 0]",109,45.4,"50 Patrol, 41 Patrol",39,1800,1.513888889,50,0.092,0.015138889,0.908,0.180455556,Low,3
4070,3 days 03:50:00,"[0, 0, 0, 0]",172,29.7,"62 Trucks, 23 Vans, 18 Fire Extinguisher, 65 Trucks",73,1800,2.388888889,50,0.406,0.023888889,0.594,0.382755556,High,3
4071,3 days 03:51:00,"[1, 0, 0, 1]",173,40.3,"13 Trucks, 14 Patrol, 10 Bikes, 88 Trucks",86,1800,2.402777778,50,0.194,0.024027778,0.806,0.392411111,High,3
4072,3 days 03:52:00,"[1, 1, 1, 0]",92,37.8,"18 Bikes, 91 Fire Extinguisher",54,1800,1.277777778,50,0.244,0.012777778,0.756,0.269911111,Moderate,3
4073,3 days 03:53:00,"[0, 0, 0, 1]",111,38.1,"71 Ambulance, 49 Ambulance, 27 Patrol",63,1800,1.541666667,50,0.238,0.015416667,0.762,0.305766667,High,3
4074,3 days 03:54:00,"[1, 0, 1, 1]",92,40.5,"55 Bikes, 55 Ambulance",65,1800,1.277777778,50,0.19,0.012777778,0.81,0.303111111,High,3
4075,3 days 03:55:00,"[1, 1, 1, 1]",92,37.3,"80 Cars, 33 Ambulance",31,1800,1.277777778,50,0.254,0.012777778,0.746,0.179911111,Low,3
4076,3 days 03:56:00,"[1, 1, 1, 1]",79,32.9,"23 Cars, 31 Trucks, 49 Trucks",55,1800,1.097222222,50,0.342,0.010972222,0.658,0.292788889,Moderate,3
4077,3 days 03:57:00,"[0, 0, 1, 0]",178,28.3,"94 Patrol, 70 Cars, 51 Patrol",74,1800,2.472222222,50,0.434,0.024722222,0.566,0.392688889,High,3
4078,3 days 03:58:00,"[1, 0, 0, 0]",143,43.1,"28 Trucks, 100 Cars, 69 Vans, 52 Vans",88,1800,1.986111111,50,0.138,0.019861111,0.862,0.387544444,High,3
4079,3 days 03:59:00,"[0, 1, 0, 0]",72,26.8,"16 Vans, 62 Trucks",66,1800,1.0,50,0.464,0.01,0.536,0.3608,High,3
4080,3 days 04:00:00,"[0, 1, 0, 1]",149,40.8,"77 Patrol, 15 Vans, 11 Bikes, 66 Cars",43,1800,2.069444444,50,0.184,0.020694444,0.816,0.217077778,Moderate,4
4081,3 days 04:01:00,"[1, 0, 0, 1]",189,27.0,"38 Fire Extinguisher, 46 Patrol, 70 Ambulance",40,1800,2.625,50,0.46,0.02625,0.54,0.2625,Moderate,4
4082,3 days 04:02:00,"[1, 1, 1, 0]",157,38.8,"18 Cars, 38 Trucks, 11 Cars",44,1800,2.180555556,50,0.224,0.021805556,0.776,0.229522222,Moderate,4
4083,3 days 04:03:00,"[0, 1, 1, 0]",139,42.4,"38 Trucks, 53 Bikes, 47 Bikes",38,1800,1.930555556,50,0.152,0.019305556,0.848,0.190122222,Low,4
4084,3 days 04:04:00,"[0, 0, 1, 1]",164,26.6,"74 Trucks, 91 Trucks",69,1800,2.277777778,50,0.468,0.022777778,0.532,0.378711111,High,4
4085,3 days 04:05:00,"[0, 1, 0, 0]",68,21.8,"74 Ambulance, 45 Bikes",89,1800,0.944444444,50,0.564,0.009444444,0.436,0.472577778,Very High,4
4086,3 days 04:06:00,"[0, 0, 0, 0]",185,23.9,"23 Vans, 23 Cars, 75 Cars",81,1800,2.569444444,50,0.522,0.025694444,0.478,0.438677778,Very High,4
4087,3 days 04:07:00,"[0, 0, 1, 1]",111,38.2,"83 Patrol, 29 Cars",47,1800,1.541666667,50,0.236,0.015416667,0.764,0.241366667,Moderate,4
4088,3 days 04:08:00,"[1, 1, 0, 0]",173,45.5,"69 Cars, 13 Ambulance, 92 Fire Extinguisher",30,1800,2.402777778,50,0.09,0.024027778,0.91,0.147611111,Low,4
4089,3 days 04:09:00,"[1, 1, 1, 1]",95,21.3,"89 Cars, 79 Cars",90,1800,1.319444444,50,0.574,0.013194444,0.426,0.480077778,Very High,4
4090,3 days 04:10:00,"[1, 1, 1, 1]",187,42.0,"22 Trucks, 40 Cars, 55 Fire Extinguisher",81,1800,2.597222222,50,0.16,0.025972222,0.84,0.366388889,High,4
4091,3 days 04:11:00,"[0, 0, 0, 1]",92,30.2,"21 Cars, 29 Ambulance, 25 Vans, 41 Fire Extinguisher",77,1800,1.277777778,50,0.396,0.012777778,0.604,0.392311111,High,4
4092,3 days 04:12:00,"[1, 1, 0, 1]",112,34.4,"47 Fire Extinguisher, 60 Vans, 83 Patrol, 66 Fire Extinguisher",79,1800,1.555555556,50,0.312,0.015555556,0.688,0.384622222,High,4
4093,3 days 04:13:00,"[0, 1, 0, 1]",54,47.9,"81 Bikes, 63 Patrol, 23 Vans",68,1800,0.75,50,0.042,0.0075,0.958,0.2834,Moderate,4
4094,3 days 04:14:00,"[0, 1, 0, 0]",76,30.0,"70 Fire Extinguisher, 99 Fire Extinguisher, 80 Cars, 87 Trucks",53,1800,1.055555556,50,0.4,0.010555556,0.6,0.296222222,Moderate,4
4095,3 days 04:15:00,"[0, 1, 1, 1]",126,34.0,"32 Bikes, 22 Trucks",35,1800,1.75,50,0.32,0.0175,0.68,0.211,Moderate,4
4096,3 days 04:16:00,"[0, 1, 0, 1]",122,20.4,"57 Ambulance, 14 Bikes, 93 Cars",88,1800,1.694444444,50,0.592,0.016944444,0.408,0.477177778,Very High,4
4097,3 days 04:17:00,"[0, 1, 1, 1]",52,22.4,"20 Cars, 48 Patrol, 74 Fire Extinguisher",69,1800,0.722222222,50,0.552,0.007222222,0.448,0.389288889,High,4
4098,3 days 04:18:00,"[0, 0, 0, 0]",139,27.8,"49 Fire Extinguisher, 90 Patrol",62,1800,1.930555556,50,0.444,0.019305556,0.556,0.344522222,High,4
4099,3 days 04:19:00,"[0, 0, 1, 1]",118,20.8,"86 Cars, 76 Fire Extinguisher, 17 Ambulance",83,1800,1.638888889,50,0.584,0.016388889,0.416,0.455355556,Very High,4
4100,3 days 04:20:00,"[1, 0, 1, 1]",121,38.9,"96 Cars, 72 Vans, 22 Fire Extinguisher",47,1800,1.680555556,50,0.222,0.016805556,0.778,0.239122222,Moderate,4
4101,3 days 04:21:00,"[0, 0, 0, 1]",93,32.8,"77 Bikes, 93 Bikes, 54 Cars, 100 Fire Extinguisher",83,1800,1.291666667,50,0.344,0.012916667,0.656,0.405966667,Very High,4
4102,3 days 04:22:00,"[0, 0, 1, 1]",94,36.4,"64 Trucks, 44 Trucks",59,1800,1.305555556,50,0.272,0.013055556,0.728,0.295622222,Moderate,4
4103,3 days 04:23:00,"[0, 1, 1, 1]",146,25.2,"43 Bikes, 11 Bikes, 85 Bikes",54,1800,2.027777778,50,0.496,0.020277778,0.504,0.323311111,High,4
4104,3 days 04:24:00,"[0, 0, 1, 0]",52,28.9,"91 Bikes, 98 Trucks, 44 Patrol, 98 Bikes",39,1800,0.722222222,50,0.422,0.007222222,0.578,0.243288889,Moderate,4
4105,3 days 04:25:00,"[0, 0, 0, 0]",81,39.9,"40 Vans, 54 Cars, 68 Patrol",58,1800,1.125,50,0.202,0.01125,0.798,0.2769,Moderate,4
4106,3 days 04:26:00,"[1, 1, 0, 0]",130,49.0,"54 Bikes, 92 Trucks, 81 Bikes, 70 Fire Extinguisher",81,1800,1.805555556,50,0.02,0.018055556,0.98,0.335222222,High,4
4107,3 days 04:27:00,"[0, 0, 0, 1]",159,21.5,"77 Patrol, 13 Ambulance, 38 Ambulance, 27 Vans",74,1800,2.208333333,50,0.57,0.022083333,0.43,0.418833333,Very High,4
4108,3 days 04:28:00,"[1, 1, 0, 1]",66,46.7,"15 Fire Extinguisher, 38 Cars",56,1800,0.916666667,50,0.066,0.009166667,0.934,0.240866667,Moderate,4
4109,3 days 04:29:00,"[1, 1, 1, 0]",78,37.3,"61 Vans, 85 Fire Extinguisher, 96 Ambulance, 48 Fire Extinguisher",62,1800,1.083333333,50,0.254,0.010833333,0.746,0.303133333,High,4
4110,3 days 04:30:00,"[0, 1, 1, 0]",197,36.9,"32 Fire Extinguisher, 82 Fire Extinguisher, 37 Cars",30,1800,2.736111111,50,0.262,0.027361111,0.738,0.183344444,Low,4
4111,3 days 04:31:00,"[1, 0, 1, 1]",160,35.0,"56 Patrol, 39 Trucks, 39 Vans",90,1800,2.222222222,50,0.3,0.022222222,0.7,0.428888889,Very High,4
4112,3 days 04:32:00,"[1, 1, 0, 0]",200,22.1,"32 Patrol, 28 Patrol",61,1800,2.777777778,50,0.558,0.027777778,0.442,0.366711111,High,4
4113,3 days 04:33:00,"[1, 1, 1, 0]",91,22.7,"69 Cars, 15 Fire Extinguisher, 74 Fire Extinguisher",73,1800,1.263888889,50,0.546,0.012638889,0.454,0.406255556,Very High,4
4114,3 days 04:34:00,"[1, 0, 1, 1]",59,38.0,"83 Cars, 69 Vans",38,1800,0.819444444,50,0.24,0.008194444,0.76,0.203277778,Moderate,4
4115,3 days 04:35:00,"[0, 0, 0, 1]",125,30.2,"38 Patrol, 67 Trucks, 22 Vans, 56 Bikes",57,1800,1.736111111,50,0.396,0.017361111,0.604,0.314144444,High,4
4116,3 days 04:36:00,"[0, 1, 0, 0]",80,47.5,"15 Trucks, 88 Cars, 13 Patrol, 28 Trucks",76,1800,1.111111111,50,0.05,0.011111111,0.95,0.318444444,High,4
4117,3 days 04:37:00,"[1, 0, 0, 1]",136,32.2,"80 Patrol, 86 Fire Extinguisher, 55 Ambulance, 43 Cars",49,1800,1.888888889,50,0.356,0.018888889,0.644,0.274755556,Moderate,4
4118,3 days 04:38:00,"[1, 1, 1, 0]",129,24.3,"48 Vans, 30 Bikes, 81 Cars, 99 Ambulance",89,1800,1.791666667,50,0.514,0.017916667,0.486,0.465966667,Very High,4
4119,3 days 04:39:00,"[1, 0, 1, 0]",199,41.4,"25 Fire Extinguisher, 72 Bikes, 50 Patrol",30,1800,2.763888889,50,0.172,0.027638889,0.828,0.165455556,Low,4
4120,3 days 04:40:00,"[1, 1, 1, 0]",181,28.8,"23 Ambulance, 12 Patrol, 99 Ambulance",55,1800,2.513888889,50,0.424,0.025138889,0.576,0.314855556,High,4
4121,3 days 04:41:00,"[0, 0, 0, 1]",94,35.8,"83 Trucks, 38 Bikes",86,1800,1.305555556,50,0.284,0.013055556,0.716,0.406022222,Very High,4
4122,3 days 04:42:00,"[1, 1, 0, 1]",123,40.9,"87 Patrol, 71 Trucks",46,1800,1.708333333,50,0.182,0.017083333,0.818,0.227233333,Moderate,4
4123,3 days 04:43:00,"[0, 1, 1, 0]",84,47.0,"91 Vans, 69 Trucks, 93 Patrol, 35 Cars",35,1800,1.166666667,50,0.06,0.011666667,0.94,0.156666667,Low,4
4124,3 days 04:44:00,"[1, 0, 0, 0]",191,43.8,"15 Patrol, 79 Trucks, 20 Fire Extinguisher, 30 Vans",55,1800,2.652777778,50,0.124,0.026527778,0.876,0.255411111,Moderate,4
4125,3 days 04:45:00,"[0, 0, 1, 0]",73,40.3,"14 Cars, 98 Vans, 49 Trucks",80,1800,1.013888889,50,0.194,0.010138889,0.806,0.362855556,High,4
4126,3 days 04:46:00,"[0, 0, 1, 1]",162,40.4,"25 Ambulance, 18 Cars, 93 Vans, 68 Trucks",53,1800,2.25,50,0.192,0.0225,0.808,0.2594,Moderate,4
4127,3 days 04:47:00,"[0, 0, 1, 1]",106,48.4,"93 Fire Extinguisher, 65 Cars",79,1800,1.472222222,50,0.032,0.014722222,0.968,0.328288889,High,4
4128,3 days 04:48:00,"[0, 0, 0, 0]",139,28.9,"59 Patrol, 83 Patrol",54,1800,1.930555556,50,0.422,0.019305556,0.578,0.308122222,High,4
4129,3 days 04:49:00,"[0, 1, 1, 0]",140,20.0,"95 Vans, 13 Patrol, 39 Trucks, 77 Bikes",54,1800,1.944444444,50,0.6,0.019444444,0.4,0.343777778,High,4
4130,3 days 04:50:00,"[1, 1, 0, 1]",127,28.2,"56 Ambulance, 48 Vans, 76 Patrol, 38 Ambulance",59,1800,1.763888889,50,0.436,0.017638889,0.564,0.330255556,High,4
4131,3 days 04:51:00,"[0, 1, 1, 0]",193,26.5,"78 Trucks, 93 Vans",49,1800,2.680555556,50,0.47,0.026805556,0.53,0.300722222,High,4
4132,3 days 04:52:00,"[1, 0, 0, 0]",127,39.9,"21 Vans, 46 Fire Extinguisher, 52 Cars, 49 Ambulance",73,1800,1.763888889,50,0.202,0.017638889,0.798,0.339455556,High,4
4133,3 days 04:53:00,"[1, 1, 0, 0]",96,39.0,"83 Cars, 77 Vans",44,1800,1.333333333,50,0.22,0.013333333,0.78,0.225333333,Moderate,4
4134,3 days 04:54:00,"[0, 1, 0, 1]",164,37.8,"34 Patrol, 51 Trucks",68,1800,2.277777778,50,0.244,0.022777778,0.756,0.329911111,High,4
4135,3 days 04:55:00,"[1, 1, 1, 0]",129,20.5,"38 Cars, 74 Cars",61,1800,1.791666667,50,0.59,0.017916667,0.41,0.369166667,High,4
4136,3 days 04:56:00,"[1, 1, 1, 1]",168,41.9,"86 Trucks, 70 Ambulance, 78 Patrol",41,1800,2.333333333,50,0.162,0.023333333,0.838,0.205733333,Moderate,4
4137,3 days 04:57:00,"[0, 0, 1, 1]",84,29.7,"71 Patrol, 27 Cars, 46 Ambulance, 66 Cars",89,1800,1.166666667,50,0.406,0.011666667,0.594,0.441866667,Very High,4
4138,3 days 04:58:00,"[1, 0, 1, 1]",63,40.0,"45 Cars, 26 Bikes",32,1800,0.875,50,0.2,0.00875,0.8,0.1715,Low,4
4139,3 days 04:59:00,"[0, 1, 1, 1]",143,36.7,"59 Fire Extinguisher, 34 Vans",63,1800,1.986111111,50,0.266,0.019861111,0.734,0.313144444,High,4
4140,3 days 05:00:00,"[1, 1, 1, 1]",188,30.3,"19 Ambulance, 24 Bikes, 15 Bikes, 99 Vans",86,1800,2.611111111,50,0.394,0.026111111,0.606,0.433244444,Very High,5
4141,3 days 05:01:00,"[0, 1, 0, 0]",57,24.0,"43 Trucks, 22 Ambulance, 21 Fire Extinguisher, 40 Bikes",79,1800,0.791666667,50,0.52,0.007916667,0.48,0.423166667,Very High,5
4142,3 days 05:02:00,"[0, 0, 0, 0]",134,22.8,"51 Cars, 49 Trucks, 18 Patrol, 19 Patrol",52,1800,1.861111111,50,0.544,0.018611111,0.456,0.324244444,High,5
4143,3 days 05:03:00,"[1, 0, 1, 0]",53,44.9,"34 Trucks, 75 Vans",85,1800,0.736111111,50,0.102,0.007361111,0.898,0.363344444,High,5
4144,3 days 05:04:00,"[1, 0, 1, 1]",109,47.6,"34 Vans, 18 Trucks",90,1800,1.513888889,50,0.048,0.015138889,0.952,0.375655556,High,5
4145,3 days 05:05:00,"[0, 0, 0, 1]",174,39.5,"65 Fire Extinguisher, 58 Bikes, 54 Cars",72,1800,2.416666667,50,0.21,0.024166667,0.79,0.339666667,High,5
4146,3 days 05:06:00,"[1, 1, 1, 1]",99,23.1,"26 Vans, 90 Fire Extinguisher, 72 Bikes",65,1800,1.375,50,0.538,0.01375,0.462,0.3731,High,5
4147,3 days 05:07:00,"[0, 1, 0, 0]",172,32.1,"70 Fire Extinguisher, 24 Ambulance",87,1800,2.388888889,50,0.358,0.023888889,0.642,0.429155556,Very High,5
4148,3 days 05:08:00,"[1, 1, 0, 1]",196,41.9,"39 Ambulance, 10 Cars",64,1800,2.722222222,50,0.162,0.027222222,0.838,0.299288889,Moderate,5
4149,3 days 05:09:00,"[1, 1, 1, 1]",152,43.4,"73 Vans, 45 Trucks",68,1800,2.111111111,50,0.132,0.021111111,0.868,0.306844444,High,5
4150,3 days 05:10:00,"[0, 1, 0, 1]",194,23.5,"49 Fire Extinguisher, 55 Cars",60,1800,2.694444444,50,0.53,0.026944444,0.47,0.356777778,High,5
4151,3 days 05:11:00,"[0, 0, 1, 0]",154,20.0,"56 Cars, 32 Vans, 25 Bikes",66,1800,2.138888889,50,0.6,0.021388889,0.4,0.392555556,High,5
4152,3 days 05:12:00,"[1, 0, 0, 1]",53,41.4,"72 Bikes, 12 Bikes, 61 Fire Extinguisher",60,1800,0.736111111,50,0.172,0.007361111,0.828,0.277344444,Moderate,5
4153,3 days 05:13:00,"[1, 1, 1, 0]",67,30.7,"11 Trucks, 44 Fire Extinguisher, 61 Patrol",74,1800,0.930555556,50,0.386,0.009305556,0.614,0.376922222,High,5
4154,3 days 05:14:00,"[0, 1, 1, 0]",122,27.6,"67 Vans, 57 Fire Extinguisher, 19 Trucks",34,1800,1.694444444,50,0.448,0.016944444,0.552,0.232377778,Moderate,5
4155,3 days 05:15:00,"[0, 1, 0, 0]",57,20.4,"26 Bikes, 53 Cars, 69 Trucks, 64 Bikes",44,1800,0.791666667,50,0.592,0.007916667,0.408,0.297566667,Moderate,5
4156,3 days 05:16:00,"[0, 0, 0, 1]",93,36.2,"59 Fire Extinguisher, 31 Patrol, 92 Vans",70,1800,1.291666667,50,0.276,0.012916667,0.724,0.340366667,High,5
4157,3 days 05:17:00,"[1, 0, 1, 1]",151,45.5,"83 Patrol, 25 Fire Extinguisher, 45 Fire Extinguisher, 89 Vans",65,1800,2.097222222,50,0.09,0.020972222,0.91,0.286388889,Moderate,5
4158,3 days 05:18:00,"[0, 1, 1, 0]",170,48.7,"19 Ambulance, 63 Cars, 76 Fire Extinguisher, 54 Bikes",74,1800,2.361111111,50,0.026,0.023611111,0.974,0.310644444,High,5
4159,3 days 05:19:00,"[0, 1, 0, 0]",106,37.0,"92 Fire Extinguisher, 32 Bikes, 16 Patrol, 35 Vans",57,1800,1.472222222,50,0.26,0.014722222,0.74,0.285888889,Moderate,5
4160,3 days 05:20:00,"[1, 0, 0, 1]",102,35.4,"31 Patrol, 13 Trucks, 83 Trucks, 31 Bikes",68,1800,1.416666667,50,0.292,0.014166667,0.708,0.336066667,High,5
4161,3 days 05:21:00,"[1, 1, 0, 0]",90,22.6,"92 Fire Extinguisher, 78 Ambulance",56,1800,1.25,50,0.548,0.0125,0.452,0.3386,High,5
4162,3 days 05:22:00,"[1, 0, 1, 0]",161,36.5,"78 Ambulance, 86 Patrol, 80 Vans, 95 Trucks",47,1800,2.236111111,50,0.27,0.022361111,0.73,0.250944444,Moderate,5
4163,3 days 05:23:00,"[1, 1, 1, 1]",92,31.4,"58 Vans, 77 Patrol, 65 Trucks, 54 Cars",32,1800,1.277777778,50,0.372,0.012777778,0.628,0.207511111,Moderate,5
4164,3 days 05:24:00,"[0, 1, 1, 0]",80,38.2,"95 Patrol, 100 Bikes",70,1800,1.111111111,50,0.236,0.011111111,0.764,0.331644444,High,5
4165,3 days 05:25:00,"[1, 0, 1, 0]",190,31.7,"76 Fire Extinguisher, 72 Ambulance, 20 Patrol, 25 Vans",63,1800,2.638888889,50,0.366,0.026388889,0.634,0.335755556,High,5
4166,3 days 05:26:00,"[1, 0, 0, 1]",170,27.2,"11 Fire Extinguisher, 96 Ambulance",63,1800,2.361111111,50,0.456,0.023611111,0.544,0.352644444,High,5
4167,3 days 05:27:00,"[0, 1, 1, 0]",125,22.8,"21 Ambulance, 96 Trucks, 15 Patrol, 61 Fire Extinguisher",68,1800,1.736111111,50,0.544,0.017361111,0.456,0.387744444,High,5
4168,3 days 05:28:00,"[1, 1, 1, 1]",188,29.4,"77 Vans, 83 Ambulance, 29 Fire Extinguisher",56,1800,2.611111111,50,0.412,0.026111111,0.588,0.316844444,High,5
4169,3 days 05:29:00,"[0, 0, 1, 1]",199,22.9,"91 Patrol, 96 Fire Extinguisher, 59 Patrol",33,1800,2.763888889,50,0.542,0.027638889,0.458,0.251455556,Moderate,5
4170,3 days 05:30:00,"[0, 0, 0, 0]",123,25.3,"47 Trucks, 69 Ambulance, 44 Cars",30,1800,1.708333333,50,0.494,0.017083333,0.506,0.225633333,Moderate,5
4171,3 days 05:31:00,"[0, 1, 1, 1]",127,49.6,"75 Vans, 43 Vans",61,1800,1.763888889,50,0.008,0.017638889,0.992,0.252655556,Moderate,5
4172,3 days 05:32:00,"[0, 1, 0, 0]",50,33.3,"88 Vans, 24 Patrol, 59 Ambulance, 34 Ambulance",55,1800,0.694444444,50,0.334,0.006944444,0.666,0.289577778,Moderate,5
4173,3 days 05:33:00,"[0, 0, 1, 0]",143,36.0,"34 Vans, 63 Ambulance, 69 Vans, 47 Bikes",82,1800,1.986111111,50,0.28,0.019861111,0.72,0.391944444,High,5
4174,3 days 05:34:00,"[0, 1, 0, 1]",157,46.2,"16 Ambulance, 46 Cars, 45 Ambulance, 91 Cars",53,1800,2.180555556,50,0.076,0.021805556,0.924,0.235922222,Moderate,5
4175,3 days 05:35:00,"[0, 0, 0, 1]",99,49.9,"12 Patrol, 97 Fire Extinguisher, 23 Cars, 90 Patrol",60,1800,1.375,50,0.002,0.01375,0.998,0.2459,Moderate,5
4176,3 days 05:36:00,"[0, 1, 0, 1]",77,37.5,"70 Vans, 14 Fire Extinguisher, 64 Trucks, 42 Vans",50,1800,1.069444444,50,0.25,0.010694444,0.75,0.254277778,Moderate,5
4177,3 days 05:37:00,"[1, 0, 1, 0]",71,44.4,"92 Patrol, 97 Trucks, 96 Fire Extinguisher, 63 Trucks",60,1800,0.986111111,50,0.112,0.009861111,0.888,0.266344444,Moderate,5
4178,3 days 05:38:00,"[0, 1, 1, 1]",51,29.8,"37 Cars, 72 Bikes",78,1800,0.708333333,50,0.404,0.007083333,0.596,0.395633333,High,5
4179,3 days 05:39:00,"[1, 1, 0, 0]",168,29.2,"36 Ambulance, 93 Bikes",90,1800,2.333333333,50,0.416,0.023333333,0.584,0.452533333,Very High,5
4180,3 days 05:40:00,"[0, 1, 0, 0]",74,32.1,"97 Cars, 53 Trucks, 62 Bikes",89,1800,1.027777778,50,0.358,0.010277778,0.642,0.431711111,Very High,5
4181,3 days 05:41:00,"[1, 0, 1, 1]",171,40.2,"98 Fire Extinguisher, 48 Cars",62,1800,2.375,50,0.196,0.02375,0.804,0.2967,Moderate,5
4182,3 days 05:42:00,"[1, 0, 1, 0]",150,40.5,"34 Cars, 55 Bikes",56,1800,2.083333333,50,0.19,0.020833333,0.81,0.270333333,Moderate,5
4183,3 days 05:43:00,"[1, 1, 0, 1]",122,29.5,"53 Ambulance, 88 Vans, 28 Fire Extinguisher, 48 Trucks",62,1800,1.694444444,50,0.41,0.016944444,0.59,0.336777778,High,5
4184,3 days 05:44:00,"[0, 1, 1, 1]",145,24.0,"38 Cars, 72 Fire Extinguisher, 38 Bikes, 46 Trucks",53,1800,2.013888889,50,0.52,0.020138889,0.48,0.324055556,High,5
4185,3 days 05:45:00,"[1, 0, 1, 1]",76,39.0,"82 Bikes, 32 Fire Extinguisher, 51 Bikes, 66 Trucks",76,1800,1.055555556,50,0.22,0.010555556,0.78,0.352222222,High,5
4186,3 days 05:46:00,"[1, 1, 0, 1]",198,23.8,"55 Cars, 86 Trucks, 11 Bikes, 76 Ambulance",59,1800,2.75,50,0.524,0.0275,0.476,0.3518,High,5
4187,3 days 05:47:00,"[0, 0, 0, 0]",184,37.4,"32 Trucks, 33 Fire Extinguisher",33,1800,2.555555556,50,0.252,0.025555556,0.748,0.192622222,Low,5
4188,3 days 05:48:00,"[0, 1, 0, 1]",93,40.8,"43 Vans, 65 Trucks, 72 Cars",41,1800,1.291666667,50,0.184,0.012916667,0.816,0.205966667,Moderate,5
4189,3 days 05:49:00,"[1, 0, 1, 1]",118,41.0,"43 Ambulance, 62 Cars",59,1800,1.638888889,50,0.18,0.016388889,0.82,0.278555556,Moderate,5
4190,3 days 05:50:00,"[0, 1, 0, 0]",143,42.6,"57 Vans, 17 Ambulance, 75 Trucks",36,1800,1.986111111,50,0.148,0.019861111,0.852,0.181544444,Low,5
4191,3 days 05:51:00,"[0, 0, 0, 0]",99,46.2,"17 Vans, 67 Trucks, 29 Patrol, 96 Bikes",30,1800,1.375,50,0.076,0.01375,0.924,0.1407,Low,5
4192,3 days 05:52:00,"[0, 0, 0, 1]",170,35.0,"98 Patrol, 46 Vans",75,1800,2.361111111,50,0.3,0.023611111,0.7,0.369444444,High,5
4193,3 days 05:53:00,"[1, 0, 1, 0]",53,41.9,"97 Ambulance, 88 Ambulance, 33 Vans, 37 Trucks",33,1800,0.736111111,50,0.162,0.007361111,0.838,0.167344444,Low,5
4194,3 days 05:54:00,"[1, 1, 1, 0]",174,38.6,"43 Bikes, 34 Patrol",41,1800,2.416666667,50,0.228,0.024166667,0.772,0.219266667,Moderate,5
4195,3 days 05:55:00,"[0, 0, 1, 0]",117,25.6,"94 Bikes, 22 Bikes, 60 Patrol",88,1800,1.625,50,0.488,0.01625,0.512,0.4561,Very High,5
4196,3 days 05:56:00,"[1, 1, 0, 0]",139,20.8,"54 Patrol, 21 Fire Extinguisher, 20 Ambulance, 60 Ambulance",68,1800,1.930555556,50,0.584,0.019305556,0.416,0.396522222,High,5
4197,3 days 05:57:00,"[0, 0, 0, 0]",163,28.5,"73 Bikes, 33 Patrol, 92 Trucks, 74 Patrol",60,1800,2.263888889,50,0.43,0.022638889,0.57,0.335055556,High,5
4198,3 days 05:58:00,"[0, 1, 0, 1]",105,33.3,"73 Bikes, 16 Ambulance",68,1800,1.458333333,50,0.334,0.014583333,0.666,0.344633333,High,5
4199,3 days 05:59:00,"[0, 1, 1, 0]",66,38.5,"30 Patrol, 14 Trucks",89,1800,0.916666667,50,0.23,0.009166667,0.77,0.405666667,Very High,5
4200,3 days 06:00:00,"[1, 1, 0, 0]",115,45.5,"81 Patrol, 86 Trucks, 96 Trucks, 71 Ambulance",89,1800,1.597222222,50,0.09,0.015972222,0.91,0.380388889,High,6
4201,3 days 06:01:00,"[1, 0, 0, 1]",171,25.9,"29 Bikes, 23 Cars, 11 Trucks, 60 Ambulance",52,1800,2.375,50,0.482,0.02375,0.518,0.3139,High,6
4202,3 days 06:02:00,"[0, 1, 0, 0]",118,23.8,"95 Bikes, 11 Cars, 60 Patrol, 10 Fire Extinguisher",88,1800,1.638888889,50,0.524,0.016388889,0.476,0.463355556,Very High,6
4203,3 days 06:03:00,"[0, 0, 0, 0]",102,48.9,"33 Fire Extinguisher, 41 Patrol",45,1800,1.416666667,50,0.022,0.014166667,0.978,0.190066667,Low,6
4204,3 days 06:04:00,"[1, 1, 1, 0]",142,23.2,"28 Cars, 33 Vans",65,1800,1.972222222,50,0.536,0.019722222,0.464,0.375088889,High,6
4205,3 days 06:05:00,"[0, 0, 1, 1]",116,34.4,"100 Fire Extinguisher, 43 Vans, 73 Vans",41,1800,1.611111111,50,0.312,0.016111111,0.688,0.232844444,Moderate,6
4206,3 days 06:06:00,"[1, 1, 0, 0]",81,37.6,"94 Vans, 55 Bikes",88,1800,1.125,50,0.248,0.01125,0.752,0.4061,Very High,6
4207,3 days 06:07:00,"[0, 0, 0, 0]",168,36.2,"100 Ambulance, 43 Vans, 82 Ambulance, 67 Cars",64,1800,2.333333333,50,0.276,0.023333333,0.724,0.320533333,High,6
4208,3 days 06:08:00,"[1, 1, 0, 0]",59,22.6,"50 Cars, 96 Ambulance",35,1800,0.819444444,50,0.548,0.008194444,0.452,0.252877778,Moderate,6
4209,3 days 06:09:00,"[0, 0, 1, 0]",112,21.7,"55 Trucks, 44 Bikes, 78 Patrol",47,1800,1.555555556,50,0.566,0.015555556,0.434,0.307422222,High,6
4210,3 days 06:10:00,"[1, 1, 1, 0]",76,23.2,"17 Patrol, 21 Cars",66,1800,1.055555556,50,0.536,0.010555556,0.464,0.375422222,High,6
4211,3 days 06:11:00,"[0, 1, 1, 0]",187,37.6,"57 Fire Extinguisher, 26 Trucks, 72 Cars, 46 Ambulance",46,1800,2.597222222,50,0.248,0.025972222,0.752,0.243988889,Moderate,6
4212,3 days 06:12:00,"[1, 0, 0, 0]",178,36.3,"87 Vans, 32 Cars, 71 Bikes, 46 Cars",81,1800,2.472222222,50,0.274,0.024722222,0.726,0.388688889,High,6
4213,3 days 06:13:00,"[0, 1, 0, 0]",88,27.0,"28 Bikes, 79 Patrol, 35 Patrol, 22 Bikes",44,1800,1.222222222,50,0.46,0.012222222,0.54,0.272888889,Moderate,6
4214,3 days 06:14:00,"[0, 0, 0, 0]",90,39.1,"19 Bikes, 17 Vans, 27 Fire Extinguisher, 33 Trucks",48,1800,1.25,50,0.218,0.0125,0.782,0.2406,Moderate,6
4215,3 days 06:15:00,"[0, 0, 1, 0]",133,44.6,"27 Patrol, 87 Fire Extinguisher, 88 Vans, 97 Cars",30,1800,1.847222222,50,0.108,0.018472222,0.892,0.148988889,Low,6
4216,3 days 06:16:00,"[1, 1, 1, 0]",137,21.2,"69 Ambulance, 87 Ambulance, 92 Ambulance",76,1800,1.902777778,50,0.576,0.019027778,0.424,0.426811111,Very High,6
4217,3 days 06:17:00,"[1, 1, 1, 1]",57,34.9,"47 Vans, 53 Bikes, 35 Fire Extinguisher, 86 Patrol",72,1800,0.791666667,50,0.302,0.007916667,0.698,0.351566667,High,6
4218,3 days 06:18:00,"[0, 1, 1, 0]",145,40.7,"17 Cars, 91 Vans",47,1800,2.013888889,50,0.186,0.020138889,0.814,0.233255556,Moderate,6
4219,3 days 06:19:00,"[1, 0, 0, 1]",147,27.6,"35 Ambulance, 33 Cars, 81 Patrol",66,1800,2.041666667,50,0.448,0.020416667,0.552,0.361766667,High,6
4220,3 days 06:20:00,"[1, 0, 0, 1]",105,29.2,"12 Ambulance, 75 Fire Extinguisher, 22 Patrol, 70 Trucks",49,1800,1.458333333,50,0.416,0.014583333,0.584,0.285033333,Moderate,6
4221,3 days 06:21:00,"[1, 0, 1, 0]",54,38.4,"46 Trucks, 52 Fire Extinguisher, 72 Bikes",38,1800,0.75,50,0.232,0.0075,0.768,0.2014,Moderate,6
4222,3 days 06:22:00,"[1, 0, 0, 0]",80,46.9,"45 Ambulance, 48 Fire Extinguisher, 49 Ambulance, 84 Ambulance",85,1800,1.111111111,50,0.062,0.011111111,0.938,0.356844444,High,6
4223,3 days 06:23:00,"[1, 1, 1, 0]",57,44.3,"73 Ambulance, 41 Vans, 45 Patrol",49,1800,0.791666667,50,0.114,0.007916667,0.886,0.221966667,Moderate,6
4224,3 days 06:24:00,"[1, 1, 0, 0]",150,37.5,"89 Bikes, 25 Cars, 38 Fire Extinguisher",88,1800,2.083333333,50,0.25,0.020833333,0.75,0.410333333,Very High,6
4225,3 days 06:25:00,"[1, 0, 0, 1]",145,41.9,"65 Vans, 94 Trucks, 92 Ambulance, 76 Patrol",68,1800,2.013888889,50,0.162,0.020138889,0.838,0.312455556,High,6
4226,3 days 06:26:00,"[1, 0, 0, 0]",171,30.9,"62 Patrol, 10 Fire Extinguisher, 56 Cars",58,1800,2.375,50,0.382,0.02375,0.618,0.3179,High,6
4227,3 days 06:27:00,"[1, 1, 1, 1]",200,39.2,"91 Ambulance, 21 Ambulance",36,1800,2.777777778,50,0.216,0.027777778,0.784,0.198311111,Low,6
4228,3 days 06:28:00,"[1, 1, 1, 0]",116,34.0,"24 Trucks, 56 Trucks",78,1800,1.611111111,50,0.32,0.016111111,0.68,0.382444444,High,6
4229,3 days 06:29:00,"[1, 0, 0, 1]",51,25.7,"16 Fire Extinguisher, 62 Ambulance",58,1800,0.708333333,50,0.486,0.007083333,0.514,0.332033333,High,6
4230,3 days 06:30:00,"[1, 1, 1, 1]",50,41.1,"30 Cars, 34 Cars, 36 Fire Extinguisher, 86 Cars",40,1800,0.694444444,50,0.178,0.006944444,0.822,0.198377778,Low,6
4231,3 days 06:31:00,"[1, 0, 1, 1]",166,36.7,"27 Trucks, 52 Fire Extinguisher",60,1800,2.305555556,50,0.266,0.023055556,0.734,0.302422222,High,6
4232,3 days 06:32:00,"[0, 1, 0, 0]",59,30.8,"72 Trucks, 25 Patrol",58,1800,0.819444444,50,0.384,0.008194444,0.616,0.312077778,High,6
4233,3 days 06:33:00,"[1, 1, 1, 0]",189,47.3,"70 Trucks, 66 Vans, 26 Cars",58,1800,2.625,50,0.054,0.02625,0.946,0.2533,Moderate,6
4234,3 days 06:34:00,"[0, 0, 0, 0]",125,20.6,"35 Ambulance, 41 Fire Extinguisher",47,1800,1.736111111,50,0.588,0.017361111,0.412,0.312544444,High,6
4235,3 days 06:35:00,"[0, 0, 0, 1]",172,29.5,"58 Patrol, 43 Vans, 38 Ambulance, 91 Bikes",30,1800,2.388888889,50,0.41,0.023888889,0.59,0.211555556,Moderate,6
4236,3 days 06:36:00,"[0, 0, 0, 1]",60,21.7,"20 Patrol, 72 Bikes",40,1800,0.833333333,50,0.566,0.008333333,0.434,0.276533333,Moderate,6
4237,3 days 06:37:00,"[1, 1, 1, 0]",128,43.0,"31 Vans, 25 Cars, 52 Vans, 68 Vans",71,1800,1.777777778,50,0.14,0.017777778,0.86,0.319111111,High,6
4238,3 days 06:38:00,"[1, 1, 0, 1]",82,41.1,"96 Vans, 37 Bikes, 73 Trucks",85,1800,1.138888889,50,0.178,0.011388889,0.822,0.380155556,High,6
4239,3 days 06:39:00,"[1, 0, 1, 0]",128,29.9,"67 Patrol, 19 Bikes, 21 Fire Extinguisher, 58 Fire Extinguisher",50,1800,1.777777778,50,0.402,0.017777778,0.598,0.287511111,Moderate,6
4240,3 days 06:40:00,"[1, 0, 1, 0]",83,40.3,"59 Trucks, 29 Ambulance, 38 Bikes",85,1800,1.152777778,50,0.194,0.011527778,0.806,0.383411111,High,6
4241,3 days 06:41:00,"[1, 1, 0, 0]",173,31.9,"87 Ambulance, 23 Cars, 62 Bikes, 82 Vans",85,1800,2.402777778,50,0.362,0.024027778,0.638,0.422011111,Very High,6
4242,3 days 06:42:00,"[1, 1, 0, 0]",162,42.7,"22 Ambulance, 21 Ambulance, 61 Patrol, 49 Bikes",45,1800,2.25,50,0.146,0.0225,0.854,0.2182,Moderate,6
4243,3 days 06:43:00,"[0, 0, 1, 0]",56,33.6,"75 Fire Extinguisher, 38 Trucks",57,1800,0.777777778,50,0.328,0.007777778,0.672,0.296711111,Moderate,6
4244,3 days 06:44:00,"[1, 0, 1, 0]",179,32.4,"58 Fire Extinguisher, 84 Bikes, 39 Cars",70,1800,2.486111111,50,0.352,0.024861111,0.648,0.360344444,High,6
4245,3 days 06:45:00,"[0, 0, 1, 1]",96,48.0,"28 Ambulance, 44 Fire Extinguisher, 15 Vans",31,1800,1.333333333,50,0.04,0.013333333,0.96,0.137333333,Low,6
4246,3 days 06:46:00,"[1, 1, 1, 0]",108,27.5,"21 Vans, 49 Cars, 67 Vans",84,1800,1.5,50,0.45,0.015,0.55,0.432,Very High,6
4247,3 days 06:47:00,"[1, 1, 1, 1]",133,23.6,"86 Trucks, 43 Trucks",35,1800,1.847222222,50,0.528,0.018472222,0.472,0.252988889,Moderate,6
4248,3 days 06:48:00,"[1, 1, 1, 1]",155,37.5,"29 Bikes, 88 Fire Extinguisher, 96 Cars",47,1800,2.152777778,50,0.25,0.021527778,0.75,0.246611111,Moderate,6
4249,3 days 06:49:00,"[1, 1, 0, 1]",198,49.1,"35 Trucks, 31 Trucks, 38 Vans, 24 Vans",73,1800,2.75,50,0.018,0.0275,0.982,0.3066,High,6
4250,3 days 06:50:00,"[1, 0, 0, 1]",197,31.3,"87 Cars, 12 Vans, 15 Trucks",80,1800,2.736111111,50,0.374,0.027361111,0.626,0.405744444,Very High,6
4251,3 days 06:51:00,"[0, 0, 1, 0]",189,21.9,"26 Patrol, 60 Trucks",39,1800,2.625,50,0.562,0.02625,0.438,0.2789,Moderate,6
4252,3 days 06:52:00,"[0, 1, 1, 1]",83,30.2,"36 Ambulance, 65 Trucks",81,1800,1.152777778,50,0.396,0.011527778,0.604,0.407811111,Very High,6
4253,3 days 06:53:00,"[1, 0, 0, 0]",129,35.2,"62 Patrol, 16 Bikes, 92 Trucks, 47 Bikes",42,1800,1.791666667,50,0.296,0.017916667,0.704,0.234366667,Moderate,6
4254,3 days 06:54:00,"[0, 0, 0, 1]",140,24.9,"51 Bikes, 93 Bikes",49,1800,1.944444444,50,0.502,0.019444444,0.498,0.304177778,High,6
4255,3 days 06:55:00,"[1, 1, 1, 0]",102,39.7,"74 Ambulance, 67 Vans, 96 Fire Extinguisher, 32 Ambulance",60,1800,1.416666667,50,0.206,0.014166667,0.794,0.286866667,Moderate,6
4256,3 days 06:56:00,"[0, 1, 0, 0]",98,49.9,"79 Fire Extinguisher, 86 Ambulance",52,1800,1.361111111,50,0.002,0.013611111,0.998,0.213844444,Moderate,6
4257,3 days 06:57:00,"[0, 1, 1, 0]",145,33.6,"39 Fire Extinguisher, 52 Ambulance, 24 Trucks",36,1800,2.013888889,50,0.328,0.020138889,0.672,0.217655556,Moderate,6
4258,3 days 06:58:00,"[1, 0, 0, 0]",199,30.6,"90 Patrol, 65 Trucks, 10 Cars",43,1800,2.763888889,50,0.388,0.027638889,0.612,0.260655556,Moderate,6
4259,3 days 06:59:00,"[0, 0, 1, 0]",166,32.0,"22 Fire Extinguisher, 31 Fire Extinguisher, 23 Vans",53,1800,2.305555556,50,0.36,0.023055556,0.64,0.293222222,Moderate,6
4260,3 days 07:00:00,"[0, 1, 1, 0]",56,23.5,"23 Trucks, 81 Fire Extinguisher, 100 Cars, 94 Ambulance",56,1800,0.777777778,50,0.53,0.007777778,0.47,0.333111111,High,7
4261,3 days 07:01:00,"[0, 0, 0, 0]",68,46.5,"30 Vans, 57 Vans, 90 Bikes, 81 Cars",82,1800,0.944444444,50,0.07,0.009444444,0.93,0.345777778,High,7
4262,3 days 07:02:00,"[1, 1, 1, 0]",168,32.4,"29 Trucks, 83 Cars, 64 Patrol, 47 Vans",31,1800,2.333333333,50,0.352,0.023333333,0.648,0.203733333,Moderate,7
4263,3 days 07:03:00,"[0, 0, 1, 0]",167,31.6,"10 Bikes, 63 Vans",37,1800,2.319444444,50,0.368,0.023194444,0.632,0.230877778,Moderate,7
4264,3 days 07:04:00,"[0, 0, 0, 0]",175,39.8,"85 Trucks, 55 Trucks, 30 Ambulance, 35 Vans",78,1800,2.430555556,50,0.204,0.024305556,0.796,0.362522222,High,7
4265,3 days 07:05:00,"[1, 0, 0, 1]",123,33.3,"87 Ambulance, 68 Patrol, 51 Trucks",37,1800,1.708333333,50,0.334,0.017083333,0.666,0.221633333,Moderate,7
4266,3 days 07:06:00,"[0, 0, 1, 1]",77,39.4,"17 Vans, 51 Patrol, 55 Trucks",71,1800,1.069444444,50,0.212,0.010694444,0.788,0.330677778,High,7
4267,3 days 07:07:00,"[1, 0, 1, 1]",97,21.8,"100 Bikes, 41 Cars, 33 Vans, 71 Ambulance",87,1800,1.347222222,50,0.564,0.013472222,0.436,0.466188889,Very High,7
4268,3 days 07:08:00,"[0, 1, 1, 1]",50,44.4,"51 Cars, 16 Fire Extinguisher, 96 Cars",47,1800,0.694444444,50,0.112,0.006944444,0.888,0.213177778,Moderate,7
4269,3 days 07:09:00,"[0, 0, 1, 0]",151,48.2,"71 Cars, 41 Bikes, 18 Cars, 44 Cars",38,1800,2.097222222,50,0.036,0.020972222,0.964,0.167588889,Low,7
4270,3 days 07:10:00,"[0, 0, 1, 0]",182,39.5,"98 Ambulance, 12 Patrol, 43 Vans",32,1800,2.527777778,50,0.21,0.025277778,0.79,0.180111111,Low,7
4271,3 days 07:11:00,"[0, 0, 0, 1]",136,48.6,"52 Trucks, 58 Cars, 50 Cars, 65 Ambulance",48,1800,1.888888889,50,0.028,0.018888889,0.972,0.205155556,Moderate,7
4272,3 days 07:12:00,"[0, 0, 1, 0]",106,24.5,"81 Bikes, 53 Ambulance, 15 Trucks",62,1800,1.472222222,50,0.51,0.014722222,0.49,0.355888889,High,7
4273,3 days 07:13:00,"[1, 0, 1, 1]",83,34.3,"87 Bikes, 24 Vans",84,1800,1.152777778,50,0.314,0.011527778,0.686,0.403411111,Very High,7
4274,3 days 07:14:00,"[1, 0, 0, 1]",125,38.1,"38 Bikes, 50 Ambulance",63,1800,1.736111111,50,0.238,0.017361111,0.762,0.306544444,High,7
4275,3 days 07:15:00,"[0, 1, 0, 0]",66,37.5,"56 Vans, 76 Fire Extinguisher, 81 Trucks, 96 Cars",80,1800,0.916666667,50,0.25,0.009166667,0.75,0.373666667,High,7
4276,3 days 07:16:00,"[0, 1, 0, 0]",67,32.0,"73 Patrol, 14 Ambulance",83,1800,0.930555556,50,0.36,0.009305556,0.64,0.407722222,Very High,7
4277,3 days 07:17:00,"[1, 0, 1, 1]",121,30.1,"18 Bikes, 94 Ambulance, 57 Fire Extinguisher, 48 Vans",34,1800,1.680555556,50,0.398,0.016805556,0.602,0.222322222,Moderate,7
4278,3 days 07:18:00,"[0, 0, 1, 1]",175,23.8,"14 Bikes, 53 Ambulance",86,1800,2.430555556,50,0.524,0.024305556,0.476,0.458522222,Very High,7
4279,3 days 07:19:00,"[1, 0, 0, 0]",198,31.8,"49 Bikes, 90 Cars",85,1800,2.75,50,0.364,0.0275,0.636,0.4238,Very High,7
4280,3 days 07:20:00,"[0, 1, 0, 1]",81,24.9,"12 Ambulance, 55 Vans, 99 Patrol",88,1800,1.125,50,0.502,0.01125,0.498,0.4569,Very High,7
4281,3 days 07:21:00,"[1, 0, 1, 1]",73,42.0,"64 Ambulance, 66 Ambulance",55,1800,1.013888889,50,0.16,0.010138889,0.84,0.256055556,Moderate,7
4282,3 days 07:22:00,"[1, 0, 1, 0]",98,26.3,"21 Patrol, 71 Bikes, 96 Cars, 74 Cars",46,1800,1.361111111,50,0.474,0.013611111,0.526,0.284244444,Moderate,7
4283,3 days 07:23:00,"[0, 1, 1, 1]",85,21.8,"95 Vans, 95 Bikes, 39 Trucks, 49 Patrol",81,1800,1.180555556,50,0.564,0.011805556,0.436,0.441522222,Very High,7
4284,3 days 07:24:00,"[0, 0, 1, 1]",118,36.6,"50 Bikes, 69 Fire Extinguisher, 29 Cars, 24 Bikes",90,1800,1.638888889,50,0.268,0.016388889,0.732,0.420155556,Very High,7
4285,3 days 07:25:00,"[0, 0, 1, 1]",144,37.9,"50 Cars, 50 Vans, 20 Patrol, 59 Vans",60,1800,2.0,50,0.242,0.02,0.758,0.2964,Moderate,7
4286,3 days 07:26:00,"[1, 1, 0, 1]",193,46.2,"94 Vans, 59 Trucks",46,1800,2.680555556,50,0.076,0.026805556,0.924,0.209922222,Moderate,7
4287,3 days 07:27:00,"[0, 0, 1, 1]",122,37.3,"79 Patrol, 72 Ambulance, 24 Trucks, 30 Ambulance",53,1800,1.694444444,50,0.254,0.016944444,0.746,0.269577778,Moderate,7
4288,3 days 07:28:00,"[0, 0, 0, 0]",80,30.4,"73 Vans, 98 Ambulance, 77 Patrol, 23 Cars",59,1800,1.111111111,50,0.392,0.011111111,0.608,0.318844444,High,7
4289,3 days 07:29:00,"[1, 1, 1, 1]",93,44.1,"62 Bikes, 38 Fire Extinguisher, 78 Cars, 22 Cars",53,1800,1.291666667,50,0.118,0.012916667,0.882,0.240766667,Moderate,7
4290,3 days 07:30:00,"[1, 1, 1, 1]",186,36.2,"42 Fire Extinguisher, 96 Patrol, 93 Ambulance, 71 Fire Extinguisher",86,1800,2.583333333,50,0.276,0.025833333,0.724,0.409533333,Very High,7
4291,3 days 07:31:00,"[0, 1, 0, 0]",98,22.4,"83 Trucks, 29 Bikes, 75 Ambulance",79,1800,1.361111111,50,0.552,0.013611111,0.448,0.431844444,Very High,7
4292,3 days 07:32:00,"[0, 1, 0, 0]",146,37.0,"84 Cars, 46 Bikes, 51 Cars",57,1800,2.027777778,50,0.26,0.020277778,0.74,0.288111111,Moderate,7
4293,3 days 07:33:00,"[1, 1, 1, 0]",75,47.2,"53 Bikes, 29 Fire Extinguisher, 11 Bikes, 27 Bikes",84,1800,1.041666667,50,0.056,0.010416667,0.944,0.351366667,High,7
4294,3 days 07:34:00,"[1, 1, 0, 1]",173,31.9,"60 Ambulance, 40 Cars",74,1800,2.402777778,50,0.362,0.024027778,0.638,0.378011111,High,7
4295,3 days 07:35:00,"[1, 0, 0, 1]",109,28.9,"39 Trucks, 80 Ambulance",88,1800,1.513888889,50,0.422,0.015138889,0.578,0.442455556,Very High,7
4296,3 days 07:36:00,"[0, 0, 0, 1]",182,24.3,"27 Bikes, 76 Vans, 25 Trucks, 52 Fire Extinguisher",73,1800,2.527777778,50,0.514,0.025277778,0.486,0.404911111,Very High,7
4297,3 days 07:37:00,"[1, 0, 1, 0]",122,24.5,"96 Fire Extinguisher, 20 Vans",50,1800,1.694444444,50,0.51,0.016944444,0.49,0.308777778,High,7
4298,3 days 07:38:00,"[0, 0, 0, 0]",120,33.0,"31 Patrol, 80 Vans",78,1800,1.666666667,50,0.34,0.016666667,0.66,0.386666667,High,7
4299,3 days 07:39:00,"[1, 0, 0, 1]",160,37.9,"26 Ambulance, 51 Vans, 46 Trucks",54,1800,2.222222222,50,0.242,0.022222222,0.758,0.273288889,Moderate,7
4300,3 days 07:40:00,"[0, 1, 1, 1]",136,22.4,"10 Trucks, 80 Patrol",32,1800,1.888888889,50,0.552,0.018888889,0.448,0.245955556,Moderate,7
4301,3 days 07:41:00,"[1, 0, 1, 1]",110,48.2,"80 Cars, 69 Trucks, 85 Cars, 53 Patrol",68,1800,1.527777778,50,0.036,0.015277778,0.964,0.285311111,Moderate,7
4302,3 days 07:42:00,"[0, 0, 1, 1]",198,42.7,"39 Cars, 10 Trucks, 51 Vans, 80 Ambulance",47,1800,2.75,50,0.146,0.0275,0.854,0.2282,Moderate,7
4303,3 days 07:43:00,"[1, 1, 0, 1]",113,37.6,"36 Bikes, 27 Vans, 44 Patrol, 65 Patrol",46,1800,1.569444444,50,0.248,0.015694444,0.752,0.239877778,Moderate,7
4304,3 days 07:44:00,"[1, 0, 0, 1]",188,44.9,"83 Patrol, 91 Vans, 51 Fire Extinguisher",56,1800,2.611111111,50,0.102,0.026111111,0.898,0.254844444,Moderate,7
4305,3 days 07:45:00,"[0, 0, 0, 0]",98,22.4,"10 Bikes, 68 Trucks, 65 Cars, 15 Patrol",83,1800,1.361111111,50,0.552,0.013611111,0.448,0.447844444,Very High,7
4306,3 days 07:46:00,"[1, 0, 1, 0]",147,34.3,"68 Patrol, 35 Fire Extinguisher, 31 Fire Extinguisher, 77 Fire Extinguisher",73,1800,2.041666667,50,0.314,0.020416667,0.686,0.362966667,High,7
4307,3 days 07:47:00,"[0, 1, 1, 0]",191,38.9,"49 Trucks, 38 Trucks",43,1800,2.652777778,50,0.222,0.026527778,0.778,0.227011111,Moderate,7
4308,3 days 07:48:00,"[1, 1, 1, 0]",171,44.9,"31 Trucks, 89 Vans",72,1800,2.375,50,0.102,0.02375,0.898,0.3179,High,7
4309,3 days 07:49:00,"[1, 1, 1, 1]",89,43.5,"10 Patrol, 62 Fire Extinguisher, 99 Vans",32,1800,1.236111111,50,0.13,0.012361111,0.87,0.158944444,Low,7
4310,3 days 07:50:00,"[0, 1, 0, 0]",139,28.3,"43 Fire Extinguisher, 35 Vans",31,1800,1.930555556,50,0.434,0.019305556,0.566,0.218522222,Moderate,7
4311,3 days 07:51:00,"[1, 0, 1, 1]",101,48.2,"36 Patrol, 46 Trucks",63,1800,1.402777778,50,0.036,0.014027778,0.964,0.264811111,Moderate,7
4312,3 days 07:52:00,"[0, 1, 1, 1]",56,23.7,"63 Patrol, 13 Trucks, 62 Trucks",89,1800,0.777777778,50,0.526,0.007777778,0.474,0.464311111,Very High,7
4313,3 days 07:53:00,"[0, 0, 0, 1]",106,46.3,"70 Fire Extinguisher, 86 Cars, 67 Patrol",74,1800,1.472222222,50,0.074,0.014722222,0.926,0.316688889,High,7
4314,3 days 07:54:00,"[0, 0, 1, 0]",90,49.1,"73 Bikes, 51 Bikes",53,1800,1.25,50,0.018,0.0125,0.982,0.2206,Moderate,7
4315,3 days 07:55:00,"[0, 0, 0, 1]",150,25.3,"58 Cars, 78 Fire Extinguisher, 22 Bikes, 60 Patrol",80,1800,2.083333333,50,0.494,0.020833333,0.506,0.427133333,Very High,7
4316,3 days 07:56:00,"[1, 0, 0, 0]",119,41.7,"87 Patrol, 38 Cars",63,1800,1.652777778,50,0.166,0.016527778,0.834,0.291811111,Moderate,7
4317,3 days 07:57:00,"[1, 1, 0, 1]",89,21.2,"23 Trucks, 87 Patrol, 42 Cars, 32 Cars",69,1800,1.236111111,50,0.576,0.012361111,0.424,0.396144444,High,7
4318,3 days 07:58:00,"[1, 0, 1, 0]",162,32.2,"34 Patrol, 49 Vans, 51 Fire Extinguisher",71,1800,2.25,50,0.356,0.0225,0.644,0.3642,High,7
4319,3 days 07:59:00,"[0, 1, 1, 0]",177,35.5,"43 Fire Extinguisher, 91 Patrol, 51 Cars, 79 Cars",74,1800,2.458333333,50,0.29,0.024583333,0.71,0.363833333,High,7
4320,3 days 08:00:00,"[0, 0, 1, 0]",161,37.4,"38 Ambulance, 57 Cars",53,1800,2.236111111,50,0.252,0.022361111,0.748,0.271344444,Moderate,8
4321,3 days 08:01:00,"[1, 1, 0, 1]",88,48.1,"10 Bikes, 71 Trucks, 74 Patrol, 46 Vans",74,1800,1.222222222,50,0.038,0.012222222,0.962,0.308488889,High,8
4322,3 days 08:02:00,"[0, 0, 0, 1]",63,40.2,"26 Bikes, 51 Vans, 60 Cars, 81 Vans",56,1800,0.875,50,0.196,0.00875,0.804,0.2667,Moderate,8
4323,3 days 08:03:00,"[1, 0, 0, 0]",161,34.4,"99 Vans, 30 Patrol, 90 Ambulance",64,1800,2.236111111,50,0.312,0.022361111,0.688,0.327344444,High,8
4324,3 days 08:04:00,"[0, 1, 0, 0]",200,44.3,"26 Vans, 20 Vans, 63 Trucks, 97 Trucks",76,1800,2.777777778,50,0.114,0.027777778,0.886,0.337911111,High,8
4325,3 days 08:05:00,"[0, 0, 1, 0]",95,48.5,"84 Trucks, 77 Bikes, 36 Patrol, 24 Trucks",64,1800,1.319444444,50,0.03,0.013194444,0.97,0.267277778,Moderate,8
4326,3 days 08:06:00,"[1, 1, 1, 0]",113,20.7,"34 Fire Extinguisher, 44 Ambulance, 100 Patrol",60,1800,1.569444444,50,0.586,0.015694444,0.414,0.363477778,High,8
4327,3 days 08:07:00,"[1, 0, 0, 1]",154,49.5,"24 Trucks, 84 Fire Extinguisher, 63 Ambulance, 87 Cars",65,1800,2.138888889,50,0.01,0.021388889,0.99,0.270555556,Moderate,8
4328,3 days 08:08:00,"[1, 0, 1, 0]",127,22.6,"53 Bikes, 42 Bikes, 56 Ambulance, 39 Patrol",36,1800,1.763888889,50,0.548,0.017638889,0.452,0.260655556,Moderate,8
4329,3 days 08:09:00,"[0, 1, 0, 1]",198,44.4,"71 Vans, 43 Vans, 74 Vans, 50 Ambulance",49,1800,2.75,50,0.112,0.0275,0.888,0.2294,Moderate,8
4330,3 days 08:10:00,"[0, 1, 1, 0]",146,28.4,"59 Patrol, 99 Fire Extinguisher, 45 Ambulance",63,1800,2.027777778,50,0.432,0.020277778,0.568,0.346511111,High,8
4331,3 days 08:11:00,"[1, 1, 1, 1]",57,24.0,"63 Cars, 81 Ambulance, 89 Ambulance, 85 Bikes",46,1800,0.791666667,50,0.52,0.007916667,0.48,0.291166667,Moderate,8
4332,3 days 08:12:00,"[1, 0, 1, 0]",136,33.2,"13 Cars, 27 Fire Extinguisher, 74 Fire Extinguisher, 22 Fire Extinguisher",80,1800,1.888888889,50,0.336,0.018888889,0.664,0.394755556,High,8
4333,3 days 08:13:00,"[0, 1, 0, 1]",95,39.3,"15 Cars, 75 Bikes",62,1800,1.319444444,50,0.214,0.013194444,0.786,0.296077778,Moderate,8
4334,3 days 08:14:00,"[1, 1, 1, 1]",151,31.4,"66 Ambulance, 52 Trucks",35,1800,2.097222222,50,0.372,0.020972222,0.628,0.222788889,Moderate,8
4335,3 days 08:15:00,"[0, 0, 0, 0]",136,21.6,"84 Fire Extinguisher, 60 Fire Extinguisher, 20 Ambulance",49,1800,1.888888889,50,0.568,0.018888889,0.432,0.317155556,High,8
4336,3 days 08:16:00,"[0, 1, 1, 1]",180,38.0,"75 Trucks, 14 Bikes, 23 Ambulance, 70 Fire Extinguisher",66,1800,2.5,50,0.24,0.025,0.76,0.322,High,8
4337,3 days 08:17:00,"[0, 1, 1, 1]",87,47.1,"36 Vans, 36 Vans, 60 Trucks, 23 Fire Extinguisher",81,1800,1.208333333,50,0.058,0.012083333,0.942,0.340433333,High,8
4338,3 days 08:18:00,"[0, 0, 0, 1]",171,31.5,"30 Fire Extinguisher, 69 Trucks, 58 Trucks",78,1800,2.375,50,0.37,0.02375,0.63,0.3955,High,8
4339,3 days 08:19:00,"[1, 0, 1, 1]",89,26.5,"24 Vans, 92 Trucks, 37 Cars, 88 Cars",46,1800,1.236111111,50,0.47,0.012361111,0.53,0.282944444,Moderate,8
4340,3 days 08:20:00,"[1, 0, 0, 0]",170,33.3,"53 Bikes, 47 Patrol, 75 Ambulance, 54 Trucks",37,1800,2.361111111,50,0.334,0.023611111,0.666,0.224244444,Moderate,8
4341,3 days 08:21:00,"[0, 1, 1, 1]",196,21.5,"33 Ambulance, 68 Vans",35,1800,2.722222222,50,0.57,0.027222222,0.43,0.264888889,Moderate,8
4342,3 days 08:22:00,"[1, 1, 1, 0]",65,44.6,"69 Ambulance, 88 Patrol",63,1800,0.902777778,50,0.108,0.009027778,0.892,0.277211111,Moderate,8
4343,3 days 08:23:00,"[1, 1, 0, 0]",149,44.8,"36 Bikes, 70 Vans, 70 Fire Extinguisher, 20 Cars",81,1800,2.069444444,50,0.104,0.020694444,0.896,0.353077778,High,8
4344,3 days 08:24:00,"[1, 0, 1, 1]",137,37.6,"20 Trucks, 72 Ambulance, 99 Patrol, 45 Bikes",33,1800,1.902777778,50,0.248,0.019027778,0.752,0.189211111,Low,8
4345,3 days 08:25:00,"[0, 1, 0, 0]",186,30.6,"56 Vans, 70 Bikes, 16 Fire Extinguisher, 47 Trucks",46,1800,2.583333333,50,0.388,0.025833333,0.612,0.271933333,Moderate,8
4346,3 days 08:26:00,"[0, 1, 1, 0]",170,44.0,"94 Ambulance, 78 Cars, 100 Vans, 41 Bikes",36,1800,2.361111111,50,0.12,0.023611111,0.88,0.177444444,Low,8
4347,3 days 08:27:00,"[0, 0, 0, 1]",111,36.6,"80 Cars, 29 Cars, 61 Trucks",48,1800,1.541666667,50,0.268,0.015416667,0.732,0.251766667,Moderate,8
4348,3 days 08:28:00,"[1, 0, 0, 1]",66,44.8,"88 Cars, 79 Trucks, 89 Cars",63,1800,0.916666667,50,0.104,0.009166667,0.896,0.276466667,Moderate,8
4349,3 days 08:29:00,"[0, 1, 1, 0]",155,38.9,"32 Trucks, 87 Vans, 10 Vans",47,1800,2.152777778,50,0.222,0.021527778,0.778,0.241011111,Moderate,8
4350,3 days 08:30:00,"[1, 0, 0, 0]",169,43.5,"69 Bikes, 29 Ambulance, 69 Cars, 26 Ambulance",64,1800,2.347222222,50,0.13,0.023472222,0.87,0.291388889,Moderate,8
4351,3 days 08:31:00,"[0, 0, 1, 1]",115,38.0,"85 Bikes, 33 Cars, 69 Patrol",65,1800,1.597222222,50,0.24,0.015972222,0.76,0.314388889,High,8
4352,3 days 08:32:00,"[0, 0, 0, 0]",200,32.4,"79 Patrol, 58 Vans, 77 Ambulance, 22 Ambulance",72,1800,2.777777778,50,0.352,0.027777778,0.648,0.369511111,High,8
4353,3 days 08:33:00,"[0, 0, 1, 1]",199,48.7,"45 Trucks, 37 Cars, 85 Bikes",64,1800,2.763888889,50,0.026,0.027638889,0.974,0.272255556,Moderate,8
