Timestamp,Vehicle Count,Avg Speed (km/h),Vehicle Density (%),Saturation Flow Rate(veh/hr/lane),Volume to  Saturation Lane Traffic ratio(%),FreeFlowSpeed (km/h),TSR,VLSR,Speed Factor,CI,Congestion Level,Hour,Previous_Traffic
8:00:00,97,31.2,40,1800,1.347222222,50,0.376,0.013472222,0.624,0.240588889,Moderate,8,97.0
8:01:00,126,48.5,57,1800,1.75,50,0.03,0.0175,0.97,0.241,Moderate,8,97.0
8:02:00,61,42.0,82,1800,0.847222222,50,0.16,0.008472222,0.84,0.363388889,High,8,126.0
8:03:00,170,38.0,75,1800,2.361111111,50,0.24,0.023611111,0.76,0.357444444,High,8,61.0
8:04:00,180,24.7,90,1800,2.5,50,0.506,0.025,0.494,0.4712,Very High,8,170.0
8:05:00,159,24.7,30,1800,2.208333333,50,0.506,0.022083333,0.494,0.230033333,Moderate,8,180.0
8:06:00,175,21.7,89,1800,2.430555556,50,0.566,0.024305556,0.434,0.478922222,Very High,8,159.0
8:07:00,145,46.0,73,1800,2.013888889,50,0.08,0.020138889,0.92,0.316055556,High,8,175.0
8:08:00,79,38.0,43,1800,1.097222222,50,0.24,0.010972222,0.76,0.224388889,Moderate,8,145.0
8:09:00,93,41.2,59,1800,1.291666667,50,0.176,0.012916667,0.824,0.276366667,Moderate,8,79.0
8:10:00,145,20.6,43,1800,2.013888889,50,0.588,0.020138889,0.412,0.297655556,Moderate,8,93.0
8:11:00,163,49.1,31,1800,2.263888889,50,0.018,0.022638889,0.982,0.136655556,Low,8,145.0
8:12:00,62,45.0,47,1800,0.861111111,50,0.1,0.008611111,0.9,0.211444444,Moderate,8,163.0
8:13:00,169,26.4,59,1800,2.347222222,50,0.472,0.023472222,0.528,0.339788889,High,8,62.0
8:14:00,118,25.5,71,1800,1.638888889,50,0.49,0.016388889,0.51,0.388555556,High,8,169.0
8:15:00,51,25.5,45,1800,0.708333333,50,0.49,0.007083333,0.51,0.280833333,Moderate,8,118.0
8:16:00,80,29.1,33,1800,1.111111111,50,0.418,0.011111111,0.582,0.220044444,Moderate,8,51.0
8:17:00,72,35.7,67,1800,1.0,50,0.286,0.01,0.714,0.3292,High,8,80.0
8:18:00,122,33.0,65,1800,1.694444444,50,0.34,0.016944444,0.66,0.334777778,High,8,72.0
8:19:00,120,28.7,43,1800,1.666666667,50,0.426,0.016666667,0.574,0.263866667,Moderate,8,122.0
8:20:00,134,38.4,41,1800,1.861111111,50,0.232,0.018611111,0.768,0.217844444,Moderate,8,120.0
8:21:00,110,24.2,41,1800,1.527777778,50,0.516,0.015277778,0.484,0.273311111,Moderate,8,134.0
8:22:00,120,28.8,63,1800,1.666666667,50,0.424,0.016666667,0.576,0.343466667,High,8,110.0
8:23:00,200,31.0,57,1800,2.777777778,50,0.38,0.027777778,0.62,0.315111111,High,8,120.0
8:24:00,190,33.7,46,1800,2.638888889,50,0.326,0.026388889,0.674,0.259755556,Moderate,8,200.0
8:25:00,197,43.6,68,1800,2.736111111,50,0.128,0.027361111,0.872,0.308544444,High,8,190.0
8:26:00,173,26.0,33,1800,2.402777778,50,0.48,0.024027778,0.52,0.237611111,Moderate,8,197.0
8:27:00,180,35.4,36,1800,2.5,50,0.292,0.025,0.708,0.2124,Moderate,8,173.0
8:28:00,100,37.8,72,1800,1.388888889,50,0.244,0.013888889,0.756,0.342355556,High,8,180.0
8:29:00,178,21.4,56,1800,2.472222222,50,0.572,0.024722222,0.428,0.348288889,High,8,100.0
8:30:00,122,38.2,43,1800,1.694444444,50,0.236,0.016944444,0.764,0.225977778,Moderate,8,178.0
8:31:00,186,25.1,45,1800,2.583333333,50,0.498,0.025833333,0.502,0.289933333,Moderate,8,122.0
8:32:00,169,22.0,30,1800,2.347222222,50,0.56,0.023472222,0.44,0.241388889,Moderate,8,186.0
8:33:00,56,48.5,63,1800,0.777777778,50,0.03,0.007777778,0.97,0.261111111,Moderate,8,169.0
8:34:00,127,49.0,42,1800,1.763888889,50,0.02,0.017638889,0.98,0.179055556,Low,8,56.0
8:35:00,199,44.3,55,1800,2.763888889,50,0.114,0.027638889,0.886,0.253855556,Moderate,8,127.0
8:36:00,99,29.1,72,1800,1.375,50,0.418,0.01375,0.582,0.3771,High,8,199.0
8:37:00,162,22.9,78,1800,2.25,50,0.542,0.0225,0.458,0.4294,Very High,8,99.0
8:38:00,100,40.5,84,1800,1.388888889,50,0.19,0.013888889,0.81,0.379555556,High,8,162.0
8:39:00,88,33.2,76,1800,1.222222222,50,0.336,0.012222222,0.664,0.376088889,High,8,100.0
8:40:00,94,23.7,33,1800,1.305555556,50,0.526,0.013055556,0.474,0.242422222,Moderate,8,88.0
8:41:00,95,34.9,58,1800,1.319444444,50,0.302,0.013194444,0.698,0.297677778,Moderate,8,94.0
8:42:00,144,21.0,77,1800,2.0,50,0.58,0.02,0.42,0.432,Very High,8,95.0
8:43:00,144,47.3,42,1800,2.0,50,0.054,0.02,0.946,0.1868,Low,8,144.0
8:44:00,54,27.8,80,1800,0.75,50,0.444,0.0075,0.556,0.4118,Very High,8,144.0
8:45:00,194,39.9,32,1800,2.694444444,50,0.202,0.026944444,0.798,0.179177778,Low,8,54.0
8:46:00,111,29.4,50,1800,1.541666667,50,0.412,0.015416667,0.588,0.288566667,Moderate,8,194.0
8:47:00,158,35.6,90,1800,2.194444444,50,0.288,0.021944444,0.712,0.426377778,Very High,8,111.0
8:48:00,136,36.4,42,1800,1.888888889,50,0.272,0.018888889,0.728,0.229955556,Moderate,8,158.0
8:49:00,155,25.5,36,1800,2.152777778,50,0.49,0.021527778,0.51,0.250611111,Moderate,8,136.0
8:50:00,178,49.1,42,1800,2.472222222,50,0.018,0.024722222,0.982,0.181488889,Low,8,155.0
8:51:00,150,43.3,68,1800,2.083333333,50,0.134,0.020833333,0.866,0.307133333,High,8,178.0
8:52:00,85,48.2,46,1800,1.180555556,50,0.036,0.011805556,0.964,0.195922222,Low,8,150.0
8:53:00,132,46.8,56,1800,1.833333333,50,0.064,0.018333333,0.936,0.244133333,Moderate,8,85.0
8:54:00,179,37.9,67,1800,2.486111111,50,0.242,0.024861111,0.758,0.326344444,High,8,132.0
8:55:00,58,47.7,68,1800,0.805555556,50,0.046,0.008055556,0.954,0.284422222,Moderate,8,179.0
8:56:00,192,22.7,71,1800,2.666666667,50,0.546,0.026666667,0.454,0.403866667,Very High,8,58.0
8:57:00,138,25.9,64,1800,1.916666667,50,0.482,0.019166667,0.518,0.360066667,High,8,192.0
8:58:00,103,21.4,68,1800,1.430555556,50,0.572,0.014305556,0.428,0.392122222,High,8,138.0
8:59:00,199,29.8,72,1800,2.763888889,50,0.404,0.027638889,0.596,0.379855556,High,8,103.0
9:00:00,106,31.7,47,1800,1.472222222,50,0.366,0.014722222,0.634,0.267088889,Moderate,9,199.0
9:01:00,77,28.1,82,1800,1.069444444,50,0.438,0.010694444,0.562,0.419877778,Very High,9,106.0
9:02:00,101,44.9,35,1800,1.402777778,50,0.102,0.014027778,0.898,0.166011111,Low,9,77.0
9:03:00,178,30.7,56,1800,2.472222222,50,0.386,0.024722222,0.614,0.311088889,High,9,101.0
9:04:00,116,28.4,90,1800,1.611111111,50,0.432,0.016111111,0.568,0.452844444,Very High,9,178.0
9:05:00,192,36.3,54,1800,2.666666667,50,0.274,0.026666667,0.726,0.281466667,Moderate,9,116.0
9:06:00,52,24.2,52,1800,0.722222222,50,0.516,0.007222222,0.484,0.314088889,High,9,192.0
9:07:00,78,44.1,69,1800,1.083333333,50,0.118,0.010833333,0.882,0.303933333,High,9,52.0
9:08:00,77,22.2,56,1800,1.069444444,50,0.556,0.010694444,0.444,0.339477778,High,9,78.0
9:09:00,180,49.6,37,1800,2.5,50,0.008,0.025,0.992,0.1596,Low,9,77.0
9:10:00,154,43.2,45,1800,2.138888889,50,0.136,0.021388889,0.864,0.215755556,Moderate,9,180.0
9:11:00,64,26.0,32,1800,0.888888889,50,0.48,0.008888889,0.52,0.227555556,Moderate,9,154.0
9:12:00,65,20.2,77,1800,0.902777778,50,0.596,0.009027778,0.404,0.430811111,Very High,9,64.0
9:13:00,102,44.5,54,1800,1.416666667,50,0.11,0.014166667,0.89,0.243666667,Moderate,9,65.0
9:14:00,84,41.2,65,1800,1.166666667,50,0.176,0.011666667,0.824,0.299866667,Moderate,9,102.0
9:15:00,179,41.9,83,1800,2.486111111,50,0.162,0.024861111,0.838,0.374344444,High,9,84.0
9:16:00,125,43.1,74,1800,1.736111111,50,0.138,0.017361111,0.862,0.330544444,High,9,179.0
9:17:00,92,22.2,41,1800,1.277777778,50,0.556,0.012777778,0.444,0.280311111,Moderate,9,125.0
9:18:00,143,30.8,63,1800,1.986111111,50,0.384,0.019861111,0.616,0.336744444,High,9,92.0
9:19:00,189,23.5,60,1800,2.625,50,0.53,0.02625,0.47,0.3565,High,9,143.0
9:20:00,131,45.9,75,1800,1.819444444,50,0.082,0.018194444,0.918,0.323677778,High,9,189.0
9:21:00,173,38.7,49,1800,2.402777778,50,0.226,0.024027778,0.774,0.250811111,Moderate,9,131.0
9:22:00,73,29.9,32,1800,1.013888889,50,0.402,0.010138889,0.598,0.212455556,Moderate,9,173.0
9:23:00,160,21.9,43,1800,2.222222222,50,0.562,0.022222222,0.438,0.293288889,Moderate,9,73.0
9:24:00,151,29.3,55,1800,2.097222222,50,0.414,0.020972222,0.586,0.311188889,High,9,160.0
9:25:00,185,29.8,41,1800,2.569444444,50,0.404,0.025694444,0.596,0.255077778,Moderate,9,151.0
9:26:00,86,41.9,50,1800,1.194444444,50,0.162,0.011944444,0.838,0.237177778,Moderate,9,185.0
9:27:00,166,39.1,56,1800,2.305555556,50,0.218,0.023055556,0.782,0.276822222,Moderate,9,86.0
9:28:00,145,46.6,38,1800,2.013888889,50,0.068,0.020138889,0.932,0.173655556,Low,9,166.0
9:29:00,91,34.2,41,1800,1.263888889,50,0.316,0.012638889,0.684,0.232255556,Moderate,9,145.0
9:30:00,84,23.6,85,1800,1.166666667,50,0.528,0.011666667,0.472,0.450266667,Very High,9,91.0
9:31:00,70,41.4,87,1800,0.972222222,50,0.172,0.009722222,0.828,0.386288889,High,9,84.0
9:32:00,108,42.8,48,1800,1.5,50,0.144,0.015,0.856,0.2268,Moderate,9,70.0
9:33:00,60,36.8,47,1800,0.833333333,50,0.264,0.008333333,0.736,0.244133333,Moderate,9,108.0
9:34:00,198,43.1,70,1800,2.75,50,0.138,0.0275,0.862,0.3186,High,9,60.0
9:35:00,122,34.8,66,1800,1.694444444,50,0.304,0.016944444,0.696,0.331577778,High,9,198.0
9:36:00,197,35.7,69,1800,2.736111111,50,0.286,0.027361111,0.714,0.344144444,High,9,122.0
9:37:00,113,32.8,90,1800,1.569444444,50,0.344,0.015694444,0.656,0.435077778,Very High,9,197.0
9:38:00,117,20.8,46,1800,1.625,50,0.584,0.01625,0.416,0.3073,High,9,113.0
9:39:00,83,23.2,37,1800,1.152777778,50,0.536,0.011527778,0.464,0.259811111,Moderate,9,117.0
9:40:00,64,20.9,66,1800,0.888888889,50,0.582,0.008888889,0.418,0.383955556,High,9,83.0
9:41:00,147,39.1,63,1800,2.041666667,50,0.218,0.020416667,0.782,0.303766667,High,9,64.0
9:42:00,158,29.4,73,1800,2.194444444,50,0.412,0.021944444,0.588,0.383177778,High,9,147.0
9:43:00,155,35.3,80,1800,2.152777778,50,0.294,0.021527778,0.706,0.387411111,High,9,158.0
9:44:00,191,47.2,61,1800,2.652777778,50,0.056,0.026527778,0.944,0.265811111,Moderate,9,155.0
9:45:00,127,27.5,84,1800,1.763888889,50,0.45,0.017638889,0.55,0.433055556,Very High,9,191.0
9:46:00,188,32.3,81,1800,2.611111111,50,0.354,0.026111111,0.646,0.405244444,Very High,9,127.0
9:47:00,54,42.7,66,1800,0.75,50,0.146,0.0075,0.854,0.2962,Moderate,9,188.0
9:48:00,178,26.9,34,1800,2.472222222,50,0.462,0.024722222,0.538,0.238288889,Moderate,9,54.0
9:49:00,78,22.3,71,1800,1.083333333,50,0.554,0.010833333,0.446,0.399133333,High,9,178.0
9:50:00,174,28.7,47,1800,2.416666667,50,0.426,0.024166667,0.574,0.282866667,Moderate,9,78.0
9:51:00,186,24.8,36,1800,2.583333333,50,0.504,0.025833333,0.496,0.255133333,Moderate,9,174.0
9:52:00,149,47.9,60,1800,2.069444444,50,0.042,0.020694444,0.958,0.256677778,Moderate,9,186.0
9:53:00,127,44.2,57,1800,1.763888889,50,0.116,0.017638889,0.884,0.258255556,Moderate,9,149.0
9:54:00,158,39.0,88,1800,2.194444444,50,0.22,0.021944444,0.78,0.404777778,Very High,9,127.0
9:55:00,135,46.1,85,1800,1.875,50,0.078,0.01875,0.922,0.3631,High,9,158.0
9:56:00,120,44.1,39,1800,1.666666667,50,0.118,0.016666667,0.882,0.186266667,Low,9,135.0
9:57:00,174,25.6,80,1800,2.416666667,50,0.488,0.024166667,0.512,0.427266667,Very High,9,120.0
9:58:00,159,46.8,81,1800,2.208333333,50,0.064,0.022083333,0.936,0.345633333,High,9,174.0
9:59:00,148,36.2,30,1800,2.055555556,50,0.276,0.020555556,0.724,0.183422222,Low,9,159.0
10:00:00,106,44.2,77,1800,1.472222222,50,0.116,0.014722222,0.884,0.337088889,High,10,148.0
10:01:00,120,46.9,40,1800,1.666666667,50,0.062,0.016666667,0.938,0.179066667,Low,10,106.0
10:02:00,80,29.5,52,1800,1.111111111,50,0.41,0.011111111,0.59,0.294444444,Moderate,10,120.0
10:03:00,108,23.3,84,1800,1.5,50,0.534,0.015,0.466,0.4488,Very High,10,80.0
10:04:00,74,26.8,40,1800,1.027777778,50,0.464,0.010277778,0.536,0.256911111,Moderate,10,108.0
10:05:00,172,32.8,32,1800,2.388888889,50,0.344,0.023888889,0.656,0.206355556,Moderate,10,74.0
10:06:00,103,44.5,85,1800,1.430555556,50,0.11,0.014305556,0.89,0.367722222,High,10,172.0
10:07:00,82,45.8,72,1800,1.138888889,50,0.084,0.011388889,0.916,0.309355556,High,10,103.0
10:08:00,86,20.2,35,1800,1.194444444,50,0.596,0.011944444,0.404,0.263977778,Moderate,10,82.0
10:09:00,129,35.3,75,1800,1.791666667,50,0.294,0.017916667,0.706,0.365966667,High,10,86.0
10:10:00,81,32.5,78,1800,1.125,50,0.35,0.01125,0.65,0.3865,High,10,129.0
10:11:00,192,26.7,46,1800,2.666666667,50,0.466,0.026666667,0.534,0.287866667,Moderate,10,81.0
10:12:00,106,23.6,67,1800,1.472222222,50,0.528,0.014722222,0.472,0.379488889,High,10,192.0
10:13:00,174,30.1,68,1800,2.416666667,50,0.398,0.024166667,0.602,0.361266667,High,10,106.0
10:14:00,70,48.3,81,1800,0.972222222,50,0.034,0.009722222,0.966,0.334688889,High,10,174.0
10:15:00,167,29.7,89,1800,2.319444444,50,0.406,0.023194444,0.594,0.446477778,Very High,10,70.0
10:16:00,177,35.6,50,1800,2.458333333,50,0.288,0.024583333,0.712,0.267433333,Moderate,10,167.0
10:17:00,165,41.1,89,1800,2.291666667,50,0.178,0.022916667,0.822,0.400766667,Very High,10,177.0
10:18:00,119,30.9,64,1800,1.652777778,50,0.382,0.016527778,0.618,0.339011111,High,10,165.0
10:19:00,132,49.2,83,1800,1.833333333,50,0.016,0.018333333,0.984,0.342533333,High,10,119.0
10:20:00,66,48.9,41,1800,0.916666667,50,0.022,0.009166667,0.978,0.172066667,Low,10,132.0
10:21:00,131,27.6,76,1800,1.819444444,50,0.448,0.018194444,0.552,0.400877778,Very High,10,66.0
10:22:00,174,34.9,81,1800,2.416666667,50,0.302,0.024166667,0.698,0.394066667,High,10,131.0
10:23:00,93,29.0,48,1800,1.291666667,50,0.42,0.012916667,0.58,0.281166667,Moderate,10,174.0
10:24:00,51,28.5,80,1800,0.708333333,50,0.43,0.007083333,0.57,0.408833333,Very High,10,93.0
10:25:00,58,21.1,83,1800,0.805555556,50,0.578,0.008055556,0.422,0.450822222,Very High,10,51.0
10:26:00,139,38.3,60,1800,1.930555556,50,0.234,0.019305556,0.766,0.294522222,Moderate,10,58.0
10:27:00,144,35.1,56,1800,2.0,50,0.298,0.02,0.702,0.2916,Moderate,10,139.0
10:28:00,164,21.5,80,1800,2.277777778,50,0.57,0.022777778,0.43,0.443111111,Very High,10,144.0
10:29:00,199,28.4,59,1800,2.763888889,50,0.432,0.027638889,0.568,0.333455556,High,10,164.0
10:30:00,80,47.2,79,1800,1.111111111,50,0.056,0.011111111,0.944,0.331644444,High,10,199.0
10:31:00,157,27.2,69,1800,2.180555556,50,0.456,0.021805556,0.544,0.375922222,High,10,80.0
10:32:00,136,24.3,49,1800,1.888888889,50,0.514,0.018888889,0.486,0.306355556,High,10,157.0
10:33:00,187,34.7,58,1800,2.597222222,50,0.306,0.025972222,0.694,0.303588889,High,10,136.0
10:34:00,111,49.6,51,1800,1.541666667,50,0.008,0.015416667,0.992,0.211766667,Moderate,10,187.0
10:35:00,139,27.3,89,1800,1.930555556,50,0.454,0.019305556,0.546,0.454522222,Very High,10,111.0
10:36:00,121,40.2,78,1800,1.680555556,50,0.196,0.016805556,0.804,0.357922222,High,10,139.0
10:37:00,78,42.8,64,1800,1.083333333,50,0.144,0.010833333,0.856,0.289133333,Moderate,10,121.0
10:38:00,150,27.1,33,1800,2.083333333,50,0.458,0.020833333,0.542,0.231933333,Moderate,10,78.0
10:39:00,119,41.8,61,1800,1.652777778,50,0.164,0.016527778,0.836,0.283411111,Moderate,10,150.0
10:40:00,182,31.0,86,1800,2.527777778,50,0.38,0.025277778,0.62,0.430111111,Very High,10,119.0
10:41:00,110,39.0,72,1800,1.527777778,50,0.22,0.015277778,0.78,0.338111111,High,10,182.0
10:42:00,117,39.0,88,1800,1.625,50,0.22,0.01625,0.78,0.4025,Very High,10,110.0
10:43:00,76,36.1,55,1800,1.055555556,50,0.278,0.010555556,0.722,0.279822222,Moderate,10,117.0
10:44:00,108,22.7,55,1800,1.5,50,0.546,0.015,0.454,0.3352,High,10,76.0
10:45:00,105,45.1,84,1800,1.458333333,50,0.098,0.014583333,0.902,0.361433333,High,10,108.0
10:46:00,173,29.6,55,1800,2.402777778,50,0.408,0.024027778,0.592,0.311211111,High,10,105.0
10:47:00,66,25.6,45,1800,0.916666667,50,0.488,0.009166667,0.512,0.281266667,Moderate,10,173.0
10:48:00,160,21.2,53,1800,2.222222222,50,0.576,0.022222222,0.424,0.336088889,High,10,66.0
10:49:00,145,37.7,70,1800,2.013888889,50,0.246,0.020138889,0.754,0.337255556,High,10,160.0
10:50:00,63,40.3,41,1800,0.875,50,0.194,0.00875,0.806,0.2063,Moderate,10,145.0
10:51:00,56,20.5,59,1800,0.777777778,50,0.59,0.007777778,0.41,0.357111111,High,10,63.0
10:52:00,74,35.4,84,1800,1.027777778,50,0.292,0.010277778,0.708,0.398511111,High,10,56.0
10:53:00,155,26.8,86,1800,2.152777778,50,0.464,0.021527778,0.536,0.445411111,Very High,10,74.0
10:54:00,146,39.4,50,1800,2.027777778,50,0.212,0.020277778,0.788,0.250511111,Moderate,10,155.0
10:55:00,136,25.2,40,1800,1.888888889,50,0.496,0.018888889,0.504,0.266755556,Moderate,10,146.0
10:56:00,131,40.7,65,1800,1.819444444,50,0.186,0.018194444,0.814,0.304477778,High,10,136.0
10:57:00,64,31.6,30,1800,0.888888889,50,0.368,0.008888889,0.632,0.197155556,Low,10,131.0
10:58:00,66,48.1,73,1800,0.916666667,50,0.038,0.009166667,0.962,0.303266667,High,10,64.0
10:59:00,95,24.1,90,1800,1.319444444,50,0.518,0.013194444,0.482,0.468877778,Very High,10,66.0
11:00:00,179,30.2,67,1800,2.486111111,50,0.396,0.024861111,0.604,0.357144444,High,11,95.0
11:01:00,160,23.4,53,1800,2.222222222,50,0.532,0.022222222,0.468,0.327288889,High,11,179.0
11:02:00,133,47.7,75,1800,1.847222222,50,0.046,0.018472222,0.954,0.316588889,High,11,160.0
11:03:00,83,46.3,58,1800,1.152777778,50,0.074,0.011527778,0.926,0.251411111,Moderate,11,133.0
11:04:00,101,27.7,36,1800,1.402777778,50,0.446,0.014027778,0.554,0.238811111,Moderate,11,83.0
11:05:00,127,39.8,48,1800,1.763888889,50,0.204,0.017638889,0.796,0.239855556,Moderate,11,101.0
11:06:00,59,44.5,37,1800,0.819444444,50,0.11,0.008194444,0.89,0.173277778,Low,11,127.0
11:07:00,109,36.7,66,1800,1.513888889,50,0.266,0.015138889,0.734,0.323255556,High,11,59.0
11:08:00,189,35.9,80,1800,2.625,50,0.282,0.02625,0.718,0.3869,High,11,109.0
11:09:00,150,27.3,40,1800,2.083333333,50,0.454,0.020833333,0.546,0.259133333,Moderate,11,189.0
11:10:00,72,22.8,35,1800,1.0,50,0.544,0.01,0.456,0.2528,Moderate,11,150.0
11:11:00,196,46.9,30,1800,2.722222222,50,0.062,0.027222222,0.938,0.143288889,Low,11,72.0
11:12:00,170,47.0,36,1800,2.361111111,50,0.06,0.023611111,0.94,0.165444444,Low,11,196.0
11:13:00,166,39.0,61,1800,2.305555556,50,0.22,0.023055556,0.78,0.297222222,Moderate,11,170.0
11:14:00,174,30.2,53,1800,2.416666667,50,0.396,0.024166667,0.604,0.300866667,High,11,166.0
11:15:00,120,30.5,84,1800,1.666666667,50,0.39,0.016666667,0.61,0.420666667,Very High,11,174.0
11:16:00,122,41.8,38,1800,1.694444444,50,0.164,0.016944444,0.836,0.191577778,Low,11,120.0
11:17:00,67,46.9,32,1800,0.930555556,50,0.062,0.009305556,0.938,0.144122222,Low,11,122.0
11:18:00,148,46.6,87,1800,2.055555556,50,0.068,0.020555556,0.932,0.369822222,High,11,67.0
11:19:00,64,43.4,54,1800,0.888888889,50,0.132,0.008888889,0.868,0.245955556,Moderate,11,148.0
11:20:00,65,39.3,74,1800,0.902777778,50,0.214,0.009027778,0.786,0.342411111,High,11,64.0
11:21:00,130,22.5,48,1800,1.805555556,50,0.55,0.018055556,0.45,0.309222222,High,11,65.0
11:22:00,113,24.8,83,1800,1.569444444,50,0.504,0.015694444,0.496,0.439077778,Very High,11,130.0
11:23:00,57,47.0,55,1800,0.791666667,50,0.06,0.007916667,0.94,0.235166667,Moderate,11,113.0
11:24:00,195,38.2,54,1800,2.708333333,50,0.236,0.027083333,0.764,0.274033333,Moderate,11,57.0
11:25:00,112,20.3,47,1800,1.555555556,50,0.594,0.015555556,0.406,0.313022222,High,11,195.0
11:26:00,62,23.0,89,1800,0.861111111,50,0.54,0.008611111,0.46,0.467444444,Very High,11,112.0
11:27:00,140,39.9,68,1800,1.944444444,50,0.202,0.019444444,0.798,0.320177778,High,11,62.0
11:28:00,54,20.2,75,1800,0.75,50,0.596,0.0075,0.404,0.4222,Very High,11,140.0
11:29:00,151,24.8,41,1800,2.097222222,50,0.504,0.020972222,0.496,0.273188889,Moderate,11,54.0
11:30:00,197,36.5,40,1800,2.736111111,50,0.27,0.027361111,0.73,0.224944444,Moderate,11,151.0
11:31:00,142,40.8,74,1800,1.972222222,50,0.184,0.019722222,0.816,0.340688889,High,11,197.0
11:32:00,108,39.6,79,1800,1.5,50,0.208,0.015,0.792,0.3636,High,11,142.0
11:33:00,150,26.7,36,1800,2.083333333,50,0.466,0.020833333,0.534,0.245533333,Moderate,11,108.0
11:34:00,153,41.4,40,1800,2.125,50,0.172,0.02125,0.828,0.2029,Moderate,11,150.0
11:35:00,125,27.1,90,1800,1.736111111,50,0.458,0.017361111,0.542,0.458544444,Very High,11,153.0
11:36:00,52,29.8,74,1800,0.722222222,50,0.404,0.007222222,0.596,0.379688889,High,11,125.0
11:37:00,97,42.4,74,1800,1.347222222,50,0.152,0.013472222,0.848,0.331788889,High,11,52.0
11:38:00,113,39.5,60,1800,1.569444444,50,0.21,0.015694444,0.79,0.288277778,Moderate,11,97.0
11:39:00,198,45.5,55,1800,2.75,50,0.09,0.0275,0.91,0.249,Moderate,11,113.0
11:40:00,109,39.7,33,1800,1.513888889,50,0.206,0.015138889,0.794,0.179255556,Low,11,198.0
11:41:00,130,37.0,49,1800,1.805555556,50,0.26,0.018055556,0.74,0.255222222,Moderate,11,109.0
11:42:00,83,22.8,50,1800,1.152777778,50,0.544,0.011527778,0.456,0.313411111,High,11,130.0
11:43:00,137,31.0,80,1800,1.902777778,50,0.38,0.019027778,0.62,0.403611111,Very High,11,83.0
11:44:00,180,28.0,59,1800,2.5,50,0.44,0.025,0.56,0.334,High,11,137.0
11:45:00,119,27.3,39,1800,1.652777778,50,0.454,0.016527778,0.546,0.253411111,Moderate,11,180.0
11:46:00,96,49.2,88,1800,1.333333333,50,0.016,0.013333333,0.984,0.360533333,High,11,119.0
11:47:00,175,31.8,35,1800,2.430555556,50,0.364,0.024305556,0.636,0.222522222,Moderate,11,96.0
11:48:00,199,46.8,49,1800,2.763888889,50,0.064,0.027638889,0.936,0.219855556,Moderate,11,175.0
11:49:00,68,38.9,31,1800,0.944444444,50,0.222,0.009444444,0.778,0.172177778,Low,11,199.0
11:50:00,190,43.8,41,1800,2.638888889,50,0.124,0.026388889,0.876,0.199355556,Low,11,68.0
11:51:00,142,35.1,56,1800,1.972222222,50,0.298,0.019722222,0.702,0.291488889,Moderate,11,190.0
11:52:00,138,37.3,70,1800,1.916666667,50,0.254,0.019166667,0.746,0.338466667,High,11,142.0
11:53:00,199,34.8,66,1800,2.763888889,50,0.304,0.027638889,0.696,0.335855556,High,11,138.0
11:54:00,128,25.9,71,1800,1.777777778,50,0.482,0.017777778,0.518,0.387511111,High,11,199.0
11:55:00,53,41.7,74,1800,0.736111111,50,0.166,0.007361111,0.834,0.332144444,High,11,128.0
11:56:00,110,28.4,89,1800,1.527777778,50,0.432,0.015277778,0.568,0.448511111,Very High,11,53.0
11:57:00,135,20.7,72,1800,1.875,50,0.586,0.01875,0.414,0.4127,Very High,11,110.0
11:58:00,165,39.4,71,1800,2.291666667,50,0.212,0.022916667,0.788,0.335566667,High,11,135.0
11:59:00,168,25.3,36,1800,2.333333333,50,0.494,0.023333333,0.506,0.252133333,Moderate,11,165.0
12:00:00,53,48.2,44,1800,0.736111111,50,0.036,0.007361111,0.964,0.186144444,Low,12,168.0
12:01:00,200,48.6,64,1800,2.777777778,50,0.028,0.027777778,0.972,0.272711111,Moderate,12,53.0
12:02:00,111,47.4,87,1800,1.541666667,50,0.052,0.015416667,0.948,0.364566667,High,12,200.0
12:03:00,145,31.1,40,1800,2.013888889,50,0.378,0.020138889,0.622,0.243655556,Moderate,12,111.0
12:04:00,124,20.5,62,1800,1.722222222,50,0.59,0.017222222,0.41,0.372888889,High,12,145.0
12:05:00,158,47.8,84,1800,2.194444444,50,0.044,0.021944444,0.956,0.353577778,High,12,124.0
12:06:00,115,32.8,46,1800,1.597222222,50,0.344,0.015972222,0.656,0.259188889,Moderate,12,158.0
12:07:00,62,49.0,51,1800,0.861111111,50,0.02,0.008611111,0.98,0.211444444,Moderate,12,115.0
12:08:00,163,48.9,65,1800,2.263888889,50,0.022,0.022638889,0.978,0.273455556,Moderate,12,62.0
12:09:00,150,45.6,77,1800,2.083333333,50,0.088,0.020833333,0.912,0.333933333,High,12,163.0
12:10:00,195,28.8,69,1800,2.708333333,50,0.424,0.027083333,0.576,0.371633333,High,12,150.0
12:11:00,116,31.6,84,1800,1.611111111,50,0.368,0.016111111,0.632,0.416044444,Very High,12,195.0
12:12:00,77,45.5,44,1800,1.069444444,50,0.09,0.010694444,0.91,0.198277778,Low,12,116.0
12:13:00,124,29.5,65,1800,1.722222222,50,0.41,0.017222222,0.59,0.348888889,High,12,77.0
12:14:00,121,25.1,32,1800,1.680555556,50,0.498,0.016805556,0.502,0.234322222,Moderate,12,124.0
12:15:00,69,36.7,64,1800,0.958333333,50,0.266,0.009583333,0.734,0.313033333,High,12,121.0
12:16:00,95,48.1,75,1800,1.319444444,50,0.038,0.013194444,0.962,0.312877778,High,12,69.0
12:17:00,90,40.9,73,1800,1.25,50,0.182,0.0125,0.818,0.3334,High,12,95.0
12:18:00,175,37.1,46,1800,2.430555556,50,0.258,0.024305556,0.742,0.245322222,Moderate,12,90.0
12:19:00,199,22.9,41,1800,2.763888889,50,0.542,0.027638889,0.458,0.283455556,Moderate,12,175.0
12:20:00,153,38.5,55,1800,2.125,50,0.23,0.02125,0.77,0.2745,Moderate,12,199.0
12:21:00,88,49.7,39,1800,1.222222222,50,0.006,0.012222222,0.994,0.162088889,Low,12,153.0
12:22:00,165,24.2,70,1800,2.291666667,50,0.516,0.022916667,0.484,0.392366667,High,12,88.0
12:23:00,118,35.5,38,1800,1.638888889,50,0.29,0.016388889,0.71,0.216555556,Moderate,12,165.0
12:24:00,194,46.3,71,1800,2.694444444,50,0.074,0.026944444,0.926,0.309577778,High,12,118.0
12:25:00,108,42.2,88,1800,1.5,50,0.156,0.015,0.844,0.3892,High,12,194.0
12:26:00,65,40.9,68,1800,0.902777778,50,0.182,0.009027778,0.818,0.312011111,High,12,108.0
12:27:00,113,41.1,55,1800,1.569444444,50,0.178,0.015694444,0.822,0.261877778,Moderate,12,65.0
12:28:00,113,30.8,73,1800,1.569444444,50,0.384,0.015694444,0.616,0.375077778,High,12,113.0
12:29:00,142,28.8,51,1800,1.972222222,50,0.424,0.019722222,0.576,0.296688889,Moderate,12,113.0
12:30:00,112,44.3,76,1800,1.555555556,50,0.114,0.015555556,0.886,0.333022222,High,12,142.0
12:31:00,58,44.3,66,1800,0.805555556,50,0.114,0.008055556,0.886,0.290022222,Moderate,12,112.0
12:32:00,160,46.0,74,1800,2.222222222,50,0.08,0.022222222,0.92,0.320888889,High,12,58.0
12:33:00,99,47.4,49,1800,1.375,50,0.052,0.01375,0.948,0.2119,Moderate,12,160.0
12:34:00,87,35.3,44,1800,1.208333333,50,0.294,0.012083333,0.706,0.239633333,Moderate,12,99.0
12:35:00,188,35.0,30,1800,2.611111111,50,0.3,0.026111111,0.7,0.190444444,Low,12,87.0
12:36:00,109,43.9,70,1800,1.513888889,50,0.122,0.015138889,0.878,0.310455556,High,12,188.0
12:37:00,61,39.5,81,1800,0.847222222,50,0.21,0.008472222,0.79,0.369388889,High,12,109.0
12:38:00,149,41.1,66,1800,2.069444444,50,0.178,0.020694444,0.822,0.307877778,High,12,61.0
12:39:00,112,43.9,53,1800,1.555555556,50,0.122,0.015555556,0.878,0.242622222,Moderate,12,149.0
12:40:00,91,46.7,83,1800,1.263888889,50,0.066,0.012638889,0.934,0.350255556,High,12,112.0
12:41:00,94,30.1,78,1800,1.305555556,50,0.398,0.013055556,0.602,0.396822222,High,12,91.0
12:42:00,84,31.3,56,1800,1.166666667,50,0.374,0.011666667,0.626,0.303466667,High,12,94.0
12:43:00,79,22.8,87,1800,1.097222222,50,0.544,0.010972222,0.456,0.461188889,Very High,12,84.0
12:44:00,135,37.3,32,1800,1.875,50,0.254,0.01875,0.746,0.1863,Low,12,79.0
12:45:00,154,21.1,64,1800,2.138888889,50,0.578,0.021388889,0.422,0.380155556,High,12,135.0
12:46:00,85,34.0,70,1800,1.180555556,50,0.32,0.011805556,0.68,0.348722222,High,12,154.0
12:47:00,171,36.3,36,1800,2.375,50,0.274,0.02375,0.726,0.2083,Moderate,12,85.0
12:48:00,174,28.6,33,1800,2.416666667,50,0.428,0.024166667,0.572,0.227266667,Moderate,12,171.0
12:49:00,163,37.7,88,1800,2.263888889,50,0.246,0.022638889,0.754,0.410255556,Very High,12,174.0
12:50:00,104,20.9,33,1800,1.444444444,50,0.582,0.014444444,0.418,0.254177778,Moderate,12,163.0
12:51:00,146,21.1,80,1800,2.027777778,50,0.578,0.020277778,0.422,0.443711111,Very High,12,104.0
12:52:00,125,44.7,81,1800,1.736111111,50,0.106,0.017361111,0.894,0.352144444,High,12,146.0
12:53:00,141,30.8,30,1800,1.958333333,50,0.384,0.019583333,0.616,0.204633333,Moderate,12,125.0
12:54:00,199,23.8,70,1800,2.763888889,50,0.524,0.027638889,0.476,0.395855556,High,12,141.0
12:55:00,54,35.7,39,1800,0.75,50,0.286,0.0075,0.714,0.2162,Moderate,12,199.0
12:56:00,129,43.1,32,1800,1.791666667,50,0.138,0.017916667,0.862,0.162766667,Low,12,54.0
12:57:00,167,26.5,73,1800,2.319444444,50,0.47,0.023194444,0.53,0.395277778,High,12,129.0
12:58:00,146,38.7,89,1800,2.027777778,50,0.226,0.020277778,0.774,0.409311111,Very High,12,167.0
12:59:00,195,22.6,42,1800,2.708333333,50,0.548,0.027083333,0.452,0.288433333,Moderate,12,146.0
13:00:00,109,21.6,90,1800,1.513888889,50,0.568,0.015138889,0.432,0.479655556,Very High,13,195.0
13:01:00,130,35.9,48,1800,1.805555556,50,0.282,0.018055556,0.718,0.255622222,Moderate,13,109.0
13:02:00,198,36.2,72,1800,2.75,50,0.276,0.0275,0.724,0.3542,High,13,130.0
13:03:00,63,39.1,37,1800,0.875,50,0.218,0.00875,0.782,0.1951,Low,13,198.0
13:04:00,62,41.8,50,1800,0.861111111,50,0.164,0.008611111,0.836,0.236244444,Moderate,13,63.0
13:05:00,142,49.3,53,1800,1.972222222,50,0.014,0.019722222,0.986,0.222688889,Moderate,13,62.0
13:06:00,183,35.5,53,1800,2.541666667,50,0.29,0.025416667,0.71,0.280166667,Moderate,13,142.0
13:07:00,86,29.7,34,1800,1.194444444,50,0.406,0.011944444,0.594,0.221977778,Moderate,13,183.0
13:08:00,155,43.9,84,1800,2.152777778,50,0.122,0.021527778,0.878,0.369011111,High,13,86.0
13:09:00,83,28.1,64,1800,1.152777778,50,0.438,0.011527778,0.562,0.348211111,High,13,155.0
13:10:00,72,33.2,76,1800,1.0,50,0.336,0.01,0.664,0.3752,High,13,83.0
13:11:00,170,22.4,76,1800,2.361111111,50,0.552,0.023611111,0.448,0.423844444,Very High,13,72.0
13:12:00,140,20.8,40,1800,1.944444444,50,0.584,0.019444444,0.416,0.284577778,Moderate,13,170.0
13:13:00,93,48.9,84,1800,1.291666667,50,0.022,0.012916667,0.978,0.345566667,High,13,140.0
13:14:00,188,45.1,83,1800,2.611111111,50,0.098,0.026111111,0.902,0.362044444,High,13,93.0
13:15:00,122,40.9,60,1800,1.694444444,50,0.182,0.016944444,0.818,0.283177778,Moderate,13,188.0
13:16:00,159,32.3,69,1800,2.208333333,50,0.354,0.022083333,0.646,0.355633333,High,13,122.0
13:17:00,86,25.2,71,1800,1.194444444,50,0.496,0.011944444,0.504,0.387977778,High,13,159.0
13:18:00,167,24.7,69,1800,2.319444444,50,0.506,0.023194444,0.494,0.386477778,High,13,86.0
13:19:00,82,27.5,80,1800,1.138888889,50,0.45,0.011388889,0.55,0.414555556,Very High,13,167.0
13:20:00,180,36.5,80,1800,2.5,50,0.27,0.025,0.73,0.384,High,13,82.0
13:21:00,72,41.4,75,1800,1.0,50,0.172,0.01,0.828,0.3384,High,13,180.0
13:22:00,59,39.8,54,1800,0.819444444,50,0.204,0.008194444,0.796,0.260077778,Moderate,13,72.0
13:23:00,126,28.4,81,1800,1.75,50,0.432,0.0175,0.568,0.4174,Very High,13,59.0
13:24:00,128,48.6,60,1800,1.777777778,50,0.028,0.017777778,0.972,0.252711111,Moderate,13,126.0
13:25:00,76,42.1,57,1800,1.055555556,50,0.158,0.010555556,0.842,0.263822222,Moderate,13,128.0
13:26:00,169,36.6,70,1800,2.347222222,50,0.268,0.023472222,0.732,0.342988889,High,13,76.0
13:27:00,180,38.4,90,1800,2.5,50,0.232,0.025,0.768,0.4164,Very High,13,169.0
13:28:00,174,32.6,49,1800,2.416666667,50,0.348,0.024166667,0.652,0.275266667,Moderate,13,180.0
13:29:00,199,27.4,77,1800,2.763888889,50,0.452,0.027638889,0.548,0.409455556,Very High,13,174.0
13:30:00,187,30.7,75,1800,2.597222222,50,0.386,0.025972222,0.614,0.387588889,High,13,199.0
13:31:00,180,42.7,90,1800,2.5,50,0.146,0.025,0.854,0.3992,High,13,187.0
13:32:00,61,20.4,69,1800,0.847222222,50,0.592,0.008472222,0.408,0.397788889,High,13,180.0
13:33:00,116,23.5,64,1800,1.611111111,50,0.53,0.016111111,0.47,0.368444444,High,13,61.0
13:34:00,59,21.4,36,1800,0.819444444,50,0.572,0.008194444,0.428,0.261677778,Moderate,13,116.0
13:35:00,105,21.2,54,1800,1.458333333,50,0.576,0.014583333,0.424,0.337033333,High,13,59.0
13:36:00,141,45.7,77,1800,1.958333333,50,0.086,0.019583333,0.914,0.333033333,High,13,105.0
13:37:00,160,41.1,58,1800,2.222222222,50,0.178,0.022222222,0.822,0.276488889,Moderate,13,141.0
13:38:00,56,34.2,46,1800,0.777777778,50,0.316,0.007777778,0.684,0.250311111,Moderate,13,160.0
13:39:00,129,22.9,42,1800,1.791666667,50,0.542,0.017916667,0.458,0.283566667,Moderate,13,56.0
13:40:00,144,34.7,50,1800,2.0,50,0.306,0.02,0.694,0.2692,Moderate,13,129.0
13:41:00,113,34.2,71,1800,1.569444444,50,0.316,0.015694444,0.684,0.353477778,High,13,144.0
13:42:00,200,25.2,77,1800,2.777777778,50,0.496,0.027777778,0.504,0.418311111,Very High,13,113.0
13:43:00,93,33.0,73,1800,1.291666667,50,0.34,0.012916667,0.66,0.365166667,High,13,200.0
13:44:00,145,32.0,69,1800,2.013888889,50,0.36,0.020138889,0.64,0.356055556,High,13,93.0
13:45:00,69,38.5,34,1800,0.958333333,50,0.23,0.009583333,0.77,0.185833333,Low,13,145.0
13:46:00,141,39.1,89,1800,1.958333333,50,0.218,0.019583333,0.782,0.407433333,Very High,13,69.0
13:47:00,96,21.4,44,1800,1.333333333,50,0.572,0.013333333,0.428,0.295733333,Moderate,13,141.0
13:48:00,169,31.2,84,1800,2.347222222,50,0.376,0.023472222,0.624,0.420588889,Very High,13,96.0
13:49:00,186,38.8,58,1800,2.583333333,50,0.224,0.025833333,0.776,0.287133333,Moderate,13,169.0
13:50:00,156,35.1,65,1800,2.166666667,50,0.298,0.021666667,0.702,0.328266667,High,13,186.0
13:51:00,193,45.7,33,1800,2.680555556,50,0.086,0.026805556,0.914,0.159922222,Low,13,156.0
13:52:00,186,39.8,85,1800,2.583333333,50,0.204,0.025833333,0.796,0.391133333,High,13,193.0
13:53:00,165,24.9,79,1800,2.291666667,50,0.502,0.022916667,0.498,0.425566667,Very High,13,186.0
13:54:00,163,22.1,87,1800,2.263888889,50,0.558,0.022638889,0.442,0.468655556,Very High,13,165.0
13:55:00,64,39.3,34,1800,0.888888889,50,0.214,0.008888889,0.786,0.182355556,Low,13,163.0
13:56:00,135,20.8,42,1800,1.875,50,0.584,0.01875,0.416,0.2923,Moderate,13,64.0
13:57:00,157,37.6,63,1800,2.180555556,50,0.248,0.021805556,0.752,0.310322222,High,13,135.0
13:58:00,102,48.2,74,1800,1.416666667,50,0.036,0.014166667,0.964,0.308866667,High,13,157.0
13:59:00,75,37.3,62,1800,1.041666667,50,0.254,0.010416667,0.746,0.302966667,High,13,102.0
14:00:00,138,31.6,83,1800,1.916666667,50,0.368,0.019166667,0.632,0.413266667,Very High,14,75.0
14:01:00,134,39.3,90,1800,1.861111111,50,0.214,0.018611111,0.786,0.410244444,Very High,14,138.0
14:02:00,105,33.7,67,1800,1.458333333,50,0.326,0.014583333,0.674,0.339033333,High,14,134.0
14:03:00,163,36.4,58,1800,2.263888889,50,0.272,0.022638889,0.728,0.295455556,Moderate,14,105.0
14:04:00,97,48.2,63,1800,1.347222222,50,0.036,0.013472222,0.964,0.264588889,Moderate,14,163.0
14:05:00,153,31.6,54,1800,2.125,50,0.368,0.02125,0.632,0.2981,Moderate,14,97.0
14:06:00,77,48.8,53,1800,1.069444444,50,0.024,0.010694444,0.976,0.221077778,Moderate,14,153.0
14:07:00,116,47.2,64,1800,1.611111111,50,0.056,0.016111111,0.944,0.273644444,Moderate,14,77.0
14:08:00,51,25.9,61,1800,0.708333333,50,0.482,0.007083333,0.518,0.343233333,High,14,116.0
14:09:00,191,22.1,78,1800,2.652777778,50,0.558,0.026527778,0.442,0.434211111,Very High,14,51.0
14:10:00,176,23.0,60,1800,2.444444444,50,0.54,0.024444444,0.46,0.357777778,High,14,191.0
14:11:00,93,20.5,90,1800,1.291666667,50,0.59,0.012916667,0.41,0.483166667,Very High,14,176.0
14:12:00,120,22.8,67,1800,1.666666667,50,0.544,0.016666667,0.456,0.383466667,High,14,93.0
14:13:00,119,40.5,73,1800,1.652777778,50,0.19,0.016527778,0.81,0.336611111,High,14,120.0
14:14:00,71,22.1,53,1800,0.986111111,50,0.558,0.009861111,0.442,0.327544444,High,14,119.0
14:15:00,198,29.6,48,1800,2.75,50,0.408,0.0275,0.592,0.2846,Moderate,14,71.0
14:16:00,132,45.3,60,1800,1.833333333,50,0.094,0.018333333,0.906,0.266133333,Moderate,14,198.0
14:17:00,123,20.7,59,1800,1.708333333,50,0.586,0.017083333,0.414,0.360033333,High,14,132.0
14:18:00,91,44.4,34,1800,1.263888889,50,0.112,0.012638889,0.888,0.163455556,Low,14,123.0
14:19:00,139,28.5,60,1800,1.930555556,50,0.43,0.019305556,0.57,0.333722222,High,14,91.0
14:20:00,147,23.5,89,1800,2.041666667,50,0.53,0.020416667,0.47,0.470166667,Very High,14,139.0
14:21:00,113,40.9,41,1800,1.569444444,50,0.182,0.015694444,0.818,0.206677778,Moderate,14,147.0
14:22:00,157,38.9,49,1800,2.180555556,50,0.222,0.021805556,0.778,0.249122222,Moderate,14,113.0
14:23:00,58,46.3,31,1800,0.805555556,50,0.074,0.008055556,0.926,0.142022222,Low,14,157.0
14:24:00,101,42.1,34,1800,1.402777778,50,0.158,0.014027778,0.842,0.173211111,Low,14,58.0
14:25:00,120,44.1,74,1800,1.666666667,50,0.118,0.016666667,0.882,0.326266667,High,14,101.0
14:26:00,170,28.5,33,1800,2.361111111,50,0.43,0.023611111,0.57,0.227444444,Moderate,14,120.0
14:27:00,71,25.3,80,1800,0.986111111,50,0.494,0.009861111,0.506,0.422744444,Very High,14,170.0
14:28:00,126,42.5,73,1800,1.75,50,0.15,0.0175,0.85,0.329,High,14,71.0
14:29:00,127,44.2,64,1800,1.763888889,50,0.116,0.017638889,0.884,0.286255556,Moderate,14,126.0
14:30:00,150,49.7,40,1800,2.083333333,50,0.006,0.020833333,0.994,0.169533333,Low,14,127.0
14:31:00,136,32.4,72,1800,1.888888889,50,0.352,0.018888889,0.648,0.365955556,High,14,150.0
14:32:00,84,31.2,30,1800,1.166666667,50,0.376,0.011666667,0.624,0.199866667,Low,14,136.0
14:33:00,187,43.3,62,1800,2.597222222,50,0.134,0.025972222,0.866,0.285188889,Moderate,14,84.0
14:34:00,54,30.2,73,1800,0.75,50,0.396,0.0075,0.604,0.3742,High,14,187.0
14:35:00,198,47.9,88,1800,2.75,50,0.042,0.0275,0.958,0.3714,High,14,54.0
14:36:00,67,45.8,56,1800,0.930555556,50,0.084,0.009305556,0.916,0.244522222,Moderate,14,198.0
14:37:00,185,32.9,44,1800,2.569444444,50,0.342,0.025694444,0.658,0.254677778,Moderate,14,67.0
14:38:00,99,42.5,34,1800,1.375,50,0.15,0.01375,0.85,0.1715,Low,14,185.0
14:39:00,61,42.6,67,1800,0.847222222,50,0.148,0.008472222,0.852,0.300988889,High,14,99.0
14:40:00,165,23.1,48,1800,2.291666667,50,0.538,0.022916667,0.462,0.308766667,High,14,61.0
14:41:00,65,47.1,86,1800,0.902777778,50,0.058,0.009027778,0.942,0.359211111,High,14,165.0
14:42:00,140,35.2,63,1800,1.944444444,50,0.296,0.019444444,0.704,0.318977778,High,14,65.0
14:43:00,167,44.8,86,1800,2.319444444,50,0.104,0.023194444,0.896,0.374077778,High,14,140.0
14:44:00,194,29.6,87,1800,2.694444444,50,0.408,0.026944444,0.592,0.440377778,Very High,14,167.0
14:45:00,118,46.9,32,1800,1.638888889,50,0.062,0.016388889,0.938,0.146955556,Low,14,194.0
14:46:00,197,31.7,61,1800,2.736111111,50,0.366,0.027361111,0.634,0.328144444,High,14,118.0
14:47:00,196,20.3,78,1800,2.722222222,50,0.594,0.027222222,0.406,0.441688889,Very High,14,197.0
14:48:00,157,47.2,81,1800,2.180555556,50,0.056,0.021805556,0.944,0.343922222,High,14,196.0
14:49:00,107,22.7,71,1800,1.486111111,50,0.546,0.014861111,0.454,0.399144444,High,14,157.0
14:50:00,139,29.6,31,1800,1.930555556,50,0.408,0.019305556,0.592,0.213322222,Moderate,14,107.0
14:51:00,184,48.5,67,1800,2.555555556,50,0.03,0.025555556,0.97,0.284222222,Moderate,14,139.0
14:52:00,77,48.5,79,1800,1.069444444,50,0.03,0.010694444,0.97,0.326277778,High,14,184.0
14:53:00,64,37.2,66,1800,0.888888889,50,0.256,0.008888889,0.744,0.318755556,High,14,77.0
14:54:00,53,39.0,54,1800,0.736111111,50,0.22,0.007361111,0.78,0.262944444,Moderate,14,64.0
14:55:00,159,33.5,36,1800,2.208333333,50,0.33,0.022083333,0.67,0.218833333,Moderate,14,53.0
14:56:00,119,28.8,65,1800,1.652777778,50,0.424,0.016527778,0.576,0.351411111,High,14,159.0
14:57:00,183,29.9,58,1800,2.541666667,50,0.402,0.025416667,0.598,0.322566667,High,14,119.0
14:58:00,66,40.2,42,1800,0.916666667,50,0.196,0.009166667,0.804,0.210866667,Moderate,14,183.0
14:59:00,120,42.6,66,1800,1.666666667,50,0.148,0.016666667,0.852,0.300266667,High,14,66.0
15:00:00,159,43.7,77,1800,2.208333333,50,0.126,0.022083333,0.874,0.342033333,High,15,120.0
15:01:00,83,43.7,68,1800,1.152777778,50,0.126,0.011527778,0.874,0.301811111,High,15,159.0
15:02:00,135,22.7,30,1800,1.875,50,0.546,0.01875,0.454,0.2367,Moderate,15,83.0
15:03:00,164,34.8,50,1800,2.277777778,50,0.304,0.022777778,0.696,0.269911111,Moderate,15,135.0
15:04:00,176,21.7,40,1800,2.444444444,50,0.566,0.024444444,0.434,0.282977778,Moderate,15,164.0
15:05:00,102,36.5,49,1800,1.416666667,50,0.27,0.014166667,0.73,0.255666667,Moderate,15,176.0
15:06:00,163,33.2,85,1800,2.263888889,50,0.336,0.022638889,0.664,0.416255556,Very High,15,102.0
15:07:00,140,46.6,42,1800,1.944444444,50,0.068,0.019444444,0.932,0.189377778,Low,15,163.0
15:08:00,177,30.5,66,1800,2.458333333,50,0.39,0.024583333,0.61,0.351833333,High,15,140.0
15:09:00,139,23.5,79,1800,1.930555556,50,0.53,0.019305556,0.47,0.429722222,Very High,15,177.0
15:10:00,71,24.3,53,1800,0.986111111,50,0.514,0.009861111,0.486,0.318744444,High,15,139.0
15:11:00,193,42.8,59,1800,2.680555556,50,0.144,0.026805556,0.856,0.275522222,Moderate,15,71.0
15:12:00,174,38.5,85,1800,2.416666667,50,0.23,0.024166667,0.77,0.395666667,High,15,193.0
15:13:00,56,23.0,69,1800,0.777777778,50,0.54,0.007777778,0.46,0.387111111,High,15,174.0
15:14:00,104,22.5,32,1800,1.444444444,50,0.55,0.014444444,0.45,0.243777778,Moderate,15,56.0
15:15:00,183,41.0,57,1800,2.541666667,50,0.18,0.025416667,0.82,0.274166667,Moderate,15,104.0
15:16:00,123,22.2,30,1800,1.708333333,50,0.556,0.017083333,0.444,0.238033333,Moderate,15,183.0
15:17:00,178,44.7,60,1800,2.472222222,50,0.106,0.024722222,0.894,0.271088889,Moderate,15,123.0
15:18:00,157,41.2,38,1800,2.180555556,50,0.176,0.021805556,0.824,0.195922222,Low,15,178.0
15:19:00,159,22.4,30,1800,2.208333333,50,0.552,0.022083333,0.448,0.239233333,Moderate,15,157.0
15:20:00,182,22.5,33,1800,2.527777778,50,0.55,0.025277778,0.45,0.252111111,Moderate,15,159.0
15:21:00,148,49.6,53,1800,2.055555556,50,0.008,0.020555556,0.992,0.221822222,Moderate,15,182.0
15:22:00,72,31.2,46,1800,1.0,50,0.376,0.01,0.624,0.2632,Moderate,15,148.0
15:23:00,59,31.1,79,1800,0.819444444,50,0.378,0.008194444,0.622,0.394877778,High,15,72.0
15:24:00,117,44.4,46,1800,1.625,50,0.112,0.01625,0.888,0.2129,Moderate,15,59.0
15:25:00,148,48.4,49,1800,2.055555556,50,0.032,0.020555556,0.968,0.210622222,Moderate,15,117.0
15:26:00,66,49.6,32,1800,0.916666667,50,0.008,0.009166667,0.992,0.133266667,Low,15,148.0
15:27:00,197,42.6,40,1800,2.736111111,50,0.148,0.027361111,0.852,0.200544444,Moderate,15,66.0
15:28:00,127,31.3,55,1800,1.763888889,50,0.374,0.017638889,0.626,0.301855556,High,15,197.0
15:29:00,149,22.5,62,1800,2.069444444,50,0.55,0.020694444,0.45,0.366277778,High,15,127.0
15:30:00,167,43.3,35,1800,2.319444444,50,0.134,0.023194444,0.866,0.176077778,Low,15,149.0
15:31:00,63,36.8,70,1800,0.875,50,0.264,0.00875,0.736,0.3363,High,15,167.0
15:32:00,69,32.7,70,1800,0.958333333,50,0.346,0.009583333,0.654,0.353033333,High,15,63.0
15:33:00,145,47.2,47,1800,2.013888889,50,0.056,0.020138889,0.944,0.207255556,Moderate,15,69.0
15:34:00,179,23.3,72,1800,2.486111111,50,0.534,0.024861111,0.466,0.404744444,Very High,15,145.0
15:35:00,198,34.8,75,1800,2.75,50,0.304,0.0275,0.696,0.3718,High,15,179.0
15:36:00,166,20.3,36,1800,2.305555556,50,0.594,0.023055556,0.406,0.272022222,Moderate,15,198.0
15:37:00,55,34.1,37,1800,0.763888889,50,0.318,0.007638889,0.682,0.214655556,Moderate,15,166.0
15:38:00,117,21.7,53,1800,1.625,50,0.566,0.01625,0.434,0.3317,High,15,55.0
15:39:00,171,23.6,62,1800,2.375,50,0.528,0.02375,0.472,0.3631,High,15,117.0
15:40:00,149,23.5,39,1800,2.069444444,50,0.53,0.020694444,0.47,0.270277778,Moderate,15,171.0
15:41:00,61,39.5,75,1800,0.847222222,50,0.21,0.008472222,0.79,0.345388889,High,15,149.0
15:42:00,50,42.4,70,1800,0.694444444,50,0.152,0.006944444,0.848,0.313177778,High,15,61.0
15:43:00,197,37.5,85,1800,2.736111111,50,0.25,0.027361111,0.75,0.400944444,Very High,15,50.0
15:44:00,172,48.9,88,1800,2.388888889,50,0.022,0.023888889,0.978,0.365955556,High,15,197.0
15:45:00,116,31.2,85,1800,1.611111111,50,0.376,0.016111111,0.624,0.421644444,Very High,15,172.0
15:46:00,111,28.6,42,1800,1.541666667,50,0.428,0.015416667,0.572,0.259766667,Moderate,15,116.0
15:47:00,107,46.1,53,1800,1.486111111,50,0.078,0.014861111,0.922,0.233544444,Moderate,15,111.0
15:48:00,137,26.7,37,1800,1.902777778,50,0.466,0.019027778,0.534,0.248811111,Moderate,15,107.0
15:49:00,64,48.9,54,1800,0.888888889,50,0.022,0.008888889,0.978,0.223955556,Moderate,15,137.0
15:50:00,123,20.4,52,1800,1.708333333,50,0.592,0.017083333,0.408,0.333233333,High,15,64.0
15:51:00,57,49.1,38,1800,0.791666667,50,0.018,0.007916667,0.982,0.158766667,Low,15,123.0
15:52:00,193,21.3,33,1800,2.680555556,50,0.574,0.026805556,0.426,0.257522222,Moderate,15,57.0
15:53:00,56,46.7,60,1800,0.777777778,50,0.066,0.007777778,0.934,0.256311111,Moderate,15,193.0
15:54:00,107,35.8,71,1800,1.486111111,50,0.284,0.014861111,0.716,0.346744444,High,15,56.0
15:55:00,154,49.8,44,1800,2.138888889,50,0.004,0.021388889,0.996,0.185355556,Low,15,107.0
15:56:00,161,22.2,36,1800,2.236111111,50,0.556,0.022361111,0.444,0.264144444,Moderate,15,154.0
15:57:00,102,36.6,82,1800,1.416666667,50,0.268,0.014166667,0.732,0.387266667,High,15,161.0
15:58:00,188,49.1,88,1800,2.611111111,50,0.018,0.026111111,0.982,0.366044444,High,15,102.0
15:59:00,190,35.7,86,1800,2.638888889,50,0.286,0.026388889,0.714,0.411755556,Very High,15,188.0
16:00:00,151,38.9,69,1800,2.097222222,50,0.222,0.020972222,0.778,0.328788889,High,16,190.0
16:01:00,110,40.9,79,1800,1.527777778,50,0.182,0.015277778,0.818,0.358511111,High,16,151.0
16:02:00,55,33.6,76,1800,0.763888889,50,0.328,0.007638889,0.672,0.372655556,High,16,110.0
16:03:00,200,38.8,46,1800,2.777777778,50,0.224,0.027777778,0.776,0.239911111,Moderate,16,55.0
16:04:00,159,37.5,49,1800,2.208333333,50,0.25,0.022083333,0.75,0.254833333,Moderate,16,200.0
16:05:00,182,47.0,34,1800,2.527777778,50,0.06,0.025277778,0.94,0.158111111,Low,16,159.0
16:06:00,163,21.4,65,1800,2.263888889,50,0.572,0.022638889,0.428,0.383455556,High,16,182.0
16:07:00,68,28.4,58,1800,0.944444444,50,0.432,0.009444444,0.568,0.322177778,High,16,163.0
16:08:00,118,48.5,85,1800,1.638888889,50,0.03,0.016388889,0.97,0.352555556,High,16,68.0
16:09:00,122,46.7,33,1800,1.694444444,50,0.066,0.016944444,0.934,0.151977778,Low,16,118.0
16:10:00,82,33.7,86,1800,1.138888889,50,0.326,0.011388889,0.674,0.413755556,Very High,16,122.0
16:11:00,150,38.6,62,1800,2.083333333,50,0.228,0.020833333,0.772,0.301933333,High,16,82.0
16:12:00,98,28.3,37,1800,1.361111111,50,0.434,0.013611111,0.566,0.240244444,Moderate,16,150.0
16:13:00,191,25.6,54,1800,2.652777778,50,0.488,0.026527778,0.512,0.324211111,High,16,98.0
16:14:00,152,33.9,30,1800,2.111111111,50,0.322,0.021111111,0.678,0.192844444,Low,16,191.0
16:15:00,113,30.6,84,1800,1.569444444,50,0.388,0.015694444,0.612,0.419877778,Very High,16,152.0
16:16:00,139,37.5,39,1800,1.930555556,50,0.25,0.019305556,0.75,0.213722222,Moderate,16,113.0
16:17:00,156,22.3,47,1800,2.166666667,50,0.554,0.021666667,0.446,0.307466667,High,16,139.0
16:18:00,196,49.2,35,1800,2.722222222,50,0.016,0.027222222,0.984,0.154088889,Low,16,156.0
16:19:00,57,49.6,81,1800,0.791666667,50,0.008,0.007916667,0.992,0.328766667,High,16,196.0
16:20:00,118,40.9,32,1800,1.638888889,50,0.182,0.016388889,0.818,0.170955556,Low,16,57.0
16:21:00,80,36.1,43,1800,1.111111111,50,0.278,0.011111111,0.722,0.232044444,Moderate,16,118.0
16:22:00,102,29.3,85,1800,1.416666667,50,0.414,0.014166667,0.586,0.428466667,Very High,16,80.0
16:23:00,60,44.4,78,1800,0.833333333,50,0.112,0.008333333,0.888,0.337733333,High,16,102.0
16:24:00,135,40.5,46,1800,1.875,50,0.19,0.01875,0.81,0.2295,Moderate,16,60.0
16:25:00,193,24.9,64,1800,2.680555556,50,0.502,0.026805556,0.498,0.367122222,High,16,135.0
16:26:00,186,47.3,67,1800,2.583333333,50,0.054,0.025833333,0.946,0.289133333,Moderate,16,193.0
16:27:00,53,44.7,37,1800,0.736111111,50,0.106,0.007361111,0.894,0.172144444,Low,16,186.0
16:28:00,53,48.5,66,1800,0.736111111,50,0.03,0.007361111,0.97,0.272944444,Moderate,16,53.0
16:29:00,59,41.8,72,1800,0.819444444,50,0.164,0.008194444,0.836,0.324077778,High,16,53.0
16:30:00,122,38.4,53,1800,1.694444444,50,0.232,0.016944444,0.768,0.265177778,Moderate,16,59.0
16:31:00,116,32.5,55,1800,1.611111111,50,0.35,0.016111111,0.65,0.296444444,Moderate,16,122.0
16:32:00,159,48.0,60,1800,2.208333333,50,0.04,0.022083333,0.96,0.256833333,Moderate,16,116.0
16:33:00,83,46.0,34,1800,1.152777778,50,0.08,0.011527778,0.92,0.156611111,Low,16,159.0
16:34:00,180,21.4,40,1800,2.5,50,0.572,0.025,0.428,0.2844,Moderate,16,83.0
16:35:00,156,20.8,35,1800,2.166666667,50,0.584,0.021666667,0.416,0.265466667,Moderate,16,180.0
16:36:00,162,31.3,49,1800,2.25,50,0.374,0.0225,0.626,0.2798,Moderate,16,156.0
16:37:00,154,44.3,50,1800,2.138888889,50,0.114,0.021388889,0.886,0.231355556,Moderate,16,162.0
16:38:00,169,49.6,83,1800,2.347222222,50,0.008,0.023472222,0.992,0.342988889,High,16,154.0
16:39:00,157,24.5,68,1800,2.180555556,50,0.51,0.021805556,0.49,0.382722222,High,16,169.0
16:40:00,193,37.8,31,1800,2.680555556,50,0.244,0.026805556,0.756,0.183522222,Low,16,157.0
16:41:00,100,31.4,63,1800,1.388888889,50,0.372,0.013888889,0.628,0.331955556,High,16,193.0
16:42:00,58,49.1,67,1800,0.805555556,50,0.018,0.008055556,0.982,0.274822222,Moderate,16,100.0
16:43:00,58,45.3,89,1800,0.805555556,50,0.094,0.008055556,0.906,0.378022222,High,16,58.0
16:44:00,134,45.1,52,1800,1.861111111,50,0.098,0.018611111,0.902,0.235044444,Moderate,16,58.0
16:45:00,62,34.1,73,1800,0.861111111,50,0.318,0.008611111,0.682,0.359044444,High,16,134.0
16:46:00,81,32.4,74,1800,1.125,50,0.352,0.01125,0.648,0.3709,High,16,62.0
16:47:00,155,28.2,53,1800,2.152777778,50,0.436,0.021527778,0.564,0.307811111,High,16,81.0
16:48:00,136,21.7,59,1800,1.888888889,50,0.566,0.018888889,0.434,0.356755556,High,16,155.0
16:49:00,116,45.9,45,1800,1.611111111,50,0.082,0.016111111,0.918,0.202844444,Moderate,16,136.0
16:50:00,121,44.4,82,1800,1.680555556,50,0.112,0.016805556,0.888,0.357122222,High,16,116.0
16:51:00,79,50.0,46,1800,1.097222222,50,0.0,0.010972222,1.0,0.188388889,Low,16,121.0
16:52:00,83,49.9,46,1800,1.152777778,50,0.002,0.011527778,0.998,0.189011111,Low,16,79.0
16:53:00,118,36.7,76,1800,1.638888889,50,0.266,0.016388889,0.734,0.363755556,High,16,83.0
16:54:00,51,43.1,47,1800,0.708333333,50,0.138,0.007083333,0.862,0.218433333,Moderate,16,118.0
16:55:00,182,48.3,76,1800,2.527777778,50,0.034,0.025277778,0.966,0.320911111,High,16,51.0
16:56:00,149,45.5,38,1800,2.069444444,50,0.09,0.020694444,0.91,0.178277778,Low,16,182.0
16:57:00,55,27.4,33,1800,0.763888889,50,0.452,0.007638889,0.548,0.225455556,Moderate,16,149.0
16:58:00,155,33.5,32,1800,2.152777778,50,0.33,0.021527778,0.67,0.202611111,Moderate,16,55.0
16:59:00,133,23.9,33,1800,1.847222222,50,0.522,0.018472222,0.478,0.243788889,Moderate,16,155.0
17:00:00,52,48.6,59,1800,0.722222222,50,0.028,0.007222222,0.972,0.244488889,Moderate,17,133.0
17:01:00,152,38.2,81,1800,2.111111111,50,0.236,0.021111111,0.764,0.379644444,High,17,52.0
17:02:00,101,26.9,78,1800,1.402777778,50,0.462,0.014027778,0.538,0.410011111,Very High,17,152.0
17:03:00,159,40.2,83,1800,2.208333333,50,0.196,0.022083333,0.804,0.380033333,High,17,101.0
17:04:00,104,38.5,73,1800,1.444444444,50,0.23,0.014444444,0.77,0.343777778,High,17,159.0
17:05:00,192,30.7,42,1800,2.666666667,50,0.386,0.026666667,0.614,0.255866667,Moderate,17,104.0
17:06:00,125,23.4,73,1800,1.736111111,50,0.532,0.017361111,0.468,0.405344444,Very High,17,192.0
17:07:00,191,40.1,75,1800,2.652777778,50,0.198,0.026527778,0.802,0.350211111,High,17,125.0
17:08:00,111,35.6,88,1800,1.541666667,50,0.288,0.015416667,0.712,0.415766667,Very High,17,191.0
17:09:00,191,43.2,88,1800,2.652777778,50,0.136,0.026527778,0.864,0.389811111,High,17,111.0
17:10:00,109,35.6,45,1800,1.513888889,50,0.288,0.015138889,0.712,0.243655556,Moderate,17,191.0
17:11:00,64,45.6,78,1800,0.888888889,50,0.088,0.008888889,0.912,0.333155556,High,17,109.0
17:12:00,122,36.6,69,1800,1.694444444,50,0.268,0.016944444,0.732,0.336377778,High,17,64.0
17:13:00,197,36.8,33,1800,2.736111111,50,0.264,0.027361111,0.736,0.195744444,Low,17,122.0
17:14:00,180,46.3,85,1800,2.5,50,0.074,0.025,0.926,0.3648,High,17,197.0
17:15:00,102,32.1,75,1800,1.416666667,50,0.358,0.014166667,0.642,0.377266667,High,17,180.0
17:16:00,188,24.0,47,1800,2.611111111,50,0.52,0.026111111,0.48,0.302444444,High,17,102.0
17:17:00,106,20.9,31,1800,1.472222222,50,0.582,0.014722222,0.418,0.246288889,Moderate,17,188.0
17:18:00,137,42.7,67,1800,1.902777778,50,0.146,0.019027778,0.854,0.304811111,High,17,106.0
17:19:00,84,38.6,48,1800,1.166666667,50,0.228,0.011666667,0.772,0.242266667,Moderate,17,137.0
17:20:00,72,41.1,38,1800,1.0,50,0.178,0.01,0.822,0.1916,Low,17,84.0
17:21:00,113,26.4,83,1800,1.569444444,50,0.472,0.015694444,0.528,0.432677778,Very High,17,72.0
17:22:00,148,24.1,59,1800,2.055555556,50,0.518,0.020555556,0.482,0.347822222,High,17,113.0
17:23:00,99,20.4,62,1800,1.375,50,0.592,0.01375,0.408,0.3719,High,17,148.0
17:24:00,122,30.5,59,1800,1.694444444,50,0.39,0.016944444,0.61,0.320777778,High,17,99.0
17:25:00,186,37.7,50,1800,2.583333333,50,0.246,0.025833333,0.754,0.259533333,Moderate,17,122.0
17:26:00,157,31.8,32,1800,2.180555556,50,0.364,0.021805556,0.636,0.209522222,Moderate,17,186.0
17:27:00,148,33.1,36,1800,2.055555556,50,0.338,0.020555556,0.662,0.219822222,Moderate,17,157.0
17:28:00,67,47.1,73,1800,0.930555556,50,0.058,0.009305556,0.942,0.307322222,High,17,148.0
17:29:00,120,30.4,84,1800,1.666666667,50,0.392,0.016666667,0.608,0.421066667,Very High,17,67.0
17:30:00,122,35.4,74,1800,1.694444444,50,0.292,0.016944444,0.708,0.361177778,High,17,120.0
17:31:00,76,43.5,75,1800,1.055555556,50,0.13,0.010555556,0.87,0.330222222,High,17,122.0
17:32:00,104,31.9,43,1800,1.444444444,50,0.362,0.014444444,0.638,0.250177778,Moderate,17,76.0
17:33:00,110,38.7,70,1800,1.527777778,50,0.226,0.015277778,0.774,0.331311111,High,17,104.0
17:34:00,166,45.9,82,1800,2.305555556,50,0.082,0.023055556,0.918,0.353622222,High,17,110.0
17:35:00,50,48.5,50,1800,0.694444444,50,0.03,0.006944444,0.97,0.208777778,Moderate,17,166.0
17:36:00,156,24.4,50,1800,2.166666667,50,0.512,0.021666667,0.488,0.311066667,High,17,50.0
17:37:00,102,47.8,35,1800,1.416666667,50,0.044,0.014166667,0.956,0.154466667,Low,17,156.0
17:38:00,173,34.8,36,1800,2.402777778,50,0.304,0.024027778,0.696,0.214411111,Moderate,17,102.0
17:39:00,134,27.7,48,1800,1.861111111,50,0.446,0.018611111,0.554,0.288644444,Moderate,17,173.0
17:40:00,181,33.8,42,1800,2.513888889,50,0.324,0.025138889,0.676,0.242855556,Moderate,17,134.0
17:41:00,77,49.4,63,1800,1.069444444,50,0.012,0.010694444,0.988,0.258677778,Moderate,17,181.0
17:42:00,105,34.8,42,1800,1.458333333,50,0.304,0.014583333,0.696,0.234633333,Moderate,17,77.0
17:43:00,90,29.9,53,1800,1.25,50,0.402,0.0125,0.598,0.2974,Moderate,17,105.0
17:44:00,93,39.0,31,1800,1.291666667,50,0.22,0.012916667,0.78,0.173166667,Low,17,90.0
17:45:00,145,27.2,81,1800,2.013888889,50,0.456,0.020138889,0.544,0.423255556,Very High,17,93.0
17:46:00,120,22.3,47,1800,1.666666667,50,0.554,0.016666667,0.446,0.305466667,High,17,145.0
17:47:00,189,23.9,36,1800,2.625,50,0.522,0.02625,0.478,0.2589,Moderate,17,120.0
17:48:00,199,23.8,81,1800,2.763888889,50,0.524,0.027638889,0.476,0.439855556,Very High,17,189.0
17:49:00,140,24.6,81,1800,1.944444444,50,0.508,0.019444444,0.492,0.433377778,Very High,17,199.0
17:50:00,167,24.2,44,1800,2.319444444,50,0.516,0.023194444,0.484,0.288477778,Moderate,17,140.0
17:51:00,182,39.2,61,1800,2.527777778,50,0.216,0.025277778,0.784,0.297311111,Moderate,17,167.0
17:52:00,196,25.5,56,1800,2.722222222,50,0.49,0.027222222,0.51,0.332888889,High,17,182.0
17:53:00,195,30.4,42,1800,2.708333333,50,0.392,0.027083333,0.608,0.257233333,Moderate,17,196.0
17:54:00,73,46.9,59,1800,1.013888889,50,0.062,0.010138889,0.938,0.252455556,Moderate,17,195.0
17:55:00,94,34.2,30,1800,1.305555556,50,0.316,0.013055556,0.684,0.188422222,Low,17,73.0
17:56:00,88,40.0,81,1800,1.222222222,50,0.2,0.012222222,0.8,0.368888889,High,17,94.0
17:57:00,79,25.2,70,1800,1.097222222,50,0.496,0.010972222,0.504,0.383588889,High,17,88.0
17:58:00,53,25.8,39,1800,0.736111111,50,0.484,0.007361111,0.516,0.255744444,Moderate,17,79.0
17:59:00,100,21.2,65,1800,1.388888889,50,0.576,0.013888889,0.424,0.380755556,High,17,53.0
18:00:00,193,25.1,53,1800,2.680555556,50,0.498,0.026805556,0.502,0.322322222,High,18,100.0
18:01:00,58,28.4,86,1800,0.805555556,50,0.432,0.008055556,0.568,0.433622222,Very High,18,193.0
18:02:00,186,25.3,85,1800,2.583333333,50,0.494,0.025833333,0.506,0.449133333,Very High,18,58.0
18:03:00,68,22.7,30,1800,0.944444444,50,0.546,0.009444444,0.454,0.232977778,Moderate,18,186.0
18:04:00,126,23.6,38,1800,1.75,50,0.528,0.0175,0.472,0.2646,Moderate,18,68.0
18:05:00,138,33.8,33,1800,1.916666667,50,0.324,0.019166667,0.676,0.204466667,Moderate,18,126.0
18:06:00,111,26.2,71,1800,1.541666667,50,0.476,0.015416667,0.524,0.385366667,High,18,138.0
18:07:00,75,30.9,85,1800,1.041666667,50,0.382,0.010416667,0.618,0.420566667,Very High,18,111.0
18:08:00,176,35.1,33,1800,2.444444444,50,0.298,0.024444444,0.702,0.201377778,Moderate,18,75.0
18:09:00,189,40.7,72,1800,2.625,50,0.186,0.02625,0.814,0.3357,High,18,176.0
18:10:00,127,21.2,63,1800,1.763888889,50,0.576,0.017638889,0.424,0.374255556,High,18,189.0
18:11:00,107,44.0,50,1800,1.486111111,50,0.12,0.014861111,0.88,0.229944444,Moderate,18,127.0
18:12:00,131,38.8,54,1800,1.819444444,50,0.224,0.018194444,0.776,0.268077778,Moderate,18,107.0
18:13:00,194,22.5,46,1800,2.694444444,50,0.55,0.026944444,0.45,0.304777778,High,18,131.0
18:14:00,69,46.2,35,1800,0.958333333,50,0.076,0.009583333,0.924,0.159033333,Low,18,194.0
18:15:00,87,47.6,57,1800,1.208333333,50,0.048,0.012083333,0.952,0.242433333,Moderate,18,69.0
18:16:00,163,21.8,45,1800,2.263888889,50,0.564,0.022638889,0.436,0.301855556,High,18,87.0
18:17:00,164,28.3,70,1800,2.277777778,50,0.434,0.022777778,0.566,0.375911111,High,18,163.0
18:18:00,174,44.2,35,1800,2.416666667,50,0.116,0.024166667,0.884,0.172866667,Low,18,164.0
18:19:00,193,42.4,56,1800,2.680555556,50,0.152,0.026805556,0.848,0.265122222,Moderate,18,174.0
18:20:00,113,25.5,72,1800,1.569444444,50,0.49,0.015694444,0.51,0.392277778,High,18,193.0
18:21:00,53,26.3,90,1800,0.736111111,50,0.474,0.007361111,0.526,0.457744444,Very High,18,113.0
18:22:00,70,31.1,85,1800,0.972222222,50,0.378,0.009722222,0.622,0.419488889,Very High,18,53.0
18:23:00,133,34.5,46,1800,1.847222222,50,0.31,0.018472222,0.69,0.253388889,Moderate,18,70.0
18:24:00,157,38.5,37,1800,2.180555556,50,0.23,0.021805556,0.77,0.202722222,Moderate,18,133.0
18:25:00,84,31.1,44,1800,1.166666667,50,0.378,0.011666667,0.622,0.256266667,Moderate,18,157.0
18:26:00,106,33.9,43,1800,1.472222222,50,0.322,0.014722222,0.678,0.242288889,Moderate,18,84.0
18:27:00,191,42.4,63,1800,2.652777778,50,0.152,0.026527778,0.848,0.293011111,Moderate,18,106.0
18:28:00,90,21.1,37,1800,1.25,50,0.578,0.0125,0.422,0.2686,Moderate,18,191.0
18:29:00,57,27.6,32,1800,0.791666667,50,0.448,0.007916667,0.552,0.220766667,Moderate,18,90.0
18:30:00,80,41.4,69,1800,1.111111111,50,0.172,0.011111111,0.828,0.314844444,High,18,57.0
18:31:00,105,46.9,43,1800,1.458333333,50,0.062,0.014583333,0.938,0.190233333,Low,18,80.0
18:32:00,179,35.4,37,1800,2.486111111,50,0.292,0.024861111,0.708,0.216344444,Moderate,18,105.0
18:33:00,124,36.0,53,1800,1.722222222,50,0.28,0.017222222,0.72,0.274888889,Moderate,18,179.0
18:34:00,156,23.2,88,1800,2.166666667,50,0.536,0.021666667,0.464,0.467866667,Very High,18,124.0
18:35:00,79,33.4,70,1800,1.097222222,50,0.332,0.010972222,0.668,0.350788889,High,18,156.0
18:36:00,118,36.0,67,1800,1.638888889,50,0.28,0.016388889,0.72,0.330555556,High,18,79.0
18:37:00,79,27.3,87,1800,1.097222222,50,0.454,0.010972222,0.546,0.443188889,Very High,18,118.0
18:38:00,200,28.1,65,1800,2.777777778,50,0.438,0.027777778,0.562,0.358711111,High,18,79.0
18:39:00,74,31.3,47,1800,1.027777778,50,0.374,0.010277778,0.626,0.266911111,Moderate,18,200.0
18:40:00,175,20.6,40,1800,2.430555556,50,0.588,0.024305556,0.412,0.287322222,Moderate,18,74.0
18:41:00,122,29.7,82,1800,1.694444444,50,0.406,0.016944444,0.594,0.415977778,Very High,18,175.0
18:42:00,110,26.3,59,1800,1.527777778,50,0.474,0.015277778,0.526,0.336911111,High,18,122.0
18:43:00,196,29.8,84,1800,2.722222222,50,0.404,0.027222222,0.596,0.427688889,Very High,18,110.0
18:44:00,90,23.6,30,1800,1.25,50,0.528,0.0125,0.472,0.2306,Moderate,18,196.0
18:45:00,66,46.7,38,1800,0.916666667,50,0.066,0.009166667,0.934,0.168866667,Low,18,90.0
18:46:00,132,37.8,41,1800,1.833333333,50,0.244,0.018333333,0.756,0.220133333,Moderate,18,66.0
18:47:00,86,40.4,84,1800,1.194444444,50,0.192,0.011944444,0.808,0.379177778,High,18,132.0
18:48:00,145,43.7,66,1800,2.013888889,50,0.126,0.020138889,0.874,0.297255556,Moderate,18,86.0
18:49:00,146,35.0,55,1800,2.027777778,50,0.3,0.020277778,0.7,0.288111111,Moderate,18,145.0
18:50:00,197,22.6,32,1800,2.736111111,50,0.548,0.027361111,0.452,0.248544444,Moderate,18,146.0
18:51:00,51,36.1,30,1800,0.708333333,50,0.278,0.007083333,0.722,0.178433333,Low,18,197.0
18:52:00,153,37.6,46,1800,2.125,50,0.248,0.02125,0.752,0.2421,Moderate,18,51.0
18:53:00,108,42.4,84,1800,1.5,50,0.152,0.015,0.848,0.3724,High,18,153.0
18:54:00,87,32.9,89,1800,1.208333333,50,0.342,0.012083333,0.658,0.429233333,Very High,18,108.0
18:55:00,108,23.8,43,1800,1.5,50,0.524,0.015,0.476,0.2828,Moderate,18,87.0
18:56:00,166,28.5,70,1800,2.305555556,50,0.43,0.023055556,0.57,0.375222222,High,18,108.0
18:57:00,82,30.9,30,1800,1.138888889,50,0.382,0.011388889,0.618,0.200955556,Moderate,18,166.0
18:58:00,107,39.4,74,1800,1.486111111,50,0.212,0.014861111,0.788,0.344344444,High,18,82.0
18:59:00,76,37.1,68,1800,1.055555556,50,0.258,0.010555556,0.742,0.327822222,High,18,107.0
19:00:00,143,30.7,76,1800,1.986111111,50,0.386,0.019861111,0.614,0.389144444,High,19,76.0
19:01:00,132,49.6,89,1800,1.833333333,50,0.008,0.018333333,0.992,0.364933333,High,19,143.0
19:02:00,173,38.2,65,1800,2.402777778,50,0.236,0.024027778,0.764,0.316811111,High,19,132.0
19:03:00,122,27.1,76,1800,1.694444444,50,0.458,0.016944444,0.542,0.402377778,Very High,19,173.0
19:04:00,55,23.1,72,1800,0.763888889,50,0.538,0.007638889,0.462,0.398655556,High,19,122.0
19:05:00,133,24.6,70,1800,1.847222222,50,0.508,0.018472222,0.492,0.388988889,High,19,55.0
19:06:00,68,27.4,78,1800,0.944444444,50,0.452,0.009444444,0.548,0.406177778,Very High,19,133.0
19:07:00,77,24.8,55,1800,1.069444444,50,0.504,0.010694444,0.496,0.325077778,High,19,68.0
19:08:00,147,25.6,58,1800,2.041666667,50,0.488,0.020416667,0.512,0.337766667,High,19,77.0
19:09:00,103,28.6,50,1800,1.430555556,50,0.428,0.014305556,0.572,0.291322222,Moderate,19,147.0
19:10:00,192,25.2,76,1800,2.666666667,50,0.496,0.026666667,0.504,0.413866667,Very High,19,103.0
19:11:00,171,46.9,52,1800,2.375,50,0.062,0.02375,0.938,0.2299,Moderate,19,192.0
19:12:00,83,22.4,46,1800,1.152777778,50,0.552,0.011527778,0.448,0.299011111,Moderate,19,171.0
19:13:00,114,35.7,64,1800,1.583333333,50,0.286,0.015833333,0.714,0.319533333,High,19,83.0
19:14:00,83,32.3,51,1800,1.152777778,50,0.354,0.011527778,0.646,0.279411111,Moderate,19,114.0
19:15:00,51,49.5,58,1800,0.708333333,50,0.01,0.007083333,0.99,0.236833333,Moderate,19,83.0
19:16:00,90,23.4,67,1800,1.25,50,0.532,0.0125,0.468,0.3794,High,19,51.0
19:17:00,85,31.9,68,1800,1.180555556,50,0.362,0.011805556,0.638,0.349122222,High,19,90.0
19:18:00,95,49.1,45,1800,1.319444444,50,0.018,0.013194444,0.982,0.188877778,Low,19,85.0
19:19:00,175,46.0,39,1800,2.430555556,50,0.08,0.024305556,0.92,0.181722222,Low,19,95.0
19:20:00,79,44.5,68,1800,1.097222222,50,0.11,0.010972222,0.89,0.298388889,Moderate,19,175.0
19:21:00,79,27.7,35,1800,1.097222222,50,0.446,0.010972222,0.554,0.233588889,Moderate,19,79.0
19:22:00,76,25.1,34,1800,1.055555556,50,0.498,0.010555556,0.502,0.239822222,Moderate,19,79.0
19:23:00,118,40.1,66,1800,1.638888889,50,0.198,0.016388889,0.802,0.310155556,High,19,76.0
19:24:00,184,47.9,63,1800,2.555555556,50,0.042,0.025555556,0.958,0.270622222,Moderate,19,118.0
19:25:00,181,36.7,52,1800,2.513888889,50,0.266,0.025138889,0.734,0.271255556,Moderate,19,184.0
19:26:00,155,37.1,85,1800,2.152777778,50,0.258,0.021527778,0.742,0.400211111,Very High,19,181.0
19:27:00,100,28.4,49,1800,1.388888889,50,0.432,0.013888889,0.568,0.287955556,Moderate,19,155.0
19:28:00,150,43.1,30,1800,2.083333333,50,0.138,0.020833333,0.862,0.155933333,Low,19,100.0
19:29:00,68,25.6,61,1800,0.944444444,50,0.488,0.009444444,0.512,0.345377778,High,19,150.0
19:30:00,195,29.7,55,1800,2.708333333,50,0.406,0.027083333,0.594,0.312033333,High,19,68.0
19:31:00,86,32.8,45,1800,1.194444444,50,0.344,0.011944444,0.656,0.253577778,Moderate,19,195.0
19:32:00,167,35.2,48,1800,2.319444444,50,0.296,0.023194444,0.704,0.260477778,Moderate,19,86.0
19:33:00,78,27.3,80,1800,1.083333333,50,0.454,0.010833333,0.546,0.415133333,Very High,19,167.0
19:34:00,60,23.4,82,1800,0.833333333,50,0.532,0.008333333,0.468,0.437733333,Very High,19,78.0
19:35:00,164,38.3,57,1800,2.277777778,50,0.234,0.022777778,0.766,0.283911111,Moderate,19,60.0
19:36:00,68,28.7,33,1800,0.944444444,50,0.426,0.009444444,0.574,0.220977778,Moderate,19,164.0
19:37:00,124,37.4,41,1800,1.722222222,50,0.252,0.017222222,0.748,0.221288889,Moderate,19,68.0
19:38:00,170,24.6,36,1800,2.361111111,50,0.508,0.023611111,0.492,0.255044444,Moderate,19,124.0
19:39:00,170,34.4,30,1800,2.361111111,50,0.312,0.023611111,0.688,0.191844444,Low,19,170.0
19:40:00,63,36.0,80,1800,0.875,50,0.28,0.00875,0.72,0.3795,High,19,170.0
19:41:00,107,21.6,85,1800,1.486111111,50,0.568,0.014861111,0.432,0.459544444,Very High,19,63.0
19:42:00,132,30.1,69,1800,1.833333333,50,0.398,0.018333333,0.602,0.362933333,High,19,107.0
19:43:00,91,24.0,51,1800,1.263888889,50,0.52,0.012638889,0.48,0.313055556,High,19,132.0
19:44:00,196,21.9,33,1800,2.722222222,50,0.562,0.027222222,0.438,0.255288889,Moderate,19,91.0
19:45:00,195,49.7,39,1800,2.708333333,50,0.006,0.027083333,0.994,0.168033333,Low,19,196.0
19:46:00,132,29.7,44,1800,1.833333333,50,0.406,0.018333333,0.594,0.264533333,Moderate,19,195.0
19:47:00,110,44.3,72,1800,1.527777778,50,0.114,0.015277778,0.886,0.316911111,High,19,132.0
19:48:00,89,27.6,31,1800,1.236111111,50,0.448,0.012361111,0.552,0.218544444,Moderate,19,110.0
19:49:00,145,40.4,59,1800,2.013888889,50,0.192,0.020138889,0.808,0.282455556,Moderate,19,89.0
19:50:00,127,42.8,51,1800,1.763888889,50,0.144,0.017638889,0.856,0.239855556,Moderate,19,145.0
19:51:00,188,37.9,39,1800,2.611111111,50,0.242,0.026111111,0.758,0.214844444,Moderate,19,127.0
19:52:00,138,34.1,37,1800,1.916666667,50,0.318,0.019166667,0.682,0.219266667,Moderate,19,188.0
19:53:00,135,32.4,32,1800,1.875,50,0.352,0.01875,0.648,0.2059,Moderate,19,138.0
19:54:00,93,30.5,54,1800,1.291666667,50,0.39,0.012916667,0.61,0.299166667,Moderate,19,135.0
19:55:00,140,47.9,43,1800,1.944444444,50,0.042,0.019444444,0.958,0.188177778,Low,19,93.0
19:56:00,179,44.9,84,1800,2.486111111,50,0.102,0.024861111,0.898,0.366344444,High,19,140.0
19:57:00,60,49.0,45,1800,0.833333333,50,0.02,0.008333333,0.98,0.187333333,Low,19,179.0
19:58:00,110,23.7,33,1800,1.527777778,50,0.526,0.015277778,0.474,0.243311111,Moderate,19,60.0
19:59:00,194,41.9,49,1800,2.694444444,50,0.162,0.026944444,0.838,0.239177778,Moderate,19,110.0
20:00:00,97,48.2,48,1800,1.347222222,50,0.036,0.013472222,0.964,0.204588889,Moderate,20,194.0
20:01:00,73,25.4,77,1800,1.013888889,50,0.492,0.010138889,0.508,0.410455556,Very High,20,97.0
20:02:00,178,22.0,73,1800,2.472222222,50,0.56,0.024722222,0.44,0.413888889,Very High,20,73.0
20:03:00,135,42.2,43,1800,1.875,50,0.156,0.01875,0.844,0.2107,Moderate,20,178.0
20:04:00,137,37.2,51,1800,1.902777778,50,0.256,0.019027778,0.744,0.262811111,Moderate,20,135.0
20:05:00,137,45.3,49,1800,1.902777778,50,0.094,0.019027778,0.906,0.222411111,Moderate,20,137.0
20:06:00,124,24.2,69,1800,1.722222222,50,0.516,0.017222222,0.484,0.386088889,High,20,137.0
20:07:00,82,43.9,39,1800,1.138888889,50,0.122,0.011388889,0.878,0.184955556,Low,20,124.0
20:08:00,136,26.0,78,1800,1.888888889,50,0.48,0.018888889,0.52,0.415555556,Very High,20,82.0
20:09:00,165,24.9,41,1800,2.291666667,50,0.502,0.022916667,0.498,0.273566667,Moderate,20,136.0
20:10:00,92,24.9,64,1800,1.277777778,50,0.502,0.012777778,0.498,0.361511111,High,20,165.0
20:11:00,79,44.4,75,1800,1.097222222,50,0.112,0.010972222,0.888,0.326788889,High,20,92.0
20:12:00,74,40.0,35,1800,1.027777778,50,0.2,0.010277778,0.8,0.184111111,Low,20,79.0
20:13:00,165,35.7,44,1800,2.291666667,50,0.286,0.022916667,0.714,0.242366667,Moderate,20,74.0
20:14:00,179,30.8,82,1800,2.486111111,50,0.384,0.024861111,0.616,0.414744444,Very High,20,165.0
20:15:00,150,46.3,80,1800,2.083333333,50,0.074,0.020833333,0.926,0.343133333,High,20,179.0
20:16:00,139,31.8,58,1800,1.930555556,50,0.364,0.019305556,0.636,0.312522222,High,20,150.0
20:17:00,92,44.5,72,1800,1.277777778,50,0.11,0.012777778,0.89,0.315111111,High,20,139.0
20:18:00,147,33.2,87,1800,2.041666667,50,0.336,0.020416667,0.664,0.423366667,Very High,20,92.0
20:19:00,90,31.3,66,1800,1.25,50,0.374,0.0125,0.626,0.3438,High,20,147.0
20:20:00,119,33.9,37,1800,1.652777778,50,0.322,0.016527778,0.678,0.219011111,Moderate,20,90.0
20:21:00,151,29.0,75,1800,2.097222222,50,0.42,0.020972222,0.58,0.392388889,High,20,119.0
20:22:00,109,42.4,36,1800,1.513888889,50,0.152,0.015138889,0.848,0.180455556,Low,20,151.0
20:23:00,109,35.1,54,1800,1.513888889,50,0.298,0.015138889,0.702,0.281655556,Moderate,20,109.0
20:24:00,78,27.0,45,1800,1.083333333,50,0.46,0.010833333,0.54,0.276333333,Moderate,20,109.0
20:25:00,158,47.0,44,1800,2.194444444,50,0.06,0.021944444,0.94,0.196777778,Low,20,78.0
20:26:00,164,31.5,76,1800,2.277777778,50,0.37,0.022777778,0.63,0.387111111,High,20,158.0
20:27:00,170,36.3,87,1800,2.361111111,50,0.274,0.023611111,0.726,0.412244444,Very High,20,164.0
20:28:00,97,47.2,36,1800,1.347222222,50,0.056,0.013472222,0.944,0.160588889,Low,20,170.0
20:29:00,181,38.7,33,1800,2.513888889,50,0.226,0.025138889,0.774,0.187255556,Low,20,97.0
20:30:00,121,23.5,66,1800,1.680555556,50,0.53,0.016805556,0.47,0.376722222,High,20,181.0
20:31:00,126,48.2,58,1800,1.75,50,0.036,0.0175,0.964,0.2462,Moderate,20,121.0
20:32:00,123,38.8,73,1800,1.708333333,50,0.224,0.017083333,0.776,0.343633333,High,20,126.0
20:33:00,163,30.0,39,1800,2.263888889,50,0.4,0.022638889,0.6,0.245055556,Moderate,20,123.0
20:34:00,182,24.2,61,1800,2.527777778,50,0.516,0.025277778,0.484,0.357311111,High,20,163.0
20:35:00,155,43.8,77,1800,2.152777778,50,0.124,0.021527778,0.876,0.341411111,High,20,182.0
20:36:00,55,38.6,30,1800,0.763888889,50,0.228,0.007638889,0.772,0.168655556,Low,20,155.0
20:37:00,187,36.0,44,1800,2.597222222,50,0.28,0.025972222,0.72,0.242388889,Moderate,20,55.0
20:38:00,166,46.8,81,1800,2.305555556,50,0.064,0.023055556,0.936,0.346022222,High,20,187.0
20:39:00,122,43.7,65,1800,1.694444444,50,0.126,0.016944444,0.874,0.291977778,Moderate,20,166.0
20:40:00,106,24.6,59,1800,1.472222222,50,0.508,0.014722222,0.492,0.343488889,High,20,122.0
20:41:00,72,29.4,44,1800,1.0,50,0.412,0.01,0.588,0.2624,Moderate,20,106.0
20:42:00,79,27.5,85,1800,1.097222222,50,0.45,0.010972222,0.55,0.434388889,Very High,20,72.0
20:43:00,114,42.3,30,1800,1.583333333,50,0.154,0.015833333,0.846,0.157133333,Low,20,79.0
20:44:00,60,21.0,60,1800,0.833333333,50,0.58,0.008333333,0.42,0.359333333,High,20,114.0
20:45:00,118,37.1,40,1800,1.638888889,50,0.258,0.016388889,0.742,0.218155556,Moderate,20,60.0
20:46:00,182,42.9,48,1800,2.527777778,50,0.142,0.025277778,0.858,0.230511111,Moderate,20,118.0
20:47:00,176,46.3,87,1800,2.444444444,50,0.074,0.024444444,0.926,0.372577778,High,20,182.0
20:48:00,95,30.3,41,1800,1.319444444,50,0.394,0.013194444,0.606,0.248077778,Moderate,20,176.0
20:49:00,58,44.6,34,1800,0.805555556,50,0.108,0.008055556,0.892,0.160822222,Low,20,95.0
20:50:00,85,23.3,47,1800,1.180555556,50,0.534,0.011805556,0.466,0.299522222,Moderate,20,58.0
20:51:00,154,45.4,70,1800,2.138888889,50,0.092,0.021388889,0.908,0.306955556,High,20,85.0
20:52:00,62,23.8,89,1800,0.861111111,50,0.524,0.008611111,0.476,0.464244444,Very High,20,154.0
20:53:00,140,31.9,89,1800,1.944444444,50,0.362,0.019444444,0.638,0.436177778,Very High,20,62.0
20:54:00,155,43.9,32,1800,2.152777778,50,0.122,0.021527778,0.878,0.161011111,Low,20,140.0
20:55:00,69,24.5,61,1800,0.958333333,50,0.51,0.009583333,0.49,0.349833333,High,20,155.0
20:56:00,71,26.9,79,1800,0.986111111,50,0.462,0.009861111,0.538,0.412344444,Very High,20,69.0
20:57:00,87,41.7,79,1800,1.208333333,50,0.166,0.012083333,0.834,0.354033333,High,20,71.0
20:58:00,130,41.6,56,1800,1.805555556,50,0.168,0.018055556,0.832,0.264822222,Moderate,20,87.0
20:59:00,183,39.2,35,1800,2.541666667,50,0.216,0.025416667,0.784,0.193366667,Low,20,130.0
21:00:00,106,40.8,30,1800,1.472222222,50,0.184,0.014722222,0.816,0.162688889,Low,21,183.0
21:01:00,189,36.3,79,1800,2.625,50,0.274,0.02625,0.726,0.3813,High,21,106.0
21:02:00,146,27.6,68,1800,2.027777778,50,0.448,0.020277778,0.552,0.369711111,High,21,189.0
21:03:00,122,30.4,56,1800,1.694444444,50,0.392,0.016944444,0.608,0.309177778,High,21,146.0
21:04:00,70,25.4,80,1800,0.972222222,50,0.492,0.009722222,0.508,0.422288889,Very High,21,122.0
21:05:00,68,47.3,52,1800,0.944444444,50,0.054,0.009444444,0.946,0.222577778,Moderate,21,70.0
21:06:00,159,37.5,66,1800,2.208333333,50,0.25,0.022083333,0.75,0.322833333,High,21,68.0
21:07:00,194,32.0,58,1800,2.694444444,50,0.36,0.026944444,0.64,0.314777778,High,21,159.0
21:08:00,68,33.9,54,1800,0.944444444,50,0.322,0.009444444,0.678,0.284177778,Moderate,21,194.0
21:09:00,179,48.4,61,1800,2.486111111,50,0.032,0.024861111,0.968,0.260344444,Moderate,21,68.0
21:10:00,72,24.6,69,1800,1.0,50,0.508,0.01,0.492,0.3816,High,21,179.0
21:11:00,69,37.6,68,1800,0.958333333,50,0.248,0.009583333,0.752,0.325433333,High,21,72.0
21:12:00,131,35.2,30,1800,1.819444444,50,0.296,0.018194444,0.704,0.186477778,Low,21,69.0
21:13:00,103,38.3,40,1800,1.430555556,50,0.234,0.014305556,0.766,0.212522222,Moderate,21,131.0
21:14:00,151,20.5,32,1800,2.097222222,50,0.59,0.020972222,0.41,0.254388889,Moderate,21,103.0
21:15:00,182,46.2,80,1800,2.527777778,50,0.076,0.025277778,0.924,0.345311111,High,21,151.0
21:16:00,199,48.0,66,1800,2.763888889,50,0.04,0.027638889,0.96,0.283055556,Moderate,21,182.0
21:17:00,195,37.0,79,1800,2.708333333,50,0.26,0.027083333,0.74,0.378833333,High,21,199.0
21:18:00,115,40.9,78,1800,1.597222222,50,0.182,0.015972222,0.818,0.354788889,High,21,195.0
21:19:00,167,47.7,67,1800,2.319444444,50,0.046,0.023194444,0.954,0.286477778,Moderate,21,115.0
21:20:00,61,41.2,69,1800,0.847222222,50,0.176,0.008472222,0.824,0.314588889,High,21,167.0
21:21:00,86,24.6,87,1800,1.194444444,50,0.508,0.011944444,0.492,0.454377778,Very High,21,61.0
21:22:00,109,37.3,77,1800,1.513888889,50,0.254,0.015138889,0.746,0.364855556,High,21,86.0
21:23:00,117,38.2,55,1800,1.625,50,0.236,0.01625,0.764,0.2737,Moderate,21,109.0
21:24:00,135,32.7,52,1800,1.875,50,0.346,0.01875,0.654,0.2847,Moderate,21,117.0
21:25:00,117,42.1,35,1800,1.625,50,0.158,0.01625,0.842,0.1781,Low,21,135.0
21:26:00,185,48.0,84,1800,2.569444444,50,0.04,0.025694444,0.96,0.354277778,High,21,117.0
21:27:00,183,47.8,40,1800,2.541666667,50,0.044,0.025416667,0.956,0.178966667,Low,21,185.0
21:28:00,142,33.5,87,1800,1.972222222,50,0.33,0.019722222,0.67,0.421888889,Very High,21,183.0
21:29:00,138,23.4,66,1800,1.916666667,50,0.532,0.019166667,0.468,0.378066667,High,21,142.0
21:30:00,191,49.5,79,1800,2.652777778,50,0.01,0.026527778,0.99,0.328611111,High,21,138.0
21:31:00,119,45.2,69,1800,1.652777778,50,0.096,0.016527778,0.904,0.301811111,High,21,191.0
21:32:00,69,23.7,66,1800,0.958333333,50,0.526,0.009583333,0.474,0.373033333,High,21,119.0
21:33:00,136,47.6,39,1800,1.888888889,50,0.048,0.018888889,0.952,0.173155556,Low,21,69.0
21:34:00,65,46.1,33,1800,0.902777778,50,0.078,0.009027778,0.922,0.151211111,Low,21,136.0
21:35:00,127,35.6,57,1800,1.763888889,50,0.288,0.017638889,0.712,0.292655556,Moderate,21,65.0
21:36:00,108,37.7,50,1800,1.5,50,0.246,0.015,0.754,0.2552,Moderate,21,127.0
21:37:00,151,32.0,53,1800,2.097222222,50,0.36,0.020972222,0.64,0.292388889,Moderate,21,108.0
21:38:00,125,21.6,50,1800,1.736111111,50,0.568,0.017361111,0.432,0.320544444,High,21,151.0
21:39:00,154,30.1,64,1800,2.138888889,50,0.398,0.021388889,0.602,0.344155556,High,21,125.0
21:40:00,144,44.1,63,1800,2.0,50,0.118,0.02,0.882,0.2836,Moderate,21,154.0
21:41:00,61,20.1,67,1800,0.847222222,50,0.598,0.008472222,0.402,0.390988889,High,21,144.0
21:42:00,186,30.0,83,1800,2.583333333,50,0.4,0.025833333,0.6,0.422333333,Very High,21,61.0
21:43:00,118,31.9,59,1800,1.638888889,50,0.362,0.016388889,0.638,0.314955556,High,21,186.0
21:44:00,179,36.1,75,1800,2.486111111,50,0.278,0.024861111,0.722,0.365544444,High,21,118.0
21:45:00,189,47.6,68,1800,2.625,50,0.048,0.02625,0.952,0.2921,Moderate,21,179.0
21:46:00,157,30.4,85,1800,2.180555556,50,0.392,0.021805556,0.608,0.427122222,Very High,21,189.0
21:47:00,199,30.4,69,1800,2.763888889,50,0.392,0.027638889,0.608,0.365455556,High,21,157.0
21:48:00,134,42.1,39,1800,1.861111111,50,0.158,0.018611111,0.842,0.195044444,Low,21,199.0
21:49:00,100,33.6,79,1800,1.388888889,50,0.328,0.013888889,0.672,0.387155556,High,21,134.0
21:50:00,120,26.7,40,1800,1.666666667,50,0.466,0.016666667,0.534,0.259866667,Moderate,21,100.0
21:51:00,196,33.6,85,1800,2.722222222,50,0.328,0.027222222,0.672,0.416488889,Very High,21,120.0
21:52:00,162,24.2,55,1800,2.25,50,0.516,0.0225,0.484,0.3322,High,21,196.0
21:53:00,62,25.3,81,1800,0.861111111,50,0.494,0.008611111,0.506,0.426244444,Very High,21,162.0
21:54:00,150,35.0,64,1800,2.083333333,50,0.3,0.020833333,0.7,0.324333333,High,21,62.0
21:55:00,180,32.6,32,1800,2.5,50,0.348,0.025,0.652,0.2076,Moderate,21,150.0
21:56:00,99,47.4,85,1800,1.375,50,0.052,0.01375,0.948,0.3559,High,21,180.0
21:57:00,68,30.9,89,1800,0.944444444,50,0.382,0.009444444,0.618,0.436177778,Very High,21,99.0
21:58:00,87,37.4,79,1800,1.208333333,50,0.252,0.012083333,0.748,0.371233333,High,21,68.0
21:59:00,78,39.0,90,1800,1.083333333,50,0.22,0.010833333,0.78,0.408333333,Very High,21,87.0
22:00:00,87,20.4,41,1800,1.208333333,50,0.592,0.012083333,0.408,0.287233333,Moderate,22,78.0
22:01:00,82,39.9,50,1800,1.138888889,50,0.202,0.011388889,0.798,0.244955556,Moderate,22,87.0
22:02:00,53,25.3,80,1800,0.736111111,50,0.494,0.007361111,0.506,0.421744444,Very High,22,82.0
22:03:00,163,48.8,43,1800,2.263888889,50,0.024,0.022638889,0.976,0.185855556,Low,22,53.0
22:04:00,181,24.5,45,1800,2.513888889,50,0.51,0.025138889,0.49,0.292055556,Moderate,22,163.0
22:05:00,178,32.4,78,1800,2.472222222,50,0.352,0.024722222,0.648,0.392288889,High,22,181.0
22:06:00,100,22.6,36,1800,1.388888889,50,0.548,0.013888889,0.452,0.259155556,Moderate,22,178.0
22:07:00,117,49.9,46,1800,1.625,50,0.002,0.01625,0.998,0.1909,Low,22,100.0
22:08:00,96,35.1,77,1800,1.333333333,50,0.298,0.013333333,0.702,0.372933333,High,22,117.0
22:09:00,89,37.9,69,1800,1.236111111,50,0.242,0.012361111,0.758,0.329344444,High,22,96.0
22:10:00,146,22.0,47,1800,2.027777778,50,0.56,0.020277778,0.44,0.308111111,High,22,89.0
22:11:00,115,42.5,90,1800,1.597222222,50,0.15,0.015972222,0.85,0.396388889,High,22,146.0
22:12:00,64,26.3,51,1800,0.888888889,50,0.474,0.008888889,0.526,0.302355556,High,22,115.0
22:13:00,94,46.9,89,1800,1.305555556,50,0.062,0.013055556,0.938,0.373622222,High,22,64.0
22:14:00,51,26.2,60,1800,0.708333333,50,0.476,0.007083333,0.524,0.338033333,High,22,94.0
22:15:00,80,25.7,50,1800,1.111111111,50,0.486,0.011111111,0.514,0.301644444,High,22,51.0
22:16:00,172,21.1,67,1800,2.388888889,50,0.578,0.023888889,0.422,0.393155556,High,22,80.0
22:17:00,156,34.2,59,1800,2.166666667,50,0.316,0.021666667,0.684,0.307866667,High,22,172.0
22:18:00,133,36.9,63,1800,1.847222222,50,0.262,0.018472222,0.738,0.311788889,High,22,156.0
22:19:00,162,22.0,33,1800,2.25,50,0.56,0.0225,0.44,0.253,Moderate,22,133.0
22:20:00,57,43.3,33,1800,0.791666667,50,0.134,0.007916667,0.866,0.161966667,Low,22,162.0
22:21:00,96,33.6,70,1800,1.333333333,50,0.328,0.013333333,0.672,0.350933333,High,22,57.0
22:22:00,193,35.7,89,1800,2.680555556,50,0.286,0.026805556,0.714,0.423922222,Very High,22,96.0
22:23:00,149,33.2,67,1800,2.069444444,50,0.336,0.020694444,0.664,0.343477778,High,22,193.0
22:24:00,148,32.0,41,1800,2.055555556,50,0.36,0.020555556,0.64,0.244222222,Moderate,22,149.0
22:25:00,62,36.8,74,1800,0.861111111,50,0.264,0.008611111,0.736,0.352244444,High,22,148.0
22:26:00,62,24.7,48,1800,0.861111111,50,0.506,0.008611111,0.494,0.296644444,Moderate,22,62.0
22:27:00,197,25.5,44,1800,2.736111111,50,0.49,0.027361111,0.51,0.284944444,Moderate,22,62.0
22:28:00,182,45.9,60,1800,2.527777778,50,0.082,0.025277778,0.918,0.266511111,Moderate,22,197.0
22:29:00,200,48.4,73,1800,2.777777778,50,0.032,0.027777778,0.968,0.309511111,High,22,182.0
22:30:00,167,31.2,56,1800,2.319444444,50,0.376,0.023194444,0.624,0.308477778,High,22,200.0
22:31:00,168,28.1,84,1800,2.333333333,50,0.438,0.023333333,0.562,0.432933333,Very High,22,167.0
22:32:00,127,39.3,59,1800,1.763888889,50,0.214,0.017638889,0.786,0.285855556,Moderate,22,168.0
22:33:00,100,32.3,52,1800,1.388888889,50,0.354,0.013888889,0.646,0.284355556,Moderate,22,127.0
22:34:00,139,20.8,36,1800,1.930555556,50,0.584,0.019305556,0.416,0.268522222,Moderate,22,100.0
22:35:00,67,24.7,47,1800,0.930555556,50,0.506,0.009305556,0.494,0.292922222,Moderate,22,139.0
22:36:00,165,41.5,32,1800,2.291666667,50,0.17,0.022916667,0.83,0.171166667,Low,22,67.0
22:37:00,90,39.8,35,1800,1.25,50,0.204,0.0125,0.796,0.1858,Low,22,165.0
22:38:00,139,20.8,41,1800,1.930555556,50,0.584,0.019305556,0.416,0.288522222,Moderate,22,90.0
22:39:00,109,26.7,37,1800,1.513888889,50,0.466,0.015138889,0.534,0.247255556,Moderate,22,139.0
22:40:00,102,26.9,72,1800,1.416666667,50,0.462,0.014166667,0.538,0.386066667,High,22,109.0
22:41:00,121,40.2,86,1800,1.680555556,50,0.196,0.016805556,0.804,0.389922222,High,22,102.0
22:42:00,155,20.6,32,1800,2.152777778,50,0.588,0.021527778,0.412,0.254211111,Moderate,22,121.0
22:43:00,166,23.1,39,1800,2.305555556,50,0.538,0.023055556,0.462,0.272822222,Moderate,22,155.0
22:44:00,77,44.0,30,1800,1.069444444,50,0.12,0.010694444,0.88,0.148277778,Low,22,166.0
22:45:00,178,25.4,52,1800,2.472222222,50,0.492,0.024722222,0.508,0.316288889,High,22,77.0
22:46:00,106,39.6,44,1800,1.472222222,50,0.208,0.014722222,0.792,0.223488889,Moderate,22,178.0
22:47:00,145,27.1,88,1800,2.013888889,50,0.458,0.020138889,0.542,0.451655556,Very High,22,106.0
22:48:00,195,23.0,81,1800,2.708333333,50,0.54,0.027083333,0.46,0.442833333,Very High,22,145.0
22:49:00,111,27.3,30,1800,1.541666667,50,0.454,0.015416667,0.546,0.216966667,Moderate,22,195.0
22:50:00,123,41.7,47,1800,1.708333333,50,0.166,0.017083333,0.834,0.228033333,Moderate,22,111.0
22:51:00,81,45.7,89,1800,1.125,50,0.086,0.01125,0.914,0.3777,High,22,123.0
22:52:00,178,44.9,79,1800,2.472222222,50,0.102,0.024722222,0.898,0.346288889,High,22,81.0
22:53:00,165,31.9,57,1800,2.291666667,50,0.362,0.022916667,0.638,0.309566667,High,22,178.0
22:54:00,98,40.0,79,1800,1.361111111,50,0.2,0.013611111,0.8,0.361444444,High,22,165.0
22:55:00,83,26.1,62,1800,1.152777778,50,0.478,0.011527778,0.522,0.348211111,High,22,98.0
22:56:00,99,28.8,43,1800,1.375,50,0.424,0.01375,0.576,0.2623,Moderate,22,83.0
22:57:00,128,46.9,39,1800,1.777777778,50,0.062,0.017777778,0.938,0.175511111,Low,22,99.0
22:58:00,196,20.4,76,1800,2.722222222,50,0.592,0.027222222,0.408,0.433288889,Very High,22,128.0
22:59:00,164,22.6,83,1800,2.277777778,50,0.548,0.022777778,0.452,0.450711111,Very High,22,196.0
23:00:00,98,26.2,50,1800,1.361111111,50,0.476,0.013611111,0.524,0.300644444,High,23,164.0
23:01:00,112,20.8,87,1800,1.555555556,50,0.584,0.015555556,0.416,0.471022222,Very High,23,98.0
23:02:00,86,25.4,55,1800,1.194444444,50,0.492,0.011944444,0.508,0.323177778,High,23,112.0
23:03:00,77,37.5,55,1800,1.069444444,50,0.25,0.010694444,0.75,0.274277778,Moderate,23,86.0
23:04:00,99,32.6,38,1800,1.375,50,0.348,0.01375,0.652,0.2271,Moderate,23,77.0
23:05:00,170,46.8,70,1800,2.361111111,50,0.064,0.023611111,0.936,0.302244444,High,23,99.0
23:06:00,151,44.5,74,1800,2.097222222,50,0.11,0.020972222,0.89,0.326388889,High,23,170.0
23:07:00,106,30.3,46,1800,1.472222222,50,0.394,0.014722222,0.606,0.268688889,Moderate,23,151.0
23:08:00,56,27.8,54,1800,0.777777778,50,0.444,0.007777778,0.556,0.307911111,High,23,106.0
23:09:00,54,31.4,75,1800,0.75,50,0.372,0.0075,0.628,0.3774,High,23,56.0
23:10:00,194,37.7,76,1800,2.694444444,50,0.246,0.026944444,0.754,0.363977778,High,23,54.0
23:11:00,60,28.0,37,1800,0.833333333,50,0.44,0.008333333,0.56,0.239333333,Moderate,23,194.0
23:12:00,178,38.7,40,1800,2.472222222,50,0.226,0.024722222,0.774,0.215088889,Moderate,23,60.0
23:13:00,54,32.3,72,1800,0.75,50,0.354,0.0075,0.646,0.3618,High,23,178.0
23:14:00,185,36.6,73,1800,2.569444444,50,0.268,0.025694444,0.732,0.355877778,High,23,54.0
23:15:00,159,33.1,55,1800,2.208333333,50,0.338,0.022083333,0.662,0.296433333,Moderate,23,185.0
23:16:00,197,28.8,67,1800,2.736111111,50,0.424,0.027361111,0.576,0.363744444,High,23,159.0
23:17:00,170,48.5,68,1800,2.361111111,50,0.03,0.023611111,0.97,0.287444444,Moderate,23,197.0
23:18:00,148,42.9,69,1800,2.055555556,50,0.142,0.020555556,0.858,0.312622222,High,23,170.0
23:19:00,57,24.2,73,1800,0.791666667,50,0.516,0.007916667,0.484,0.398366667,High,23,148.0
23:20:00,166,46.1,78,1800,2.305555556,50,0.078,0.023055556,0.922,0.336822222,High,23,57.0
23:21:00,71,34.6,90,1800,0.986111111,50,0.308,0.009861111,0.692,0.425544444,Very High,23,166.0
23:22:00,131,46.8,34,1800,1.819444444,50,0.064,0.018194444,0.936,0.156077778,Low,23,71.0
23:23:00,61,44.0,81,1800,0.847222222,50,0.12,0.008472222,0.88,0.351388889,High,23,131.0
23:24:00,100,32.8,30,1800,1.388888889,50,0.344,0.013888889,0.656,0.194355556,Low,23,61.0
23:25:00,68,20.7,41,1800,0.944444444,50,0.586,0.009444444,0.414,0.284977778,Moderate,23,100.0
23:26:00,108,28.1,47,1800,1.5,50,0.438,0.015,0.562,0.2816,Moderate,23,68.0
23:27:00,82,36.2,46,1800,1.138888889,50,0.276,0.011388889,0.724,0.243755556,Moderate,23,108.0
23:28:00,150,39.0,51,1800,2.083333333,50,0.22,0.020833333,0.78,0.256333333,Moderate,23,82.0
23:29:00,181,27.7,58,1800,2.513888889,50,0.446,0.025138889,0.554,0.331255556,High,23,150.0
23:30:00,120,24.2,82,1800,1.666666667,50,0.516,0.016666667,0.484,0.437866667,Very High,23,181.0
23:31:00,143,45.0,41,1800,1.986111111,50,0.1,0.019861111,0.9,0.191944444,Low,23,120.0
23:32:00,71,49.5,35,1800,0.986111111,50,0.01,0.009861111,0.99,0.145944444,Low,23,143.0
23:33:00,180,35.8,83,1800,2.5,50,0.284,0.025,0.716,0.3988,High,23,71.0
23:34:00,189,25.2,86,1800,2.625,50,0.496,0.02625,0.504,0.4537,Very High,23,180.0
23:35:00,89,28.2,86,1800,1.236111111,50,0.436,0.012361111,0.564,0.436144444,Very High,23,189.0
23:36:00,70,20.6,73,1800,0.972222222,50,0.588,0.009722222,0.412,0.413488889,Very High,23,89.0
23:37:00,113,47.4,49,1800,1.569444444,50,0.052,0.015694444,0.948,0.212677778,Moderate,23,70.0
23:38:00,105,23.5,70,1800,1.458333333,50,0.53,0.014583333,0.47,0.391833333,High,23,113.0
23:39:00,153,37.3,69,1800,2.125,50,0.254,0.02125,0.746,0.3353,High,23,105.0
23:40:00,63,28.2,86,1800,0.875,50,0.436,0.00875,0.564,0.4347,Very High,23,153.0
23:41:00,175,36.6,36,1800,2.430555556,50,0.268,0.024305556,0.732,0.207322222,Moderate,23,63.0
23:42:00,75,39.5,82,1800,1.041666667,50,0.21,0.010416667,0.79,0.374166667,High,23,175.0
23:43:00,70,44.9,83,1800,0.972222222,50,0.102,0.009722222,0.898,0.356288889,High,23,75.0
23:44:00,69,26.2,43,1800,0.958333333,50,0.476,0.009583333,0.524,0.271033333,Moderate,23,70.0
23:45:00,55,20.3,87,1800,0.763888889,50,0.594,0.007638889,0.406,0.469855556,Very High,23,69.0
23:46:00,101,24.1,51,1800,1.402777778,50,0.518,0.014027778,0.482,0.313211111,High,23,55.0
23:47:00,64,47.0,75,1800,0.888888889,50,0.06,0.008888889,0.94,0.315555556,High,23,101.0
23:48:00,93,46.2,42,1800,1.291666667,50,0.076,0.012916667,0.924,0.188366667,Low,23,64.0
23:49:00,181,37.9,78,1800,2.513888889,50,0.242,0.025138889,0.758,0.370455556,High,23,93.0
23:50:00,67,38.0,80,1800,0.930555556,50,0.24,0.009305556,0.76,0.371722222,High,23,181.0
23:51:00,171,40.0,81,1800,2.375,50,0.2,0.02375,0.8,0.3735,High,23,67.0
23:52:00,191,25.3,84,1800,2.652777778,50,0.494,0.026527778,0.506,0.445411111,Very High,23,171.0
23:53:00,199,47.4,55,1800,2.763888889,50,0.052,0.027638889,0.948,0.241455556,Moderate,23,191.0
23:54:00,67,32.6,76,1800,0.930555556,50,0.348,0.009305556,0.652,0.377322222,High,23,199.0
23:55:00,150,31.5,77,1800,2.083333333,50,0.37,0.020833333,0.63,0.390333333,High,23,67.0
23:56:00,77,35.6,59,1800,1.069444444,50,0.288,0.010694444,0.712,0.297877778,Moderate,23,150.0
23:57:00,169,21.4,83,1800,2.347222222,50,0.572,0.023472222,0.428,0.455788889,Very High,23,77.0
23:58:00,159,25.0,32,1800,2.208333333,50,0.5,0.022083333,0.5,0.236833333,Moderate,23,169.0
23:59:00,179,42.1,54,1800,2.486111111,50,0.158,0.024861111,0.842,0.257544444,Moderate,23,159.0
24:00:00,173,22.5,89,1800,2.402777778,50,0.55,0.024027778,0.45,0.475611111,Very High,0,179.0
24:01:00,134,38.1,88,1800,1.861111111,50,0.238,0.018611111,0.762,0.407044444,Very High,0,173.0
24:02:00,103,27.4,87,1800,1.430555556,50,0.452,0.014305556,0.548,0.444122222,Very High,0,134.0
24:03:00,157,31.7,73,1800,2.180555556,50,0.366,0.021805556,0.634,0.373922222,High,0,103.0
24:04:00,188,28.7,52,1800,2.611111111,50,0.426,0.026111111,0.574,0.303644444,High,0,157.0
24:05:00,86,30.7,30,1800,1.194444444,50,0.386,0.011944444,0.614,0.201977778,Moderate,0,188.0
24:06:00,196,41.6,61,1800,2.722222222,50,0.168,0.027222222,0.832,0.288488889,Moderate,0,86.0
24:07:00,105,28.9,42,1800,1.458333333,50,0.422,0.014583333,0.578,0.258233333,Moderate,0,196.0
24:08:00,76,37.0,86,1800,1.055555556,50,0.26,0.010555556,0.74,0.400222222,Very High,0,105.0
24:09:00,55,34.3,81,1800,0.763888889,50,0.314,0.007638889,0.686,0.389855556,High,0,76.0
24:10:00,147,39.9,40,1800,2.041666667,50,0.202,0.020416667,0.798,0.208566667,Moderate,0,55.0
24:11:00,125,48.1,39,1800,1.736111111,50,0.038,0.017361111,0.962,0.170544444,Low,0,147.0
24:12:00,143,42.0,45,1800,1.986111111,50,0.16,0.019861111,0.84,0.219944444,Moderate,0,125.0
24:13:00,152,26.4,50,1800,2.111111111,50,0.472,0.021111111,0.528,0.302844444,High,0,143.0
24:14:00,162,20.9,40,1800,2.25,50,0.582,0.0225,0.418,0.2854,Moderate,0,152.0
24:15:00,159,27.9,81,1800,2.208333333,50,0.442,0.022083333,0.558,0.421233333,Very High,0,162.0
24:16:00,171,37.9,73,1800,2.375,50,0.242,0.02375,0.758,0.3499,High,0,159.0
24:17:00,98,21.5,37,1800,1.361111111,50,0.57,0.013611111,0.43,0.267444444,Moderate,0,171.0
24:18:00,85,34.9,30,1800,1.180555556,50,0.302,0.011805556,0.698,0.185122222,Low,0,98.0
24:19:00,104,37.9,82,1800,1.444444444,50,0.242,0.014444444,0.758,0.382177778,High,0,85.0
24:20:00,153,30.0,81,1800,2.125,50,0.4,0.02125,0.6,0.4125,Very High,0,104.0
24:21:00,161,43.1,88,1800,2.236111111,50,0.138,0.022361111,0.862,0.388544444,High,0,153.0
24:22:00,187,23.2,42,1800,2.597222222,50,0.536,0.025972222,0.464,0.285588889,Moderate,0,161.0
24:23:00,112,22.3,62,1800,1.555555556,50,0.554,0.015555556,0.446,0.365022222,High,0,187.0
24:24:00,172,41.8,64,1800,2.388888889,50,0.164,0.023888889,0.836,0.298355556,Moderate,0,112.0
24:25:00,151,34.9,52,1800,2.097222222,50,0.302,0.020972222,0.698,0.276788889,Moderate,0,172.0
24:26:00,152,40.7,83,1800,2.111111111,50,0.186,0.021111111,0.814,0.377644444,High,0,151.0
24:27:00,172,33.0,66,1800,2.388888889,50,0.34,0.023888889,0.66,0.341555556,High,0,152.0
24:28:00,63,27.4,53,1800,0.875,50,0.452,0.00875,0.548,0.3059,High,0,172.0
24:29:00,130,44.6,39,1800,1.805555556,50,0.108,0.018055556,0.892,0.184822222,Low,0,63.0
24:30:00,83,44.0,47,1800,1.152777778,50,0.12,0.011527778,0.88,0.216611111,Moderate,0,130.0
24:31:00,141,40.8,30,1800,1.958333333,50,0.184,0.019583333,0.816,0.164633333,Low,0,83.0
24:32:00,90,28.2,63,1800,1.25,50,0.436,0.0125,0.564,0.3442,High,0,141.0
24:33:00,163,37.7,86,1800,2.263888889,50,0.246,0.022638889,0.754,0.402255556,Very High,0,90.0
24:34:00,187,30.8,46,1800,2.597222222,50,0.384,0.025972222,0.616,0.271188889,Moderate,0,163.0
24:35:00,119,22.7,63,1800,1.652777778,50,0.546,0.016527778,0.454,0.367811111,High,0,187.0
24:36:00,95,47.5,62,1800,1.319444444,50,0.05,0.013194444,0.95,0.263277778,Moderate,0,119.0
24:37:00,158,24.1,33,1800,2.194444444,50,0.518,0.021944444,0.482,0.244377778,Moderate,0,95.0
24:38:00,164,48.5,82,1800,2.277777778,50,0.03,0.022777778,0.97,0.343111111,High,0,158.0
24:39:00,103,33.4,74,1800,1.430555556,50,0.332,0.014305556,0.668,0.368122222,High,0,164.0
24:40:00,99,25.6,61,1800,1.375,50,0.488,0.01375,0.512,0.3471,High,0,103.0
24:41:00,197,36.3,62,1800,2.736111111,50,0.274,0.027361111,0.726,0.313744444,High,0,99.0
24:42:00,125,46.2,73,1800,1.736111111,50,0.076,0.017361111,0.924,0.314144444,High,0,197.0
24:43:00,137,42.0,44,1800,1.902777778,50,0.16,0.019027778,0.84,0.215611111,Moderate,0,125.0
24:44:00,99,44.2,48,1800,1.375,50,0.116,0.01375,0.884,0.2207,Moderate,0,137.0
24:45:00,126,39.8,37,1800,1.75,50,0.204,0.0175,0.796,0.1958,Low,0,99.0
24:46:00,131,40.8,63,1800,1.819444444,50,0.184,0.018194444,0.816,0.296077778,Moderate,0,126.0
24:47:00,136,45.5,63,1800,1.888888889,50,0.09,0.018888889,0.91,0.277555556,Moderate,0,131.0
24:48:00,63,27.5,59,1800,0.875,50,0.45,0.00875,0.55,0.3295,High,0,136.0
24:49:00,93,34.7,57,1800,1.291666667,50,0.306,0.012916667,0.694,0.294366667,Moderate,0,63.0
24:50:00,176,26.6,34,1800,2.444444444,50,0.468,0.024444444,0.532,0.239377778,Moderate,0,93.0
24:51:00,196,49.6,76,1800,2.722222222,50,0.008,0.027222222,0.992,0.316488889,High,0,176.0
24:52:00,79,48.3,39,1800,1.097222222,50,0.034,0.010972222,0.966,0.167188889,Low,0,196.0
24:53:00,69,21.2,66,1800,0.958333333,50,0.576,0.009583333,0.424,0.383033333,High,0,79.0
24:54:00,110,41.2,43,1800,1.527777778,50,0.176,0.015277778,0.824,0.213311111,Moderate,0,69.0
24:55:00,179,47.8,83,1800,2.486111111,50,0.044,0.024861111,0.956,0.350744444,High,0,110.0
24:56:00,135,25.4,81,1800,1.875,50,0.492,0.01875,0.508,0.4299,Very High,0,179.0
24:57:00,106,37.0,56,1800,1.472222222,50,0.26,0.014722222,0.74,0.281888889,Moderate,0,135.0
24:58:00,181,47.5,55,1800,2.513888889,50,0.05,0.025138889,0.95,0.240055556,Moderate,0,106.0
24:59:00,80,21.0,51,1800,1.111111111,50,0.58,0.011111111,0.42,0.324444444,High,0,181.0
25:00:00,76,40.9,84,1800,1.055555556,50,0.182,0.010555556,0.818,0.376622222,High,1,80.0
25:01:00,134,28.9,30,1800,1.861111111,50,0.422,0.018611111,0.578,0.211844444,Moderate,1,76.0
25:02:00,168,47.7,90,1800,2.333333333,50,0.046,0.023333333,0.954,0.378533333,High,1,134.0
25:03:00,117,49.1,79,1800,1.625,50,0.018,0.01625,0.982,0.3261,High,1,168.0
25:04:00,75,48.3,42,1800,1.041666667,50,0.034,0.010416667,0.966,0.178966667,Low,1,117.0
25:05:00,199,34.2,42,1800,2.763888889,50,0.316,0.027638889,0.684,0.242255556,Moderate,1,75.0
25:06:00,137,45.9,53,1800,1.902777778,50,0.082,0.019027778,0.918,0.236011111,Moderate,1,199.0
25:07:00,102,45.3,64,1800,1.416666667,50,0.094,0.014166667,0.906,0.280466667,Moderate,1,137.0
25:08:00,197,29.6,80,1800,2.736111111,50,0.408,0.027361111,0.592,0.412544444,Very High,1,102.0
25:09:00,137,44.9,33,1800,1.902777778,50,0.102,0.019027778,0.898,0.160011111,Low,1,197.0
25:10:00,108,21.1,41,1800,1.5,50,0.578,0.015,0.422,0.2856,Moderate,1,137.0
25:11:00,136,37.9,75,1800,1.888888889,50,0.242,0.018888889,0.758,0.355955556,High,1,108.0
25:12:00,183,26.9,39,1800,2.541666667,50,0.462,0.025416667,0.538,0.258566667,Moderate,1,136.0
25:13:00,52,23.6,85,1800,0.722222222,50,0.528,0.007222222,0.472,0.448488889,Very High,1,183.0
25:14:00,192,22.3,80,1800,2.666666667,50,0.554,0.026666667,0.446,0.441466667,Very High,1,52.0
25:15:00,150,40.9,69,1800,2.083333333,50,0.182,0.020833333,0.818,0.320733333,High,1,192.0
25:16:00,166,30.2,69,1800,2.305555556,50,0.396,0.023055556,0.604,0.364422222,High,1,150.0
25:17:00,73,41.7,32,1800,1.013888889,50,0.166,0.010138889,0.834,0.165255556,Low,1,166.0
25:18:00,126,22.0,82,1800,1.75,50,0.56,0.0175,0.44,0.447,Very High,1,73.0
25:19:00,139,29.5,47,1800,1.930555556,50,0.41,0.019305556,0.59,0.277722222,Moderate,1,126.0
25:20:00,115,36.2,35,1800,1.597222222,50,0.276,0.015972222,0.724,0.201588889,Moderate,1,139.0
25:21:00,144,43.7,35,1800,2.0,50,0.126,0.02,0.874,0.1732,Low,1,115.0
25:22:00,58,29.6,74,1800,0.805555556,50,0.408,0.008055556,0.592,0.380822222,High,1,144.0
25:23:00,68,38.8,56,1800,0.944444444,50,0.224,0.009444444,0.776,0.272577778,Moderate,1,58.0
25:24:00,133,46.6,41,1800,1.847222222,50,0.068,0.018472222,0.932,0.184988889,Low,1,68.0
25:25:00,88,38.5,34,1800,1.222222222,50,0.23,0.012222222,0.77,0.186888889,Low,1,133.0
25:26:00,161,27.0,78,1800,2.236111111,50,0.46,0.022361111,0.54,0.412944444,Very High,1,88.0
25:27:00,99,20.7,77,1800,1.375,50,0.586,0.01375,0.414,0.4307,Very High,1,161.0
25:28:00,99,46.1,36,1800,1.375,50,0.078,0.01375,0.922,0.1651,Low,1,99.0
25:29:00,60,20.6,87,1800,0.833333333,50,0.588,0.008333333,0.412,0.468933333,Very High,1,99.0
25:30:00,93,46.2,82,1800,1.291666667,50,0.076,0.012916667,0.924,0.348366667,High,1,60.0
25:31:00,99,35.9,76,1800,1.375,50,0.282,0.01375,0.718,0.3659,High,1,93.0
25:32:00,160,48.2,59,1800,2.222222222,50,0.036,0.022222222,0.964,0.252088889,Moderate,1,99.0
25:33:00,179,44.0,69,1800,2.486111111,50,0.12,0.024861111,0.88,0.309944444,High,1,160.0
25:34:00,124,49.9,52,1800,1.722222222,50,0.002,0.017222222,0.998,0.215288889,Moderate,1,179.0
25:35:00,185,30.5,73,1800,2.569444444,50,0.39,0.025694444,0.61,0.380277778,High,1,124.0
25:36:00,151,43.0,47,1800,2.097222222,50,0.14,0.020972222,0.86,0.224388889,Moderate,1,185.0
25:37:00,160,32.1,70,1800,2.222222222,50,0.358,0.022222222,0.642,0.360488889,High,1,151.0
25:38:00,59,34.4,58,1800,0.819444444,50,0.312,0.008194444,0.688,0.297677778,Moderate,1,160.0
25:39:00,191,38.8,46,1800,2.652777778,50,0.224,0.026527778,0.776,0.239411111,Moderate,1,59.0
25:40:00,141,46.2,63,1800,1.958333333,50,0.076,0.019583333,0.924,0.275033333,Moderate,1,191.0
25:41:00,144,49.5,71,1800,2.0,50,0.01,0.02,0.99,0.294,Moderate,1,141.0
25:42:00,72,43.0,66,1800,1.0,50,0.14,0.01,0.86,0.296,Moderate,1,144.0
25:43:00,72,32.5,63,1800,1.0,50,0.35,0.01,0.65,0.326,High,1,72.0
25:44:00,182,32.6,58,1800,2.527777778,50,0.348,0.025277778,0.652,0.311711111,High,1,72.0
25:45:00,193,42.1,38,1800,2.680555556,50,0.158,0.026805556,0.842,0.194322222,Low,1,182.0
25:46:00,151,27.2,62,1800,2.097222222,50,0.456,0.020972222,0.544,0.347588889,High,1,193.0
25:47:00,139,23.3,63,1800,1.930555556,50,0.534,0.019305556,0.466,0.366522222,High,1,151.0
25:48:00,130,30.6,45,1800,1.805555556,50,0.388,0.018055556,0.612,0.264822222,Moderate,1,139.0
25:49:00,107,28.6,90,1800,1.486111111,50,0.428,0.014861111,0.572,0.451544444,Very High,1,130.0
25:50:00,186,28.9,49,1800,2.583333333,50,0.422,0.025833333,0.578,0.290733333,Moderate,1,107.0
25:51:00,99,27.0,48,1800,1.375,50,0.46,0.01375,0.54,0.2895,Moderate,1,186.0
25:52:00,179,21.3,86,1800,2.486111111,50,0.574,0.024861111,0.426,0.468744444,Very High,1,99.0
25:53:00,84,20.5,41,1800,1.166666667,50,0.59,0.011666667,0.41,0.286666667,Moderate,1,179.0
25:54:00,133,49.6,80,1800,1.847222222,50,0.008,0.018472222,0.992,0.328988889,High,1,84.0
25:55:00,65,32.8,60,1800,0.902777778,50,0.344,0.009027778,0.656,0.312411111,High,1,133.0
25:56:00,95,31.5,42,1800,1.319444444,50,0.37,0.013194444,0.63,0.247277778,Moderate,1,65.0
25:57:00,164,40.4,42,1800,2.277777778,50,0.192,0.022777778,0.808,0.215511111,Moderate,1,95.0
25:58:00,60,26.5,60,1800,0.833333333,50,0.47,0.008333333,0.53,0.337333333,High,1,164.0
25:59:00,195,48.5,84,1800,2.708333333,50,0.03,0.027083333,0.97,0.352833333,High,1,60.0
26:00:00,164,43.6,73,1800,2.277777778,50,0.128,0.022777778,0.872,0.326711111,High,2,195.0
26:01:00,75,22.7,39,1800,1.041666667,50,0.546,0.010416667,0.454,0.269366667,Moderate,2,164.0
26:02:00,69,32.5,35,1800,0.958333333,50,0.35,0.009583333,0.65,0.213833333,Moderate,2,75.0
26:03:00,126,46.4,70,1800,1.75,50,0.072,0.0175,0.928,0.3014,High,2,69.0
26:04:00,94,48.3,34,1800,1.305555556,50,0.034,0.013055556,0.966,0.148022222,Low,2,126.0
26:05:00,150,34.0,88,1800,2.083333333,50,0.32,0.020833333,0.68,0.424333333,Very High,2,94.0
26:06:00,122,38.4,74,1800,1.694444444,50,0.232,0.016944444,0.768,0.349177778,High,2,150.0
26:07:00,133,25.0,67,1800,1.847222222,50,0.5,0.018472222,0.5,0.375388889,High,2,122.0
26:08:00,167,49.7,55,1800,2.319444444,50,0.006,0.023194444,0.994,0.230477778,Moderate,2,133.0
26:09:00,62,27.0,32,1800,0.861111111,50,0.46,0.008611111,0.54,0.223444444,Moderate,2,167.0
26:10:00,191,48.3,39,1800,2.652777778,50,0.034,0.026527778,0.966,0.173411111,Low,2,62.0
26:11:00,104,39.5,74,1800,1.444444444,50,0.21,0.014444444,0.79,0.343777778,High,2,191.0
26:12:00,148,38.2,89,1800,2.055555556,50,0.236,0.020555556,0.764,0.411422222,Very High,2,104.0
26:13:00,198,35.4,77,1800,2.75,50,0.292,0.0275,0.708,0.3774,High,2,148.0
26:14:00,193,26.9,78,1800,2.680555556,50,0.462,0.026805556,0.538,0.415122222,Very High,2,198.0
26:15:00,200,25.3,49,1800,2.777777778,50,0.494,0.027777778,0.506,0.305911111,High,2,193.0
26:16:00,147,26.6,71,1800,2.041666667,50,0.468,0.020416667,0.532,0.385766667,High,2,200.0
26:17:00,74,25.6,81,1800,1.027777778,50,0.488,0.010277778,0.512,0.425711111,Very High,2,147.0
26:18:00,160,43.4,80,1800,2.222222222,50,0.132,0.022222222,0.868,0.355288889,High,2,74.0
26:19:00,173,30.5,54,1800,2.402777778,50,0.39,0.024027778,0.61,0.303611111,High,2,160.0
26:20:00,53,21.7,48,1800,0.736111111,50,0.566,0.007361111,0.434,0.308144444,High,2,173.0
26:21:00,141,49.1,49,1800,1.958333333,50,0.018,0.019583333,0.982,0.207433333,Moderate,2,53.0
26:22:00,197,46.5,62,1800,2.736111111,50,0.07,0.027361111,0.93,0.272944444,Moderate,2,141.0
26:23:00,60,47.8,42,1800,0.833333333,50,0.044,0.008333333,0.956,0.180133333,Low,2,197.0
26:24:00,52,49.8,30,1800,0.722222222,50,0.004,0.007222222,0.996,0.123688889,Low,2,60.0
26:25:00,192,25.2,48,1800,2.666666667,50,0.496,0.026666667,0.504,0.301866667,High,2,52.0
26:26:00,59,31.9,86,1800,0.819444444,50,0.362,0.008194444,0.638,0.419677778,Very High,2,192.0
26:27:00,155,42.7,81,1800,2.152777778,50,0.146,0.021527778,0.854,0.361811111,High,2,59.0
26:28:00,122,40.9,78,1800,1.694444444,50,0.182,0.016944444,0.818,0.355177778,High,2,155.0
26:29:00,129,24.6,48,1800,1.791666667,50,0.508,0.017916667,0.492,0.300766667,High,2,122.0
26:30:00,76,44.5,55,1800,1.055555556,50,0.11,0.010555556,0.89,0.246222222,Moderate,2,129.0
26:31:00,82,26.7,52,1800,1.138888889,50,0.466,0.011388889,0.534,0.305755556,High,2,76.0
26:32:00,135,26.7,39,1800,1.875,50,0.466,0.01875,0.534,0.2567,Moderate,2,82.0
26:33:00,85,36.1,86,1800,1.180555556,50,0.278,0.011805556,0.722,0.404322222,Very High,2,135.0
26:34:00,76,37.8,47,1800,1.055555556,50,0.244,0.010555556,0.756,0.241022222,Moderate,2,85.0
26:35:00,172,37.4,57,1800,2.388888889,50,0.252,0.023888889,0.748,0.287955556,Moderate,2,76.0
26:36:00,197,22.7,86,1800,2.736111111,50,0.546,0.027361111,0.454,0.464144444,Very High,2,172.0
26:37:00,69,46.3,50,1800,0.958333333,50,0.074,0.009583333,0.926,0.218633333,Moderate,2,197.0
26:38:00,188,28.0,34,1800,2.611111111,50,0.44,0.026111111,0.56,0.234444444,Moderate,2,69.0
26:39:00,165,23.9,51,1800,2.291666667,50,0.522,0.022916667,0.478,0.317566667,High,2,188.0
26:40:00,138,46.7,62,1800,1.916666667,50,0.066,0.019166667,0.934,0.268866667,Moderate,2,165.0
26:41:00,55,48.7,70,1800,0.763888889,50,0.026,0.007638889,0.974,0.288255556,Moderate,2,138.0
26:42:00,95,45.9,77,1800,1.319444444,50,0.082,0.013194444,0.918,0.329677778,High,2,55.0
26:43:00,53,44.3,87,1800,0.736111111,50,0.114,0.007361111,0.886,0.373744444,High,2,95.0
26:44:00,191,39.7,67,1800,2.652777778,50,0.206,0.026527778,0.794,0.319811111,High,2,53.0
26:45:00,61,36.5,56,1800,0.847222222,50,0.27,0.008472222,0.73,0.281388889,Moderate,2,191.0
26:46:00,139,22.6,51,1800,1.930555556,50,0.548,0.019305556,0.452,0.321322222,High,2,61.0
26:47:00,131,32.3,47,1800,1.819444444,50,0.354,0.018194444,0.646,0.266077778,Moderate,2,139.0
26:48:00,163,31.2,33,1800,2.263888889,50,0.376,0.022638889,0.624,0.216255556,Moderate,2,131.0
26:49:00,52,27.8,37,1800,0.722222222,50,0.444,0.007222222,0.556,0.239688889,Moderate,2,163.0
26:50:00,93,41.7,50,1800,1.291666667,50,0.166,0.012916667,0.834,0.238366667,Moderate,2,52.0
26:51:00,89,34.9,54,1800,1.236111111,50,0.302,0.012361111,0.698,0.281344444,Moderate,2,93.0
26:52:00,56,22.4,37,1800,0.777777778,50,0.552,0.007777778,0.448,0.261511111,Moderate,2,89.0
26:53:00,74,26.6,62,1800,1.027777778,50,0.468,0.010277778,0.532,0.345711111,High,2,56.0
26:54:00,117,40.5,64,1800,1.625,50,0.19,0.01625,0.81,0.3005,High,2,74.0
26:55:00,121,22.3,61,1800,1.680555556,50,0.554,0.016805556,0.446,0.361522222,High,2,117.0
26:56:00,149,45.5,60,1800,2.069444444,50,0.09,0.020694444,0.91,0.266277778,Moderate,2,121.0
26:57:00,51,34.9,34,1800,0.708333333,50,0.302,0.007083333,0.698,0.199233333,Low,2,149.0
26:58:00,123,34.4,72,1800,1.708333333,50,0.312,0.017083333,0.688,0.357233333,High,2,51.0
26:59:00,80,37.8,30,1800,1.111111111,50,0.244,0.011111111,0.756,0.173244444,Low,2,123.0
27:00:00,99,44.7,72,1800,1.375,50,0.106,0.01375,0.894,0.3147,High,3,80.0
27:01:00,183,30.4,83,1800,2.541666667,50,0.392,0.025416667,0.608,0.420566667,Very High,3,99.0
27:02:00,64,40.3,84,1800,0.888888889,50,0.194,0.008888889,0.806,0.378355556,High,3,183.0
27:03:00,89,37.0,42,1800,1.236111111,50,0.26,0.012361111,0.74,0.224944444,Moderate,3,64.0
27:04:00,127,28.0,71,1800,1.763888889,50,0.44,0.017638889,0.56,0.379055556,High,3,89.0
27:05:00,109,46.4,74,1800,1.513888889,50,0.072,0.015138889,0.928,0.316455556,High,3,127.0
27:06:00,75,43.9,65,1800,1.041666667,50,0.122,0.010416667,0.878,0.288566667,Moderate,3,109.0
27:07:00,84,39.8,45,1800,1.166666667,50,0.204,0.011666667,0.796,0.225466667,Moderate,3,75.0
27:08:00,168,45.5,56,1800,2.333333333,50,0.09,0.023333333,0.91,0.251333333,Moderate,3,84.0
27:09:00,121,46.0,50,1800,1.680555556,50,0.08,0.016805556,0.92,0.222722222,Moderate,3,168.0
27:10:00,189,41.3,70,1800,2.625,50,0.174,0.02625,0.826,0.3253,High,3,121.0
27:11:00,118,45.1,63,1800,1.638888889,50,0.098,0.016388889,0.902,0.278155556,Moderate,3,189.0
27:12:00,113,40.9,66,1800,1.569444444,50,0.182,0.015694444,0.818,0.306677778,High,3,118.0
27:13:00,90,40.4,48,1800,1.25,50,0.192,0.0125,0.808,0.2354,Moderate,3,113.0
27:14:00,200,38.6,37,1800,2.777777778,50,0.228,0.027777778,0.772,0.204711111,Moderate,3,90.0
27:15:00,199,42.6,35,1800,2.763888889,50,0.148,0.027638889,0.852,0.180655556,Low,3,200.0
27:16:00,148,24.8,73,1800,2.055555556,50,0.504,0.020555556,0.496,0.401022222,Very High,3,199.0
27:17:00,77,46.4,70,1800,1.069444444,50,0.072,0.010694444,0.928,0.298677778,Moderate,3,148.0
27:18:00,175,46.2,35,1800,2.430555556,50,0.076,0.024305556,0.924,0.164922222,Low,3,77.0
27:19:00,136,20.9,65,1800,1.888888889,50,0.582,0.018888889,0.418,0.383955556,High,3,175.0
27:20:00,68,44.8,72,1800,0.944444444,50,0.104,0.009444444,0.896,0.312577778,High,3,136.0
27:21:00,126,23.9,30,1800,1.75,50,0.522,0.0175,0.478,0.2314,Moderate,3,68.0
27:22:00,180,30.1,72,1800,2.5,50,0.398,0.025,0.602,0.3776,High,3,126.0
27:23:00,161,42.3,39,1800,2.236111111,50,0.154,0.022361111,0.846,0.195744444,Low,3,180.0
27:24:00,51,24.8,31,1800,0.708333333,50,0.504,0.007083333,0.496,0.227633333,Moderate,3,161.0
27:25:00,116,44.5,60,1800,1.611111111,50,0.11,0.016111111,0.89,0.268444444,Moderate,3,51.0
27:26:00,129,45.0,40,1800,1.791666667,50,0.1,0.017916667,0.9,0.187166667,Low,3,116.0
27:27:00,128,35.2,72,1800,1.777777778,50,0.296,0.017777778,0.704,0.354311111,High,3,129.0
27:28:00,140,20.2,88,1800,1.944444444,50,0.596,0.019444444,0.404,0.478977778,Very High,3,128.0
27:29:00,86,28.6,53,1800,1.194444444,50,0.428,0.011944444,0.572,0.302377778,High,3,140.0
27:30:00,170,38.5,38,1800,2.361111111,50,0.23,0.023611111,0.77,0.207444444,Moderate,3,86.0
27:31:00,70,49.4,71,1800,0.972222222,50,0.012,0.009722222,0.988,0.290288889,Moderate,3,170.0
27:32:00,139,39.0,71,1800,1.930555556,50,0.22,0.019305556,0.78,0.335722222,High,3,70.0
27:33:00,88,27.8,57,1800,1.222222222,50,0.444,0.012222222,0.556,0.321688889,High,3,139.0
27:34:00,60,39.0,65,1800,0.833333333,50,0.22,0.008333333,0.78,0.307333333,High,3,88.0
27:35:00,127,36.2,44,1800,1.763888889,50,0.276,0.017638889,0.724,0.238255556,Moderate,3,60.0
27:36:00,74,43.4,53,1800,1.027777778,50,0.132,0.010277778,0.868,0.242511111,Moderate,3,127.0
27:37:00,181,23.2,68,1800,2.513888889,50,0.536,0.025138889,0.464,0.389255556,High,3,74.0
27:38:00,84,42.8,30,1800,1.166666667,50,0.144,0.011666667,0.856,0.153466667,Low,3,181.0
27:39:00,173,36.2,85,1800,2.402777778,50,0.276,0.024027778,0.724,0.404811111,Very High,3,84.0
27:40:00,61,48.9,37,1800,0.847222222,50,0.022,0.008472222,0.978,0.155788889,Low,3,173.0
27:41:00,118,30.3,55,1800,1.638888889,50,0.394,0.016388889,0.606,0.305355556,High,3,61.0
27:42:00,118,39.0,34,1800,1.638888889,50,0.22,0.016388889,0.78,0.186555556,Low,3,118.0
27:43:00,81,48.0,83,1800,1.125,50,0.04,0.01125,0.96,0.3445,High,3,118.0
27:44:00,51,23.1,35,1800,0.708333333,50,0.538,0.007083333,0.462,0.250433333,Moderate,3,81.0
27:45:00,104,48.1,66,1800,1.444444444,50,0.038,0.014444444,0.962,0.277377778,Moderate,3,51.0
27:46:00,81,40.6,57,1800,1.125,50,0.188,0.01125,0.812,0.2701,Moderate,3,104.0
27:47:00,137,22.0,72,1800,1.902777778,50,0.56,0.019027778,0.44,0.407611111,Very High,3,81.0
27:48:00,143,29.0,72,1800,1.986111111,50,0.42,0.019861111,0.58,0.379944444,High,3,137.0
27:49:00,167,41.2,87,1800,2.319444444,50,0.176,0.023194444,0.824,0.392477778,High,3,143.0
27:50:00,153,22.0,69,1800,2.125,50,0.56,0.02125,0.44,0.3965,High,3,167.0
27:51:00,110,37.5,76,1800,1.527777778,50,0.25,0.015277778,0.75,0.360111111,High,3,153.0
27:52:00,103,30.4,45,1800,1.430555556,50,0.392,0.014305556,0.608,0.264122222,Moderate,3,110.0
27:53:00,144,38.6,34,1800,2.0,50,0.228,0.02,0.772,0.1896,Low,3,103.0
27:54:00,52,21.4,40,1800,0.722222222,50,0.572,0.007222222,0.428,0.277288889,Moderate,3,144.0
27:55:00,85,46.1,90,1800,1.180555556,50,0.078,0.011805556,0.922,0.380322222,High,3,52.0
27:56:00,147,49.2,31,1800,2.041666667,50,0.016,0.020416667,0.984,0.135366667,Low,3,85.0
27:57:00,131,49.1,43,1800,1.819444444,50,0.018,0.018194444,0.982,0.182877778,Low,3,147.0
27:58:00,97,42.5,70,1800,1.347222222,50,0.15,0.013472222,0.85,0.315388889,High,3,131.0
27:59:00,122,23.9,48,1800,1.694444444,50,0.522,0.016944444,0.478,0.303177778,High,3,97.0
28:00:00,154,42.7,60,1800,2.138888889,50,0.146,0.021388889,0.854,0.277755556,Moderate,4,122.0
28:01:00,144,20.7,74,1800,2.0,50,0.586,0.02,0.414,0.4212,Very High,4,154.0
28:02:00,74,20.7,59,1800,1.027777778,50,0.586,0.010277778,0.414,0.357311111,High,4,144.0
28:03:00,103,29.7,40,1800,1.430555556,50,0.406,0.014305556,0.594,0.246922222,Moderate,4,74.0
28:04:00,55,34.7,80,1800,0.763888889,50,0.306,0.007638889,0.694,0.384255556,High,4,103.0
28:05:00,171,43.1,43,1800,2.375,50,0.138,0.02375,0.862,0.2091,Moderate,4,55.0
28:06:00,170,40.5,54,1800,2.361111111,50,0.19,0.023611111,0.81,0.263444444,Moderate,4,171.0
28:07:00,120,33.4,71,1800,1.666666667,50,0.332,0.016666667,0.668,0.357066667,High,4,170.0
28:08:00,191,28.2,86,1800,2.652777778,50,0.436,0.026527778,0.564,0.441811111,Very High,4,120.0
28:09:00,63,49.9,51,1800,0.875,50,0.002,0.00875,0.998,0.2079,Moderate,4,191.0
28:10:00,122,32.8,84,1800,1.694444444,50,0.344,0.016944444,0.656,0.411577778,Very High,4,63.0
28:11:00,109,33.5,67,1800,1.513888889,50,0.33,0.015138889,0.67,0.340055556,High,4,122.0
28:12:00,164,24.9,65,1800,2.277777778,50,0.502,0.022777778,0.498,0.369511111,High,4,109.0
28:13:00,182,43.8,51,1800,2.527777778,50,0.124,0.025277778,0.876,0.238911111,Moderate,4,164.0
28:14:00,84,40.8,33,1800,1.166666667,50,0.184,0.011666667,0.816,0.173466667,Low,4,182.0
28:15:00,108,26.6,39,1800,1.5,50,0.468,0.015,0.532,0.2556,Moderate,4,84.0
28:16:00,84,22.5,81,1800,1.166666667,50,0.55,0.011666667,0.45,0.438666667,Very High,4,108.0
28:17:00,97,40.4,82,1800,1.347222222,50,0.192,0.013472222,0.808,0.371788889,High,4,84.0
28:18:00,136,39.6,88,1800,1.888888889,50,0.208,0.018888889,0.792,0.401155556,Very High,4,97.0
28:19:00,154,28.2,32,1800,2.138888889,50,0.436,0.021388889,0.564,0.223755556,Moderate,4,136.0
28:20:00,139,48.5,77,1800,1.930555556,50,0.03,0.019305556,0.97,0.321722222,High,4,154.0
28:21:00,65,24.5,44,1800,0.902777778,50,0.51,0.009027778,0.49,0.281611111,Moderate,4,139.0
28:22:00,66,33.0,31,1800,0.916666667,50,0.34,0.009166667,0.66,0.195666667,Low,4,65.0
28:23:00,175,48.3,32,1800,2.430555556,50,0.034,0.024305556,0.966,0.144522222,Low,4,66.0
28:24:00,76,32.6,38,1800,1.055555556,50,0.348,0.010555556,0.652,0.225822222,Moderate,4,175.0
28:25:00,170,39.2,76,1800,2.361111111,50,0.216,0.023611111,0.784,0.356644444,High,4,76.0
28:26:00,73,31.9,71,1800,1.013888889,50,0.362,0.010138889,0.638,0.360455556,High,4,170.0
28:27:00,58,28.2,33,1800,0.805555556,50,0.436,0.008055556,0.564,0.222422222,Moderate,4,73.0
28:28:00,69,49.5,37,1800,0.958333333,50,0.01,0.009583333,0.99,0.153833333,Low,4,58.0
28:29:00,55,32.3,66,1800,0.763888889,50,0.354,0.007638889,0.646,0.337855556,High,4,69.0
28:30:00,161,46.8,44,1800,2.236111111,50,0.064,0.022361111,0.936,0.197744444,Low,4,55.0
28:31:00,175,26.9,86,1800,2.430555556,50,0.462,0.024305556,0.538,0.446122222,Very High,4,161.0
28:32:00,144,26.4,55,1800,2.0,50,0.472,0.02,0.528,0.3224,High,4,175.0
28:33:00,154,20.9,35,1800,2.138888889,50,0.582,0.021388889,0.418,0.264955556,Moderate,4,144.0
28:34:00,171,39.6,65,1800,2.375,50,0.208,0.02375,0.792,0.3111,High,4,154.0
28:35:00,121,31.1,38,1800,1.680555556,50,0.378,0.016805556,0.622,0.234322222,Moderate,4,171.0
28:36:00,57,45.9,80,1800,0.791666667,50,0.082,0.007916667,0.918,0.339566667,High,4,121.0
28:37:00,194,34.2,31,1800,2.694444444,50,0.316,0.026944444,0.684,0.197977778,Low,4,57.0
28:38:00,63,49.0,67,1800,0.875,50,0.02,0.00875,0.98,0.2755,Moderate,4,194.0
28:39:00,73,25.6,63,1800,1.013888889,50,0.488,0.010138889,0.512,0.353655556,High,4,63.0
28:40:00,103,46.1,47,1800,1.430555556,50,0.078,0.014305556,0.922,0.209322222,Moderate,4,73.0
28:41:00,113,43.3,37,1800,1.569444444,50,0.134,0.015694444,0.866,0.181077778,Low,4,103.0
28:42:00,144,43.1,50,1800,2.0,50,0.138,0.02,0.862,0.2356,Moderate,4,113.0
28:43:00,90,45.3,64,1800,1.25,50,0.094,0.0125,0.906,0.2798,Moderate,4,144.0
28:44:00,146,42.8,53,1800,2.027777778,50,0.144,0.020277778,0.856,0.248911111,Moderate,4,90.0
28:45:00,112,38.8,40,1800,1.555555556,50,0.224,0.015555556,0.776,0.211022222,Moderate,4,146.0
28:46:00,170,23.9,86,1800,2.361111111,50,0.522,0.023611111,0.478,0.457844444,Very High,4,112.0
28:47:00,175,21.0,34,1800,2.430555556,50,0.58,0.024305556,0.42,0.261722222,Moderate,4,170.0
28:48:00,92,47.6,41,1800,1.277777778,50,0.048,0.012777778,0.952,0.178711111,Low,4,175.0
28:49:00,119,38.5,73,1800,1.652777778,50,0.23,0.016527778,0.77,0.344611111,High,4,92.0
28:50:00,181,43.9,60,1800,2.513888889,50,0.122,0.025138889,0.878,0.274455556,Moderate,4,119.0
28:51:00,112,34.4,36,1800,1.555555556,50,0.312,0.015555556,0.688,0.212622222,Moderate,4,181.0
28:52:00,113,23.5,61,1800,1.569444444,50,0.53,0.015694444,0.47,0.356277778,High,4,112.0
28:53:00,102,23.8,65,1800,1.416666667,50,0.524,0.014166667,0.476,0.370466667,High,4,113.0
28:54:00,110,40.6,32,1800,1.527777778,50,0.188,0.015277778,0.812,0.171711111,Low,4,102.0
28:55:00,166,32.9,90,1800,2.305555556,50,0.342,0.023055556,0.658,0.437622222,Very High,4,110.0
28:56:00,160,26.0,34,1800,2.222222222,50,0.48,0.022222222,0.52,0.240888889,Moderate,4,166.0
28:57:00,123,34.7,40,1800,1.708333333,50,0.306,0.017083333,0.694,0.228033333,Moderate,4,160.0
28:58:00,117,21.9,38,1800,1.625,50,0.562,0.01625,0.438,0.2709,Moderate,4,123.0
28:59:00,152,37.5,74,1800,2.111111111,50,0.25,0.021111111,0.75,0.354444444,High,4,117.0
29:00:00,114,28.1,49,1800,1.583333333,50,0.438,0.015833333,0.562,0.289933333,Moderate,5,152.0
29:01:00,112,43.9,66,1800,1.555555556,50,0.122,0.015555556,0.878,0.294622222,Moderate,5,114.0
29:02:00,149,29.3,44,1800,2.069444444,50,0.414,0.020694444,0.586,0.267077778,Moderate,5,112.0
29:03:00,170,33.7,40,1800,2.361111111,50,0.326,0.023611111,0.674,0.234644444,Moderate,5,149.0
29:04:00,59,20.3,60,1800,0.819444444,50,0.594,0.008194444,0.406,0.362077778,High,5,170.0
29:05:00,182,22.2,70,1800,2.527777778,50,0.556,0.025277778,0.444,0.401311111,Very High,5,59.0
29:06:00,146,31.8,73,1800,2.027777778,50,0.364,0.020277778,0.636,0.372911111,High,5,182.0
29:07:00,89,34.4,44,1800,1.236111111,50,0.312,0.012361111,0.688,0.243344444,Moderate,5,146.0
29:08:00,137,38.0,63,1800,1.902777778,50,0.24,0.019027778,0.76,0.307611111,High,5,89.0
29:09:00,98,28.7,75,1800,1.361111111,50,0.426,0.013611111,0.574,0.390644444,High,5,137.0
29:10:00,162,40.8,54,1800,2.25,50,0.184,0.0225,0.816,0.2618,Moderate,5,98.0
29:11:00,188,45.8,55,1800,2.611111111,50,0.084,0.026111111,0.916,0.247244444,Moderate,5,162.0
29:12:00,75,43.4,42,1800,1.041666667,50,0.132,0.010416667,0.868,0.198566667,Low,5,188.0
29:13:00,99,21.2,55,1800,1.375,50,0.576,0.01375,0.424,0.3407,High,5,75.0
29:14:00,155,34.4,86,1800,2.152777778,50,0.312,0.021527778,0.688,0.415011111,Very High,5,99.0
29:15:00,126,23.1,32,1800,1.75,50,0.538,0.0175,0.462,0.2426,Moderate,5,155.0
29:16:00,101,27.3,69,1800,1.402777778,50,0.454,0.014027778,0.546,0.372411111,High,5,126.0
29:17:00,122,49.6,70,1800,1.694444444,50,0.008,0.016944444,0.992,0.288377778,Moderate,5,101.0
29:18:00,101,24.3,87,1800,1.402777778,50,0.514,0.014027778,0.486,0.456411111,Very High,5,122.0
29:19:00,186,35.0,35,1800,2.583333333,50,0.3,0.025833333,0.7,0.210333333,Moderate,5,101.0
29:20:00,86,38.5,31,1800,1.194444444,50,0.23,0.011944444,0.77,0.174777778,Low,5,186.0
29:21:00,144,41.1,74,1800,2.0,50,0.178,0.02,0.822,0.3396,High,5,86.0
29:22:00,101,36.8,48,1800,1.402777778,50,0.264,0.014027778,0.736,0.250411111,Moderate,5,144.0
29:23:00,54,20.3,42,1800,0.75,50,0.594,0.0075,0.406,0.2898,Moderate,5,101.0
29:24:00,131,29.8,37,1800,1.819444444,50,0.404,0.018194444,0.596,0.236077778,Moderate,5,54.0
29:25:00,74,35.5,76,1800,1.027777778,50,0.29,0.010277778,0.71,0.366111111,High,5,131.0
29:26:00,144,22.6,35,1800,2.0,50,0.548,0.02,0.452,0.2576,Moderate,5,74.0
29:27:00,108,30.5,42,1800,1.5,50,0.39,0.015,0.61,0.252,Moderate,5,144.0
29:28:00,105,21.0,68,1800,1.458333333,50,0.58,0.014583333,0.42,0.393833333,High,5,108.0
29:29:00,176,22.4,43,1800,2.444444444,50,0.552,0.024444444,0.448,0.292177778,Moderate,5,105.0
29:30:00,142,31.9,83,1800,1.972222222,50,0.362,0.019722222,0.638,0.412288889,Very High,5,176.0
29:31:00,120,24.0,30,1800,1.666666667,50,0.52,0.016666667,0.48,0.230666667,Moderate,5,142.0
29:32:00,135,37.0,65,1800,1.875,50,0.26,0.01875,0.74,0.3195,High,5,120.0
29:33:00,76,40.7,45,1800,1.055555556,50,0.186,0.010555556,0.814,0.221422222,Moderate,5,135.0
29:34:00,126,44.0,73,1800,1.75,50,0.12,0.0175,0.88,0.323,High,5,76.0
29:35:00,132,26.0,84,1800,1.833333333,50,0.48,0.018333333,0.52,0.439333333,Very High,5,126.0
29:36:00,124,25.0,58,1800,1.722222222,50,0.5,0.017222222,0.5,0.338888889,High,5,132.0
29:37:00,99,23.1,52,1800,1.375,50,0.538,0.01375,0.462,0.3211,High,5,124.0
29:38:00,125,39.1,69,1800,1.736111111,50,0.218,0.017361111,0.782,0.326544444,High,5,99.0
29:39:00,119,41.2,49,1800,1.652777778,50,0.176,0.016527778,0.824,0.237811111,Moderate,5,125.0
29:40:00,71,20.9,80,1800,0.986111111,50,0.582,0.009861111,0.418,0.440344444,Very High,5,119.0
29:41:00,119,48.1,73,1800,1.652777778,50,0.038,0.016527778,0.962,0.306211111,High,5,71.0
29:42:00,182,21.6,63,1800,2.527777778,50,0.568,0.025277778,0.432,0.375711111,High,5,119.0
29:43:00,200,36.2,89,1800,2.777777778,50,0.276,0.027777778,0.724,0.422311111,Very High,5,182.0
29:44:00,168,41.3,90,1800,2.333333333,50,0.174,0.023333333,0.826,0.404133333,Very High,5,200.0
29:45:00,146,46.1,68,1800,2.027777778,50,0.078,0.020277778,0.922,0.295711111,Moderate,5,168.0
29:46:00,198,41.4,77,1800,2.75,50,0.172,0.0275,0.828,0.3534,High,5,146.0
29:47:00,191,44.1,85,1800,2.652777778,50,0.118,0.026527778,0.882,0.374211111,High,5,198.0
29:48:00,158,30.2,59,1800,2.194444444,50,0.396,0.021944444,0.604,0.323977778,High,5,191.0
29:49:00,114,44.4,69,1800,1.583333333,50,0.112,0.015833333,0.888,0.304733333,High,5,158.0
29:50:00,138,22.4,44,1800,1.916666667,50,0.552,0.019166667,0.448,0.294066667,Moderate,5,114.0
29:51:00,179,46.8,72,1800,2.486111111,50,0.064,0.024861111,0.936,0.310744444,High,5,138.0
29:52:00,123,36.4,58,1800,1.708333333,50,0.272,0.017083333,0.728,0.293233333,Moderate,5,179.0
29:53:00,150,44.5,39,1800,2.083333333,50,0.11,0.020833333,0.89,0.186333333,Low,5,123.0
29:54:00,99,33.6,86,1800,1.375,50,0.328,0.01375,0.672,0.4151,Very High,5,150.0
29:55:00,169,39.3,63,1800,2.347222222,50,0.214,0.023472222,0.786,0.304188889,High,5,99.0
29:56:00,125,35.8,39,1800,1.736111111,50,0.284,0.017361111,0.716,0.219744444,Moderate,5,169.0
29:57:00,111,41.9,72,1800,1.541666667,50,0.162,0.015416667,0.838,0.326566667,High,5,125.0
29:58:00,153,22.4,41,1800,2.125,50,0.552,0.02125,0.448,0.2829,Moderate,5,111.0
29:59:00,153,21.8,64,1800,2.125,50,0.564,0.02125,0.436,0.3773,High,5,153.0
30:00:00,174,27.4,41,1800,2.416666667,50,0.452,0.024166667,0.548,0.264066667,Moderate,6,153.0
30:01:00,199,24.8,87,1800,2.763888889,50,0.504,0.027638889,0.496,0.459855556,Very High,6,174.0
30:02:00,169,46.2,31,1800,2.347222222,50,0.076,0.023472222,0.924,0.148588889,Low,6,199.0
30:03:00,119,26.6,54,1800,1.652777778,50,0.468,0.016527778,0.532,0.316211111,High,6,169.0
30:04:00,121,49.3,62,1800,1.680555556,50,0.014,0.016805556,0.986,0.257522222,Moderate,6,119.0
30:05:00,80,30.1,33,1800,1.111111111,50,0.398,0.011111111,0.602,0.216044444,Moderate,6,121.0
30:06:00,148,25.5,81,1800,2.055555556,50,0.49,0.020555556,0.51,0.430222222,Very High,6,80.0
30:07:00,59,43.7,65,1800,0.819444444,50,0.126,0.008194444,0.874,0.288477778,Moderate,6,148.0
30:08:00,169,39.8,35,1800,2.347222222,50,0.204,0.023472222,0.796,0.190188889,Low,6,59.0
30:09:00,71,34.9,70,1800,0.986111111,50,0.302,0.009861111,0.698,0.344344444,High,6,169.0
30:10:00,196,36.7,72,1800,2.722222222,50,0.266,0.027222222,0.734,0.352088889,High,6,71.0
30:11:00,89,41.6,38,1800,1.236111111,50,0.168,0.012361111,0.832,0.190544444,Low,6,196.0
30:12:00,149,26.9,90,1800,2.069444444,50,0.462,0.020694444,0.538,0.460677778,Very High,6,89.0
30:13:00,192,49.9,59,1800,2.666666667,50,0.002,0.026666667,0.998,0.247066667,Moderate,6,149.0
30:14:00,128,49.2,88,1800,1.777777778,50,0.016,0.017777778,0.984,0.362311111,High,6,192.0
30:15:00,75,39.5,72,1800,1.041666667,50,0.21,0.010416667,0.79,0.334166667,High,6,128.0
30:16:00,74,26.0,72,1800,1.027777778,50,0.48,0.010277778,0.52,0.388111111,High,6,75.0
30:17:00,63,40.4,58,1800,0.875,50,0.192,0.00875,0.808,0.2739,Moderate,6,74.0
30:18:00,177,22.2,40,1800,2.458333333,50,0.556,0.024583333,0.444,0.281033333,Moderate,6,63.0
30:19:00,121,20.9,44,1800,1.680555556,50,0.582,0.016805556,0.418,0.299122222,Moderate,6,177.0
30:20:00,136,27.7,88,1800,1.888888889,50,0.446,0.018888889,0.554,0.448755556,Very High,6,121.0
30:21:00,82,33.9,47,1800,1.138888889,50,0.322,0.011388889,0.678,0.256955556,Moderate,6,136.0
30:22:00,69,46.0,39,1800,0.958333333,50,0.08,0.009583333,0.92,0.175833333,Low,6,82.0
30:23:00,139,41.8,76,1800,1.930555556,50,0.164,0.019305556,0.836,0.344522222,High,6,69.0
30:24:00,122,42.3,85,1800,1.694444444,50,0.154,0.016944444,0.846,0.377577778,High,6,139.0
30:25:00,86,32.8,50,1800,1.194444444,50,0.344,0.011944444,0.656,0.273577778,Moderate,6,122.0
30:26:00,55,30.4,83,1800,0.763888889,50,0.392,0.007638889,0.608,0.413455556,Very High,6,86.0
30:27:00,138,31.1,55,1800,1.916666667,50,0.378,0.019166667,0.622,0.303266667,High,6,55.0
30:28:00,159,49.6,35,1800,2.208333333,50,0.008,0.022083333,0.992,0.150433333,Low,6,138.0
30:29:00,152,21.2,89,1800,2.111111111,50,0.576,0.021111111,0.424,0.479644444,Very High,6,159.0
30:30:00,169,46.0,87,1800,2.347222222,50,0.08,0.023472222,0.92,0.373388889,High,6,152.0
30:31:00,100,37.4,46,1800,1.388888889,50,0.252,0.013888889,0.748,0.239955556,Moderate,6,169.0
30:32:00,58,33.2,58,1800,0.805555556,50,0.336,0.008055556,0.664,0.302422222,High,6,100.0
30:33:00,147,41.8,34,1800,2.041666667,50,0.164,0.020416667,0.836,0.176966667,Low,6,58.0
30:34:00,81,34.6,68,1800,1.125,50,0.308,0.01125,0.692,0.3381,High,6,147.0
30:35:00,100,46.2,57,1800,1.388888889,50,0.076,0.013888889,0.924,0.248755556,Moderate,6,81.0
30:36:00,169,47.0,82,1800,2.347222222,50,0.06,0.023472222,0.94,0.349388889,High,6,100.0
30:37:00,54,32.7,50,1800,0.75,50,0.346,0.0075,0.654,0.2722,Moderate,6,169.0
30:38:00,101,28.3,63,1800,1.402777778,50,0.434,0.014027778,0.566,0.344411111,High,6,54.0
30:39:00,189,37.8,80,1800,2.625,50,0.244,0.02625,0.756,0.3793,High,6,101.0
30:40:00,135,47.4,45,1800,1.875,50,0.052,0.01875,0.948,0.1979,Low,6,189.0
30:41:00,60,26.3,80,1800,0.833333333,50,0.474,0.008333333,0.526,0.418133333,Very High,6,135.0
30:42:00,148,38.7,82,1800,2.055555556,50,0.226,0.020555556,0.774,0.381422222,High,6,60.0
30:43:00,82,38.9,39,1800,1.138888889,50,0.222,0.011388889,0.778,0.204955556,Moderate,6,148.0
30:44:00,180,42.0,66,1800,2.5,50,0.16,0.025,0.84,0.306,High,6,82.0
30:45:00,60,23.9,45,1800,0.833333333,50,0.522,0.008333333,0.478,0.287733333,Moderate,6,180.0
30:46:00,110,41.5,64,1800,1.527777778,50,0.17,0.015277778,0.83,0.296111111,Moderate,6,60.0
30:47:00,64,47.3,48,1800,0.888888889,50,0.054,0.008888889,0.946,0.206355556,Moderate,6,110.0
30:48:00,191,25.4,36,1800,2.652777778,50,0.492,0.026527778,0.508,0.253011111,Moderate,6,64.0
30:49:00,98,27.1,30,1800,1.361111111,50,0.458,0.013611111,0.542,0.217044444,Moderate,6,191.0
30:50:00,90,49.1,43,1800,1.25,50,0.018,0.0125,0.982,0.1806,Low,6,98.0
30:51:00,178,25.4,62,1800,2.472222222,50,0.492,0.024722222,0.508,0.356288889,High,6,90.0
30:52:00,87,45.6,85,1800,1.208333333,50,0.088,0.012083333,0.912,0.362433333,High,6,178.0
30:53:00,121,34.8,76,1800,1.680555556,50,0.304,0.016805556,0.696,0.371522222,High,6,87.0
30:54:00,129,27.4,34,1800,1.791666667,50,0.452,0.017916667,0.548,0.233566667,Moderate,6,121.0
30:55:00,176,46.1,52,1800,2.444444444,50,0.078,0.024444444,0.922,0.233377778,Moderate,6,129.0
30:56:00,90,33.4,80,1800,1.25,50,0.332,0.0125,0.668,0.3914,High,6,176.0
30:57:00,108,35.4,56,1800,1.5,50,0.292,0.015,0.708,0.2884,Moderate,6,90.0
30:58:00,107,30.8,49,1800,1.486111111,50,0.384,0.014861111,0.616,0.278744444,Moderate,6,108.0
30:59:00,56,37.8,57,1800,0.777777778,50,0.244,0.007777778,0.756,0.279911111,Moderate,6,107.0
31:00:00,103,24.9,33,1800,1.430555556,50,0.502,0.014305556,0.498,0.238122222,Moderate,7,56.0
31:01:00,60,31.7,69,1800,0.833333333,50,0.366,0.008333333,0.634,0.352533333,High,7,103.0
31:02:00,154,49.1,39,1800,2.138888889,50,0.018,0.021388889,0.982,0.168155556,Low,7,60.0
31:03:00,175,27.7,88,1800,2.430555556,50,0.446,0.024305556,0.554,0.450922222,Very High,7,154.0
31:04:00,83,39.7,81,1800,1.152777778,50,0.206,0.011527778,0.794,0.369811111,High,7,175.0
31:05:00,189,29.8,78,1800,2.625,50,0.404,0.02625,0.596,0.4033,Very High,7,83.0
31:06:00,200,43.2,68,1800,2.777777778,50,0.136,0.027777778,0.864,0.310311111,High,7,189.0
31:07:00,178,23.9,54,1800,2.472222222,50,0.522,0.024722222,0.478,0.330288889,High,7,200.0
31:08:00,127,49.1,30,1800,1.763888889,50,0.018,0.017638889,0.982,0.130655556,Low,7,178.0
31:09:00,177,33.6,32,1800,2.458333333,50,0.328,0.024583333,0.672,0.203433333,Moderate,7,127.0
31:10:00,81,27.1,65,1800,1.125,50,0.458,0.01125,0.542,0.3561,High,7,177.0
31:11:00,94,22.2,31,1800,1.305555556,50,0.556,0.013055556,0.444,0.240422222,Moderate,7,81.0
31:12:00,57,25.1,86,1800,0.791666667,50,0.498,0.007916667,0.502,0.446766667,Very High,7,94.0
31:13:00,191,35.6,56,1800,2.652777778,50,0.288,0.026527778,0.712,0.292211111,Moderate,7,57.0
31:14:00,99,30.1,42,1800,1.375,50,0.398,0.01375,0.602,0.2531,Moderate,7,191.0
31:15:00,178,44.9,79,1800,2.472222222,50,0.102,0.024722222,0.898,0.346288889,High,7,99.0
31:16:00,125,32.9,90,1800,1.736111111,50,0.342,0.017361111,0.658,0.435344444,Very High,7,178.0
31:17:00,164,27.5,68,1800,2.277777778,50,0.45,0.022777778,0.55,0.371111111,High,7,125.0
31:18:00,114,38.5,62,1800,1.583333333,50,0.23,0.015833333,0.77,0.300333333,High,7,164.0
31:19:00,103,41.2,75,1800,1.430555556,50,0.176,0.014305556,0.824,0.340922222,High,7,114.0
31:20:00,126,25.0,71,1800,1.75,50,0.5,0.0175,0.5,0.391,High,7,103.0
31:21:00,57,25.0,43,1800,0.791666667,50,0.5,0.007916667,0.5,0.275166667,Moderate,7,126.0
31:22:00,88,21.1,78,1800,1.222222222,50,0.578,0.012222222,0.422,0.432488889,Very High,7,57.0
31:23:00,168,42.1,45,1800,2.333333333,50,0.158,0.023333333,0.842,0.220933333,Moderate,7,88.0
31:24:00,59,39.9,34,1800,0.819444444,50,0.202,0.008194444,0.798,0.179677778,Low,7,168.0
31:25:00,132,34.2,54,1800,1.833333333,50,0.316,0.018333333,0.684,0.286533333,Moderate,7,59.0
31:26:00,63,45.3,47,1800,0.875,50,0.094,0.00875,0.906,0.2103,Moderate,7,132.0
31:27:00,75,44.2,34,1800,1.041666667,50,0.116,0.010416667,0.884,0.163366667,Low,7,63.0
31:28:00,128,37.6,59,1800,1.777777778,50,0.248,0.017777778,0.752,0.292711111,Moderate,7,75.0
31:29:00,94,46.0,32,1800,1.305555556,50,0.08,0.013055556,0.92,0.149222222,Low,7,128.0
31:30:00,104,26.2,71,1800,1.444444444,50,0.476,0.014444444,0.524,0.384977778,High,7,94.0
31:31:00,113,23.4,78,1800,1.569444444,50,0.532,0.015694444,0.468,0.424677778,Very High,7,104.0
31:32:00,134,28.1,86,1800,1.861111111,50,0.438,0.018611111,0.562,0.439044444,Very High,7,113.0
31:33:00,181,21.7,86,1800,2.513888889,50,0.566,0.025138889,0.434,0.467255556,Very High,7,134.0
31:34:00,85,35.9,35,1800,1.180555556,50,0.282,0.011805556,0.718,0.201122222,Moderate,7,181.0
31:35:00,105,48.1,62,1800,1.458333333,50,0.038,0.014583333,0.962,0.261433333,Moderate,7,85.0
31:36:00,199,21.2,50,1800,2.763888889,50,0.576,0.027638889,0.424,0.326255556,High,7,105.0
31:37:00,78,23.7,84,1800,1.083333333,50,0.526,0.010833333,0.474,0.445533333,Very High,7,199.0
31:38:00,104,33.6,48,1800,1.444444444,50,0.328,0.014444444,0.672,0.263377778,Moderate,7,78.0
31:39:00,67,48.0,38,1800,0.930555556,50,0.04,0.009305556,0.96,0.163722222,Low,7,104.0
31:40:00,85,29.5,56,1800,1.180555556,50,0.41,0.011805556,0.59,0.310722222,High,7,67.0
31:41:00,175,35.2,30,1800,2.430555556,50,0.296,0.024305556,0.704,0.188922222,Low,7,85.0
31:42:00,144,21.2,41,1800,2.0,50,0.576,0.02,0.424,0.2872,Moderate,7,175.0
31:43:00,131,24.5,81,1800,1.819444444,50,0.51,0.018194444,0.49,0.433277778,Very High,7,144.0
31:44:00,143,49.6,71,1800,1.986111111,50,0.008,0.019861111,0.992,0.293544444,Moderate,7,131.0
31:45:00,112,49.0,46,1800,1.555555556,50,0.02,0.015555556,0.98,0.194222222,Low,7,143.0
31:46:00,145,20.1,73,1800,2.013888889,50,0.598,0.020138889,0.402,0.419655556,Very High,7,112.0
31:47:00,63,48.6,51,1800,0.875,50,0.028,0.00875,0.972,0.2131,Moderate,7,145.0
31:48:00,149,39.2,56,1800,2.069444444,50,0.216,0.020694444,0.784,0.275477778,Moderate,7,63.0
31:49:00,138,46.0,63,1800,1.916666667,50,0.08,0.019166667,0.92,0.275666667,Moderate,7,149.0
31:50:00,128,33.6,38,1800,1.777777778,50,0.328,0.017777778,0.672,0.224711111,Moderate,7,138.0
31:51:00,115,35.5,46,1800,1.597222222,50,0.29,0.015972222,0.71,0.248388889,Moderate,7,128.0
31:52:00,99,34.7,67,1800,1.375,50,0.306,0.01375,0.694,0.3347,High,7,115.0
31:53:00,131,40.0,43,1800,1.819444444,50,0.2,0.018194444,0.8,0.219277778,Moderate,7,99.0
31:54:00,151,24.2,39,1800,2.097222222,50,0.516,0.020972222,0.484,0.267588889,Moderate,7,131.0
31:55:00,82,20.9,43,1800,1.138888889,50,0.582,0.011388889,0.418,0.292955556,Moderate,7,151.0
31:56:00,183,29.2,79,1800,2.541666667,50,0.416,0.025416667,0.584,0.409366667,Very High,7,82.0
31:57:00,53,41.1,70,1800,0.736111111,50,0.178,0.007361111,0.822,0.318544444,High,7,183.0
31:58:00,81,26.1,51,1800,1.125,50,0.478,0.01125,0.522,0.3041,High,7,53.0
31:59:00,103,40.2,32,1800,1.430555556,50,0.196,0.014305556,0.804,0.172922222,Low,7,81.0
32:00:00,164,49.1,52,1800,2.277777778,50,0.018,0.022777778,0.982,0.220711111,Moderate,8,103.0
32:01:00,80,22.8,35,1800,1.111111111,50,0.544,0.011111111,0.456,0.253244444,Moderate,8,164.0
32:02:00,198,40.2,67,1800,2.75,50,0.196,0.0275,0.804,0.3182,High,8,80.0
32:03:00,108,33.3,39,1800,1.5,50,0.334,0.015,0.666,0.2288,Moderate,8,198.0
32:04:00,134,46.0,52,1800,1.861111111,50,0.08,0.018611111,0.92,0.231444444,Moderate,8,108.0
32:05:00,160,25.3,31,1800,2.222222222,50,0.494,0.022222222,0.506,0.231688889,Moderate,8,134.0
32:06:00,114,40.8,45,1800,1.583333333,50,0.184,0.015833333,0.816,0.223133333,Moderate,8,160.0
32:07:00,113,45.1,68,1800,1.569444444,50,0.098,0.015694444,0.902,0.297877778,Moderate,8,114.0
32:08:00,174,48.3,84,1800,2.416666667,50,0.034,0.024166667,0.966,0.352466667,High,8,113.0
32:09:00,173,40.5,56,1800,2.402777778,50,0.19,0.024027778,0.81,0.271611111,Moderate,8,174.0
32:10:00,78,34.9,75,1800,1.083333333,50,0.302,0.010833333,0.698,0.364733333,High,8,173.0
32:11:00,150,38.5,45,1800,2.083333333,50,0.23,0.020833333,0.77,0.234333333,Moderate,8,78.0
32:12:00,93,46.1,67,1800,1.291666667,50,0.078,0.012916667,0.922,0.288766667,Moderate,8,150.0
32:13:00,110,37.1,35,1800,1.527777778,50,0.258,0.015277778,0.742,0.197711111,Low,8,93.0
32:14:00,181,20.9,50,1800,2.513888889,50,0.582,0.025138889,0.418,0.326455556,High,8,110.0
32:15:00,120,47.9,36,1800,1.666666667,50,0.042,0.016666667,0.958,0.159066667,Low,8,181.0
32:16:00,105,40.7,90,1800,1.458333333,50,0.186,0.014583333,0.814,0.403033333,Very High,8,120.0
32:17:00,162,40.3,35,1800,2.25,50,0.194,0.0225,0.806,0.1878,Low,8,105.0
32:18:00,175,26.5,65,1800,2.430555556,50,0.47,0.024305556,0.53,0.363722222,High,8,162.0
32:19:00,68,39.8,65,1800,0.944444444,50,0.204,0.009444444,0.796,0.304577778,High,8,175.0
32:20:00,94,31.8,32,1800,1.305555556,50,0.364,0.013055556,0.636,0.206022222,Moderate,8,68.0
32:21:00,57,39.5,31,1800,0.791666667,50,0.21,0.007916667,0.79,0.169166667,Low,8,94.0
32:22:00,143,23.2,35,1800,1.986111111,50,0.536,0.019861111,0.464,0.255144444,Moderate,8,57.0
32:23:00,120,39.7,67,1800,1.666666667,50,0.206,0.016666667,0.794,0.315866667,High,8,143.0
32:24:00,186,50.0,57,1800,2.583333333,50,0.0,0.025833333,1.0,0.238333333,Moderate,8,120.0
32:25:00,146,21.4,81,1800,2.027777778,50,0.572,0.020277778,0.428,0.446511111,Very High,8,186.0
32:26:00,118,49.3,83,1800,1.638888889,50,0.014,0.016388889,0.986,0.341355556,High,8,146.0
32:27:00,137,32.2,89,1800,1.902777778,50,0.356,0.019027778,0.644,0.434811111,Very High,8,118.0
32:28:00,93,46.1,45,1800,1.291666667,50,0.078,0.012916667,0.922,0.200766667,Moderate,8,137.0
32:29:00,188,43.5,63,1800,2.611111111,50,0.13,0.026111111,0.87,0.288444444,Moderate,8,93.0
32:30:00,60,37.0,46,1800,0.833333333,50,0.26,0.008333333,0.74,0.239333333,Moderate,8,188.0
32:31:00,106,42.2,53,1800,1.472222222,50,0.156,0.014722222,0.844,0.249088889,Moderate,8,60.0
32:32:00,65,46.4,65,1800,0.902777778,50,0.072,0.009027778,0.928,0.278011111,Moderate,8,106.0
32:33:00,189,32.1,30,1800,2.625,50,0.358,0.02625,0.642,0.2021,Moderate,8,65.0
32:34:00,180,29.8,55,1800,2.5,50,0.404,0.025,0.596,0.3108,High,8,189.0
32:35:00,63,40.0,39,1800,0.875,50,0.2,0.00875,0.8,0.1995,Low,8,180.0
32:36:00,140,44.2,56,1800,1.944444444,50,0.116,0.019444444,0.884,0.254977778,Moderate,8,63.0
32:37:00,199,42.9,55,1800,2.763888889,50,0.142,0.027638889,0.858,0.259455556,Moderate,8,140.0
32:38:00,186,43.9,57,1800,2.583333333,50,0.122,0.025833333,0.878,0.262733333,Moderate,8,199.0
32:39:00,171,33.1,81,1800,2.375,50,0.338,0.02375,0.662,0.4011,Very High,8,186.0
32:40:00,94,44.5,62,1800,1.305555556,50,0.11,0.013055556,0.89,0.275222222,Moderate,8,171.0
32:41:00,148,23.6,57,1800,2.055555556,50,0.528,0.020555556,0.472,0.341822222,High,8,94.0
32:42:00,157,36.3,46,1800,2.180555556,50,0.274,0.021805556,0.726,0.247522222,Moderate,8,148.0
32:43:00,106,20.2,79,1800,1.472222222,50,0.596,0.014722222,0.404,0.441088889,Very High,8,157.0
32:44:00,196,29.7,67,1800,2.722222222,50,0.406,0.027222222,0.594,0.360088889,High,8,106.0
32:45:00,181,31.0,60,1800,2.513888889,50,0.38,0.025138889,0.62,0.326055556,High,8,196.0
32:46:00,135,31.9,66,1800,1.875,50,0.362,0.01875,0.638,0.3439,High,8,181.0
32:47:00,73,40.9,81,1800,1.013888889,50,0.182,0.010138889,0.818,0.364455556,High,8,135.0
32:48:00,97,31.7,70,1800,1.347222222,50,0.366,0.013472222,0.634,0.358588889,High,8,73.0
32:49:00,90,33.5,68,1800,1.25,50,0.33,0.0125,0.67,0.343,High,8,97.0
32:50:00,154,27.1,44,1800,2.138888889,50,0.458,0.021388889,0.542,0.276155556,Moderate,8,90.0
32:51:00,148,31.2,57,1800,2.055555556,50,0.376,0.020555556,0.624,0.311422222,High,8,154.0
32:52:00,89,26.8,84,1800,1.236111111,50,0.464,0.012361111,0.536,0.433744444,Very High,8,148.0
32:53:00,55,22.2,85,1800,0.763888889,50,0.556,0.007638889,0.444,0.454255556,Very High,8,89.0
32:54:00,61,38.1,33,1800,0.847222222,50,0.238,0.008472222,0.762,0.182988889,Low,8,55.0
32:55:00,180,40.0,57,1800,2.5,50,0.2,0.025,0.8,0.278,Moderate,8,61.0
32:56:00,135,38.6,53,1800,1.875,50,0.228,0.01875,0.772,0.2651,Moderate,8,180.0
32:57:00,146,33.9,90,1800,2.027777778,50,0.322,0.020277778,0.678,0.432511111,Very High,8,135.0
32:58:00,107,31.4,58,1800,1.486111111,50,0.372,0.014861111,0.628,0.312344444,High,8,146.0
32:59:00,166,45.9,37,1800,2.305555556,50,0.082,0.023055556,0.918,0.173622222,Low,8,107.0
33:00:00,64,35.6,75,1800,0.888888889,50,0.288,0.008888889,0.712,0.361155556,High,9,166.0
33:01:00,116,34.4,81,1800,1.611111111,50,0.312,0.016111111,0.688,0.392844444,High,9,64.0
33:02:00,198,20.8,46,1800,2.75,50,0.584,0.0275,0.416,0.3118,High,9,116.0
33:03:00,107,30.2,85,1800,1.486111111,50,0.396,0.014861111,0.604,0.425144444,Very High,9,198.0
33:04:00,117,31.4,30,1800,1.625,50,0.372,0.01625,0.628,0.2009,Moderate,9,107.0
33:05:00,95,32.0,52,1800,1.319444444,50,0.36,0.013194444,0.64,0.285277778,Moderate,9,117.0
33:06:00,66,37.4,30,1800,0.916666667,50,0.252,0.009166667,0.748,0.174066667,Low,9,95.0
33:07:00,118,36.0,67,1800,1.638888889,50,0.28,0.016388889,0.72,0.330555556,High,9,66.0
33:08:00,112,38.2,82,1800,1.555555556,50,0.236,0.015555556,0.764,0.381422222,High,9,118.0
33:09:00,83,42.9,84,1800,1.152777778,50,0.142,0.011527778,0.858,0.369011111,High,9,112.0
33:10:00,119,44.4,55,1800,1.652777778,50,0.112,0.016527778,0.888,0.249011111,Moderate,9,83.0
33:11:00,97,41.5,74,1800,1.347222222,50,0.17,0.013472222,0.83,0.335388889,High,9,119.0
33:12:00,104,48.7,36,1800,1.444444444,50,0.026,0.014444444,0.974,0.154977778,Low,9,97.0
33:13:00,180,20.5,62,1800,2.5,50,0.59,0.025,0.41,0.376,High,9,104.0
33:14:00,178,25.9,52,1800,2.472222222,50,0.482,0.024722222,0.518,0.314288889,High,9,180.0
33:15:00,170,20.2,53,1800,2.361111111,50,0.596,0.023611111,0.404,0.340644444,High,9,178.0
33:16:00,167,39.4,43,1800,2.319444444,50,0.212,0.023194444,0.788,0.223677778,Moderate,9,170.0
33:17:00,78,46.9,40,1800,1.083333333,50,0.062,0.010833333,0.938,0.176733333,Low,9,167.0
33:18:00,166,27.3,75,1800,2.305555556,50,0.454,0.023055556,0.546,0.400022222,Very High,9,78.0
33:19:00,175,47.8,37,1800,2.430555556,50,0.044,0.024305556,0.956,0.166522222,Low,9,166.0
33:20:00,113,21.8,35,1800,1.569444444,50,0.564,0.015694444,0.436,0.259077778,Moderate,9,175.0
33:21:00,76,48.0,39,1800,1.055555556,50,0.04,0.010555556,0.96,0.168222222,Low,9,113.0
33:22:00,131,30.5,80,1800,1.819444444,50,0.39,0.018194444,0.61,0.405277778,Very High,9,76.0
33:23:00,161,23.0,74,1800,2.236111111,50,0.54,0.022361111,0.46,0.412944444,Very High,9,131.0
33:24:00,50,34.6,44,1800,0.694444444,50,0.308,0.006944444,0.692,0.240377778,Moderate,9,161.0
33:25:00,96,27.7,48,1800,1.333333333,50,0.446,0.013333333,0.554,0.286533333,Moderate,9,50.0
33:26:00,192,28.5,56,1800,2.666666667,50,0.43,0.026666667,0.57,0.320666667,High,9,96.0
33:27:00,142,29.2,73,1800,1.972222222,50,0.416,0.019722222,0.584,0.383088889,High,9,192.0
33:28:00,64,44.1,73,1800,0.888888889,50,0.118,0.008888889,0.882,0.319155556,High,9,142.0
33:29:00,177,36.2,35,1800,2.458333333,50,0.276,0.024583333,0.724,0.205033333,Moderate,9,64.0
33:30:00,192,29.3,69,1800,2.666666667,50,0.414,0.026666667,0.586,0.369466667,High,9,177.0
33:31:00,126,38.3,57,1800,1.75,50,0.234,0.0175,0.766,0.2818,Moderate,9,192.0
33:32:00,111,41.5,69,1800,1.541666667,50,0.17,0.015416667,0.83,0.316166667,High,9,126.0
33:33:00,192,28.2,71,1800,2.666666667,50,0.436,0.026666667,0.564,0.381866667,High,9,111.0
33:34:00,148,32.4,69,1800,2.055555556,50,0.352,0.020555556,0.648,0.354622222,High,9,192.0
33:35:00,92,23.7,74,1800,1.277777778,50,0.526,0.012777778,0.474,0.406311111,Very High,9,148.0
33:36:00,100,25.4,47,1800,1.388888889,50,0.492,0.013888889,0.508,0.291955556,Moderate,9,92.0
33:37:00,78,40.4,75,1800,1.083333333,50,0.192,0.010833333,0.808,0.342733333,High,9,100.0
33:38:00,67,25.4,49,1800,0.930555556,50,0.492,0.009305556,0.508,0.298122222,Moderate,9,78.0
33:39:00,150,35.8,55,1800,2.083333333,50,0.284,0.020833333,0.716,0.285133333,Moderate,9,67.0
33:40:00,164,41.3,79,1800,2.277777778,50,0.174,0.022777778,0.826,0.359911111,High,9,150.0
33:41:00,149,23.2,83,1800,2.069444444,50,0.536,0.020694444,0.464,0.447477778,Very High,9,164.0
33:42:00,88,37.0,83,1800,1.222222222,50,0.26,0.012222222,0.74,0.388888889,High,9,149.0
33:43:00,151,27.7,55,1800,2.097222222,50,0.446,0.020972222,0.554,0.317588889,High,9,88.0
33:44:00,106,48.9,44,1800,1.472222222,50,0.022,0.014722222,0.978,0.186288889,Low,9,151.0
33:45:00,71,34.5,67,1800,0.986111111,50,0.31,0.009861111,0.69,0.333944444,High,9,106.0
33:46:00,191,44.2,44,1800,2.652777778,50,0.116,0.026527778,0.884,0.209811111,Moderate,9,71.0
33:47:00,58,36.5,59,1800,0.805555556,50,0.27,0.008055556,0.73,0.293222222,Moderate,9,191.0
33:48:00,115,21.3,47,1800,1.597222222,50,0.574,0.015972222,0.426,0.309188889,High,9,58.0
33:49:00,180,39.0,44,1800,2.5,50,0.22,0.025,0.78,0.23,Moderate,9,115.0
33:50:00,67,48.5,87,1800,0.930555556,50,0.03,0.009305556,0.97,0.357722222,High,9,180.0
33:51:00,82,38.0,86,1800,1.138888889,50,0.24,0.011388889,0.76,0.396555556,High,9,67.0
33:52:00,95,44.6,32,1800,1.319444444,50,0.108,0.013194444,0.892,0.154877778,Low,9,82.0
33:53:00,110,46.5,53,1800,1.527777778,50,0.07,0.015277778,0.93,0.232111111,Moderate,9,95.0
33:54:00,147,26.8,40,1800,2.041666667,50,0.464,0.020416667,0.536,0.260966667,Moderate,9,110.0
33:55:00,61,26.4,69,1800,0.847222222,50,0.472,0.008472222,0.528,0.373788889,High,9,147.0
33:56:00,94,38.3,55,1800,1.305555556,50,0.234,0.013055556,0.766,0.272022222,Moderate,9,61.0
33:57:00,144,32.3,69,1800,2.0,50,0.354,0.02,0.646,0.3548,High,9,94.0
33:58:00,109,45.2,81,1800,1.513888889,50,0.096,0.015138889,0.904,0.349255556,High,9,144.0
33:59:00,115,47.0,36,1800,1.597222222,50,0.06,0.015972222,0.94,0.162388889,Low,9,109.0
34:00:00,59,30.6,75,1800,0.819444444,50,0.388,0.008194444,0.612,0.380877778,High,10,115.0
34:01:00,116,27.1,35,1800,1.611111111,50,0.458,0.016111111,0.542,0.238044444,Moderate,10,59.0
34:02:00,158,43.4,44,1800,2.194444444,50,0.132,0.021944444,0.868,0.211177778,Moderate,10,116.0
34:03:00,65,28.2,48,1800,0.902777778,50,0.436,0.009027778,0.564,0.282811111,Moderate,10,158.0
34:04:00,147,44.7,89,1800,2.041666667,50,0.106,0.020416667,0.894,0.385366667,High,10,65.0
34:05:00,122,32.7,65,1800,1.694444444,50,0.346,0.016944444,0.654,0.335977778,High,10,147.0
34:06:00,179,40.0,60,1800,2.486111111,50,0.2,0.024861111,0.8,0.289944444,Moderate,10,122.0
34:07:00,66,22.9,82,1800,0.916666667,50,0.542,0.009166667,0.458,0.440066667,Very High,10,179.0
34:08:00,136,38.7,77,1800,1.888888889,50,0.226,0.018888889,0.774,0.360755556,High,10,66.0
34:09:00,106,33.6,72,1800,1.472222222,50,0.328,0.014722222,0.672,0.359488889,High,10,136.0
34:10:00,119,37.6,33,1800,1.652777778,50,0.248,0.016527778,0.752,0.188211111,Low,10,106.0
34:11:00,147,25.0,42,1800,2.041666667,50,0.5,0.020416667,0.5,0.276166667,Moderate,10,119.0
34:12:00,132,42.1,42,1800,1.833333333,50,0.158,0.018333333,0.842,0.206933333,Moderate,10,147.0
34:13:00,195,45.9,30,1800,2.708333333,50,0.082,0.027083333,0.918,0.147233333,Low,10,132.0
34:14:00,162,26.5,34,1800,2.25,50,0.47,0.0225,0.53,0.239,Moderate,10,195.0
34:15:00,157,22.9,86,1800,2.180555556,50,0.542,0.021805556,0.458,0.461122222,Very High,10,162.0
34:16:00,161,20.7,89,1800,2.236111111,50,0.586,0.022361111,0.414,0.482144444,Very High,10,157.0
34:17:00,145,39.3,68,1800,2.013888889,50,0.214,0.020138889,0.786,0.322855556,High,10,161.0
34:18:00,178,38.2,56,1800,2.472222222,50,0.236,0.024722222,0.764,0.281088889,Moderate,10,145.0
34:19:00,88,36.4,75,1800,1.222222222,50,0.272,0.012222222,0.728,0.359288889,High,10,178.0
34:20:00,147,27.0,45,1800,2.041666667,50,0.46,0.020416667,0.54,0.280166667,Moderate,10,88.0
34:21:00,63,31.7,81,1800,0.875,50,0.366,0.00875,0.634,0.4007,Very High,10,147.0
34:22:00,121,37.8,72,1800,1.680555556,50,0.244,0.016805556,0.756,0.343522222,High,10,63.0
34:23:00,68,34.9,66,1800,0.944444444,50,0.302,0.009444444,0.698,0.328177778,High,10,121.0
34:24:00,91,49.6,31,1800,1.263888889,50,0.008,0.012638889,0.992,0.130655556,Low,10,68.0
34:25:00,75,24.1,42,1800,1.041666667,50,0.518,0.010416667,0.482,0.275766667,Moderate,10,91.0
34:26:00,183,40.9,67,1800,2.541666667,50,0.182,0.025416667,0.818,0.314566667,High,10,75.0
34:27:00,81,32.1,37,1800,1.125,50,0.358,0.01125,0.642,0.2241,Moderate,10,183.0
34:28:00,158,32.8,50,1800,2.194444444,50,0.344,0.021944444,0.656,0.277577778,Moderate,10,81.0
34:29:00,145,41.5,36,1800,2.013888889,50,0.17,0.020138889,0.83,0.186055556,Low,10,158.0
34:30:00,186,40.8,79,1800,2.583333333,50,0.184,0.025833333,0.816,0.363133333,High,10,145.0
34:31:00,169,49.7,54,1800,2.347222222,50,0.006,0.023472222,0.994,0.226588889,Moderate,10,186.0
34:32:00,117,23.9,40,1800,1.625,50,0.522,0.01625,0.478,0.2709,Moderate,10,169.0
34:33:00,113,23.1,41,1800,1.569444444,50,0.538,0.015694444,0.462,0.277877778,Moderate,10,117.0
34:34:00,97,41.7,77,1800,1.347222222,50,0.166,0.013472222,0.834,0.346588889,High,10,113.0
34:35:00,53,37.4,64,1800,0.736111111,50,0.252,0.007361111,0.748,0.309344444,High,10,97.0
34:36:00,80,28.2,60,1800,1.111111111,50,0.436,0.011111111,0.564,0.331644444,High,10,53.0
34:37:00,188,22.4,68,1800,2.611111111,50,0.552,0.026111111,0.448,0.392844444,High,10,80.0
34:38:00,170,22.6,30,1800,2.361111111,50,0.548,0.023611111,0.452,0.239044444,Moderate,10,188.0
34:39:00,102,46.8,84,1800,1.416666667,50,0.064,0.014166667,0.936,0.354466667,High,10,170.0
34:40:00,108,25.8,87,1800,1.5,50,0.484,0.015,0.516,0.4508,Very High,10,102.0
34:41:00,122,29.7,50,1800,1.694444444,50,0.406,0.016944444,0.594,0.287977778,Moderate,10,108.0
34:42:00,100,26.8,71,1800,1.388888889,50,0.464,0.013888889,0.536,0.382355556,High,10,122.0
34:43:00,128,30.6,42,1800,1.777777778,50,0.388,0.017777778,0.612,0.252711111,Moderate,10,100.0
34:44:00,105,22.1,81,1800,1.458333333,50,0.558,0.014583333,0.442,0.441433333,Very High,10,128.0
34:45:00,127,35.6,86,1800,1.763888889,50,0.288,0.017638889,0.712,0.408655556,Very High,10,105.0
34:46:00,198,22.0,66,1800,2.75,50,0.56,0.0275,0.44,0.387,High,10,127.0
34:47:00,69,44.0,88,1800,0.958333333,50,0.12,0.009583333,0.88,0.379833333,High,10,198.0
34:48:00,126,27.0,86,1800,1.75,50,0.46,0.0175,0.54,0.443,Very High,10,69.0
34:49:00,182,36.2,79,1800,2.527777778,50,0.276,0.025277778,0.724,0.381311111,High,10,126.0
34:50:00,84,46.4,70,1800,1.166666667,50,0.072,0.011666667,0.928,0.299066667,Moderate,10,182.0
34:51:00,150,39.5,52,1800,2.083333333,50,0.21,0.020833333,0.79,0.258333333,Moderate,10,84.0
34:52:00,81,36.0,58,1800,1.125,50,0.28,0.01125,0.72,0.2925,Moderate,10,150.0
34:53:00,93,29.7,33,1800,1.291666667,50,0.406,0.012916667,0.594,0.218366667,Moderate,10,81.0
34:54:00,159,30.0,74,1800,2.208333333,50,0.4,0.022083333,0.6,0.384833333,High,10,93.0
34:55:00,88,40.1,71,1800,1.222222222,50,0.198,0.012222222,0.802,0.328488889,High,10,159.0
34:56:00,98,49.8,58,1800,1.361111111,50,0.004,0.013611111,0.996,0.238244444,Moderate,10,88.0
34:57:00,83,39.9,51,1800,1.152777778,50,0.202,0.011527778,0.798,0.249011111,Moderate,10,98.0
34:58:00,95,36.7,88,1800,1.319444444,50,0.266,0.013194444,0.734,0.410477778,Very High,10,83.0
34:59:00,195,41.9,67,1800,2.708333333,50,0.162,0.027083333,0.838,0.311233333,High,10,95.0
35:00:00,151,34.0,43,1800,2.097222222,50,0.32,0.020972222,0.68,0.244388889,Moderate,11,195.0
35:01:00,149,21.8,50,1800,2.069444444,50,0.564,0.020694444,0.436,0.321077778,High,11,151.0
35:02:00,58,36.9,43,1800,0.805555556,50,0.262,0.008055556,0.738,0.227622222,Moderate,11,149.0
35:03:00,79,48.7,85,1800,1.097222222,50,0.026,0.010972222,0.974,0.349588889,High,11,58.0
35:04:00,158,25.3,43,1800,2.194444444,50,0.494,0.021944444,0.506,0.279577778,Moderate,11,79.0
35:05:00,111,40.7,70,1800,1.541666667,50,0.186,0.015416667,0.814,0.323366667,High,11,158.0
35:06:00,179,26.0,58,1800,2.486111111,50,0.48,0.024861111,0.52,0.337944444,High,11,111.0
35:07:00,136,36.1,43,1800,1.888888889,50,0.278,0.018888889,0.722,0.235155556,Moderate,11,179.0
35:08:00,114,22.9,66,1800,1.583333333,50,0.542,0.015833333,0.458,0.378733333,High,11,136.0
35:09:00,73,33.5,71,1800,1.013888889,50,0.33,0.010138889,0.67,0.354055556,High,11,114.0
35:10:00,111,42.7,80,1800,1.541666667,50,0.146,0.015416667,0.854,0.355366667,High,11,73.0
35:11:00,154,30.4,88,1800,2.138888889,50,0.392,0.021388889,0.608,0.438955556,Very High,11,111.0
35:12:00,93,39.9,61,1800,1.291666667,50,0.202,0.012916667,0.798,0.289566667,Moderate,11,154.0
35:13:00,83,43.9,75,1800,1.152777778,50,0.122,0.011527778,0.878,0.329011111,High,11,93.0
35:14:00,131,47.8,42,1800,1.819444444,50,0.044,0.018194444,0.956,0.184077778,Low,11,83.0
35:15:00,89,27.0,81,1800,1.236111111,50,0.46,0.012361111,0.54,0.420944444,Very High,11,131.0
35:16:00,121,32.0,76,1800,1.680555556,50,0.36,0.016805556,0.64,0.382722222,High,11,89.0
35:17:00,192,24.6,62,1800,2.666666667,50,0.508,0.026666667,0.492,0.360266667,High,11,121.0
35:18:00,137,49.8,71,1800,1.902777778,50,0.004,0.019027778,0.996,0.292411111,Moderate,11,192.0
35:19:00,104,47.8,57,1800,1.444444444,50,0.044,0.014444444,0.956,0.242577778,Moderate,11,137.0
35:20:00,75,36.2,60,1800,1.041666667,50,0.276,0.010416667,0.724,0.299366667,Moderate,11,104.0
35:21:00,140,45.3,71,1800,1.944444444,50,0.094,0.019444444,0.906,0.310577778,High,11,75.0
35:22:00,106,35.6,58,1800,1.472222222,50,0.288,0.014722222,0.712,0.295488889,Moderate,11,140.0
35:23:00,74,38.7,39,1800,1.027777778,50,0.226,0.010277778,0.774,0.205311111,Moderate,11,106.0
35:24:00,198,22.7,76,1800,2.75,50,0.546,0.0275,0.454,0.4242,Very High,11,74.0
35:25:00,58,42.7,34,1800,0.805555556,50,0.146,0.008055556,0.854,0.168422222,Low,11,198.0
35:26:00,62,23.8,55,1800,0.861111111,50,0.524,0.008611111,0.476,0.328244444,High,11,58.0
35:27:00,77,44.8,83,1800,1.069444444,50,0.104,0.010694444,0.896,0.357077778,High,11,62.0
35:28:00,128,43.5,35,1800,1.777777778,50,0.13,0.017777778,0.87,0.173111111,Low,11,77.0
35:29:00,188,41.3,68,1800,2.611111111,50,0.174,0.026111111,0.826,0.317244444,High,11,128.0
35:30:00,54,21.1,86,1800,0.75,50,0.578,0.0075,0.422,0.4626,Very High,11,188.0
35:31:00,55,29.1,53,1800,0.763888889,50,0.418,0.007638889,0.582,0.298655556,Moderate,11,54.0
35:32:00,130,27.9,73,1800,1.805555556,50,0.442,0.018055556,0.558,0.387622222,High,11,55.0
35:33:00,58,30.8,38,1800,0.805555556,50,0.384,0.008055556,0.616,0.232022222,Moderate,11,130.0
35:34:00,52,22.6,73,1800,0.722222222,50,0.548,0.007222222,0.452,0.404488889,Very High,11,58.0
35:35:00,100,48.1,84,1800,1.388888889,50,0.038,0.013888889,0.962,0.349155556,High,11,52.0
35:36:00,177,36.6,60,1800,2.458333333,50,0.268,0.024583333,0.732,0.303433333,High,11,100.0
35:37:00,78,29.2,52,1800,1.083333333,50,0.416,0.010833333,0.584,0.295533333,Moderate,11,177.0
35:38:00,191,31.9,47,1800,2.652777778,50,0.362,0.026527778,0.638,0.271011111,Moderate,11,78.0
35:39:00,84,33.4,33,1800,1.166666667,50,0.332,0.011666667,0.668,0.203066667,Moderate,11,191.0
35:40:00,58,38.0,74,1800,0.805555556,50,0.24,0.008055556,0.76,0.347222222,High,11,84.0
35:41:00,185,35.5,64,1800,2.569444444,50,0.29,0.025694444,0.71,0.324277778,High,11,58.0
35:42:00,98,47.6,84,1800,1.361111111,50,0.048,0.013611111,0.952,0.351044444,High,11,185.0
35:43:00,166,34.9,85,1800,2.305555556,50,0.302,0.023055556,0.698,0.409622222,Very High,11,98.0
35:44:00,99,49.8,58,1800,1.375,50,0.004,0.01375,0.996,0.2383,Moderate,11,166.0
35:45:00,96,45.5,85,1800,1.333333333,50,0.09,0.013333333,0.91,0.363333333,High,11,99.0
35:46:00,100,26.3,47,1800,1.388888889,50,0.474,0.013888889,0.526,0.288355556,Moderate,11,96.0
35:47:00,167,47.9,80,1800,2.319444444,50,0.042,0.023194444,0.958,0.337677778,High,11,100.0
35:48:00,150,23.5,80,1800,2.083333333,50,0.53,0.020833333,0.47,0.434333333,Very High,11,167.0
35:49:00,157,44.5,65,1800,2.180555556,50,0.11,0.021805556,0.89,0.290722222,Moderate,11,150.0
35:50:00,108,31.4,67,1800,1.5,50,0.372,0.015,0.628,0.3484,High,11,157.0
35:51:00,122,46.3,70,1800,1.694444444,50,0.074,0.016944444,0.926,0.301577778,High,11,108.0
35:52:00,64,46.0,76,1800,0.888888889,50,0.08,0.008888889,0.92,0.323555556,High,11,122.0
35:53:00,89,44.2,59,1800,1.236111111,50,0.116,0.012361111,0.884,0.264144444,Moderate,11,64.0
35:54:00,89,43.7,63,1800,1.236111111,50,0.126,0.012361111,0.874,0.282144444,Moderate,11,89.0
35:55:00,139,29.1,59,1800,1.930555556,50,0.418,0.019305556,0.582,0.327322222,High,11,89.0
35:56:00,170,22.4,43,1800,2.361111111,50,0.552,0.023611111,0.448,0.291844444,Moderate,11,139.0
35:57:00,93,32.1,44,1800,1.291666667,50,0.358,0.012916667,0.642,0.252766667,Moderate,11,170.0
35:58:00,58,25.2,89,1800,0.805555556,50,0.496,0.008055556,0.504,0.458422222,Very High,11,93.0
35:59:00,62,40.8,84,1800,0.861111111,50,0.184,0.008611111,0.816,0.376244444,High,11,58.0
36:00:00,106,30.4,68,1800,1.472222222,50,0.392,0.014722222,0.608,0.356288889,High,12,62.0
36:01:00,147,49.3,50,1800,2.041666667,50,0.014,0.020416667,0.986,0.210966667,Moderate,12,106.0
36:02:00,195,39.2,85,1800,2.708333333,50,0.216,0.027083333,0.784,0.394033333,High,12,147.0
36:03:00,193,44.7,56,1800,2.680555556,50,0.106,0.026805556,0.894,0.255922222,Moderate,12,195.0
36:04:00,195,24.0,85,1800,2.708333333,50,0.52,0.027083333,0.48,0.454833333,Very High,12,193.0
36:05:00,194,45.9,31,1800,2.694444444,50,0.082,0.026944444,0.918,0.151177778,Low,12,195.0
36:06:00,110,47.7,57,1800,1.527777778,50,0.046,0.015277778,0.954,0.243311111,Moderate,12,194.0
36:07:00,83,34.6,60,1800,1.152777778,50,0.308,0.011527778,0.692,0.306211111,High,12,110.0
36:08:00,115,38.2,44,1800,1.597222222,50,0.236,0.015972222,0.764,0.229588889,Moderate,12,83.0
36:09:00,200,42.9,75,1800,2.777777778,50,0.142,0.027777778,0.858,0.339511111,High,12,115.0
36:10:00,71,25.2,88,1800,0.986111111,50,0.496,0.009861111,0.504,0.455144444,Very High,12,200.0
36:11:00,113,35.1,73,1800,1.569444444,50,0.298,0.015694444,0.702,0.357877778,High,12,71.0
36:12:00,146,32.0,56,1800,2.027777778,50,0.36,0.020277778,0.64,0.304111111,High,12,113.0
36:13:00,141,24.4,35,1800,1.958333333,50,0.512,0.019583333,0.488,0.250233333,Moderate,12,146.0
36:14:00,167,31.0,76,1800,2.319444444,50,0.38,0.023194444,0.62,0.389277778,High,12,141.0
36:15:00,65,22.0,67,1800,0.902777778,50,0.56,0.009027778,0.44,0.383611111,High,12,167.0
36:16:00,110,20.8,55,1800,1.527777778,50,0.584,0.015277778,0.416,0.342911111,High,12,65.0
36:17:00,105,24.1,60,1800,1.458333333,50,0.518,0.014583333,0.482,0.349433333,High,12,110.0
36:18:00,109,48.9,84,1800,1.513888889,50,0.022,0.015138889,0.978,0.346455556,High,12,105.0
36:19:00,124,36.5,83,1800,1.722222222,50,0.27,0.017222222,0.73,0.392888889,High,12,109.0
36:20:00,158,49.0,68,1800,2.194444444,50,0.02,0.021944444,0.98,0.284777778,Moderate,12,124.0
36:21:00,132,33.0,53,1800,1.833333333,50,0.34,0.018333333,0.66,0.287333333,Moderate,12,158.0
36:22:00,161,29.4,82,1800,2.236111111,50,0.412,0.022361111,0.588,0.419344444,Very High,12,132.0
36:23:00,164,35.2,44,1800,2.277777778,50,0.296,0.022777778,0.704,0.244311111,Moderate,12,161.0
36:24:00,127,33.2,75,1800,1.763888889,50,0.336,0.017638889,0.664,0.374255556,High,12,164.0
36:25:00,83,23.2,34,1800,1.152777778,50,0.536,0.011527778,0.464,0.247811111,Moderate,12,127.0
36:26:00,146,39.2,58,1800,2.027777778,50,0.216,0.020277778,0.784,0.283311111,Moderate,12,83.0
36:27:00,119,26.5,88,1800,1.652777778,50,0.47,0.016527778,0.53,0.452611111,Very High,12,146.0
36:28:00,146,38.6,40,1800,2.027777778,50,0.228,0.020277778,0.772,0.213711111,Moderate,12,119.0
36:29:00,131,39.5,69,1800,1.819444444,50,0.21,0.018194444,0.79,0.325277778,High,12,146.0
36:30:00,114,24.6,77,1800,1.583333333,50,0.508,0.015833333,0.492,0.415933333,Very High,12,131.0
36:31:00,117,21.8,38,1800,1.625,50,0.564,0.01625,0.436,0.2713,Moderate,12,114.0
36:32:00,198,43.4,35,1800,2.75,50,0.132,0.0275,0.868,0.1774,Low,12,117.0
36:33:00,150,33.8,81,1800,2.083333333,50,0.324,0.020833333,0.676,0.397133333,High,12,198.0
36:34:00,83,21.7,80,1800,1.152777778,50,0.566,0.011527778,0.434,0.437811111,Very High,12,150.0
36:35:00,130,49.8,35,1800,1.805555556,50,0.004,0.018055556,0.996,0.148022222,Low,12,83.0
36:36:00,79,21.7,85,1800,1.097222222,50,0.566,0.010972222,0.434,0.457588889,Very High,12,130.0
36:37:00,195,40.9,81,1800,2.708333333,50,0.182,0.027083333,0.818,0.371233333,High,12,79.0
36:38:00,65,49.5,30,1800,0.902777778,50,0.01,0.009027778,0.99,0.125611111,Low,12,195.0
36:39:00,184,27.2,61,1800,2.555555556,50,0.456,0.025555556,0.544,0.345422222,High,12,65.0
36:40:00,189,24.3,74,1800,2.625,50,0.514,0.02625,0.486,0.4093,Very High,12,184.0
36:41:00,127,23.6,51,1800,1.763888889,50,0.528,0.017638889,0.472,0.316655556,High,12,189.0
36:42:00,65,29.1,89,1800,0.902777778,50,0.418,0.009027778,0.582,0.443211111,Very High,12,127.0
36:43:00,144,23.0,60,1800,2.0,50,0.54,0.02,0.46,0.356,High,12,65.0
36:44:00,50,40.8,88,1800,0.694444444,50,0.184,0.006944444,0.816,0.391577778,High,12,144.0
36:45:00,146,21.9,48,1800,2.027777778,50,0.562,0.020277778,0.438,0.312511111,High,12,50.0
36:46:00,137,35.3,46,1800,1.902777778,50,0.294,0.019027778,0.706,0.250411111,Moderate,12,146.0
36:47:00,144,49.9,68,1800,2.0,50,0.002,0.02,0.998,0.2804,Moderate,12,137.0
36:48:00,184,44.4,57,1800,2.555555556,50,0.112,0.025555556,0.888,0.260622222,Moderate,12,144.0
36:49:00,82,38.5,67,1800,1.138888889,50,0.23,0.011388889,0.77,0.318555556,High,12,184.0
36:50:00,171,29.2,61,1800,2.375,50,0.416,0.02375,0.584,0.3367,High,12,82.0
36:51:00,117,38.7,77,1800,1.625,50,0.226,0.01625,0.774,0.3597,High,12,171.0
36:52:00,130,35.8,90,1800,1.805555556,50,0.284,0.018055556,0.716,0.424022222,Very High,12,117.0
36:53:00,92,32.8,74,1800,1.277777778,50,0.344,0.012777778,0.656,0.369911111,High,12,130.0
36:54:00,79,23.9,31,1800,1.097222222,50,0.522,0.010972222,0.478,0.232788889,Moderate,12,92.0
36:55:00,116,46.6,62,1800,1.611111111,50,0.068,0.016111111,0.932,0.268044444,Moderate,12,79.0
36:56:00,61,33.5,71,1800,0.847222222,50,0.33,0.008472222,0.67,0.353388889,High,12,116.0
36:57:00,127,25.8,39,1800,1.763888889,50,0.484,0.017638889,0.516,0.259855556,Moderate,12,61.0
36:58:00,130,31.0,73,1800,1.805555556,50,0.38,0.018055556,0.62,0.375222222,High,12,127.0
36:59:00,158,32.4,55,1800,2.194444444,50,0.352,0.021944444,0.648,0.299177778,Moderate,12,130.0
37:00:00,61,44.8,61,1800,0.847222222,50,0.104,0.008472222,0.896,0.268188889,Moderate,13,158.0
37:01:00,182,42.0,63,1800,2.527777778,50,0.16,0.025277778,0.84,0.294111111,Moderate,13,61.0
37:02:00,94,43.1,69,1800,1.305555556,50,0.138,0.013055556,0.862,0.308822222,High,13,182.0
37:03:00,85,20.3,69,1800,1.180555556,50,0.594,0.011805556,0.406,0.399522222,High,13,94.0
37:04:00,182,32.5,39,1800,2.527777778,50,0.35,0.025277778,0.65,0.236111111,Moderate,13,85.0
37:05:00,118,34.4,83,1800,1.638888889,50,0.312,0.016388889,0.688,0.400955556,Very High,13,182.0
37:06:00,128,20.6,78,1800,1.777777778,50,0.588,0.017777778,0.412,0.436711111,Very High,13,118.0
37:07:00,159,27.8,53,1800,2.208333333,50,0.444,0.022083333,0.556,0.309633333,High,13,128.0
37:08:00,135,42.8,68,1800,1.875,50,0.144,0.01875,0.856,0.3083,High,13,159.0
37:09:00,152,24.1,85,1800,2.111111111,50,0.518,0.021111111,0.482,0.452044444,Very High,13,135.0
37:10:00,57,36.1,56,1800,0.791666667,50,0.278,0.007916667,0.722,0.282766667,Moderate,13,152.0
37:11:00,147,26.5,37,1800,2.041666667,50,0.47,0.020416667,0.53,0.250166667,Moderate,13,57.0
37:12:00,110,20.4,42,1800,1.527777778,50,0.592,0.015277778,0.408,0.292511111,Moderate,13,147.0
37:13:00,77,27.2,49,1800,1.069444444,50,0.456,0.010694444,0.544,0.291477778,Moderate,13,110.0
37:14:00,95,49.3,44,1800,1.319444444,50,0.014,0.013194444,0.986,0.184077778,Low,13,77.0
37:15:00,118,44.0,88,1800,1.638888889,50,0.12,0.016388889,0.88,0.382555556,High,13,95.0
37:16:00,129,48.8,55,1800,1.791666667,50,0.024,0.017916667,0.976,0.231966667,Moderate,13,118.0
37:17:00,175,34.6,47,1800,2.430555556,50,0.308,0.024305556,0.692,0.259322222,Moderate,13,129.0
37:18:00,156,23.3,78,1800,2.166666667,50,0.534,0.021666667,0.466,0.427466667,Very High,13,175.0
37:19:00,82,36.4,48,1800,1.138888889,50,0.272,0.011388889,0.728,0.250955556,Moderate,13,156.0
37:20:00,90,33.6,48,1800,1.25,50,0.328,0.0125,0.672,0.2626,Moderate,13,82.0
37:21:00,180,45.3,81,1800,2.5,50,0.094,0.025,0.906,0.3528,High,13,90.0
37:22:00,128,22.9,57,1800,1.777777778,50,0.542,0.017777778,0.458,0.343511111,High,13,180.0
37:23:00,186,34.6,38,1800,2.583333333,50,0.308,0.025833333,0.692,0.223933333,Moderate,13,128.0
37:24:00,166,24.5,37,1800,2.305555556,50,0.51,0.023055556,0.49,0.259222222,Moderate,13,186.0
37:25:00,127,29.7,59,1800,1.763888889,50,0.406,0.017638889,0.594,0.324255556,High,13,166.0
37:26:00,85,42.1,42,1800,1.180555556,50,0.158,0.011805556,0.842,0.204322222,Moderate,13,127.0
37:27:00,199,34.3,90,1800,2.763888889,50,0.314,0.027638889,0.686,0.433855556,Very High,13,85.0
37:28:00,55,31.3,49,1800,0.763888889,50,0.374,0.007638889,0.626,0.273855556,Moderate,13,199.0
37:29:00,161,31.8,53,1800,2.236111111,50,0.364,0.022361111,0.636,0.293744444,Moderate,13,55.0
37:30:00,79,33.8,40,1800,1.097222222,50,0.324,0.010972222,0.676,0.229188889,Moderate,13,161.0
37:31:00,120,43.6,84,1800,1.666666667,50,0.128,0.016666667,0.872,0.368266667,High,13,79.0
37:32:00,118,46.8,45,1800,1.638888889,50,0.064,0.016388889,0.936,0.199355556,Low,13,120.0
37:33:00,190,48.7,44,1800,2.638888889,50,0.026,0.026388889,0.974,0.191755556,Low,13,118.0
37:34:00,176,43.6,90,1800,2.444444444,50,0.128,0.024444444,0.872,0.395377778,High,13,190.0
37:35:00,148,29.5,57,1800,2.055555556,50,0.41,0.020555556,0.59,0.318222222,High,13,176.0
37:36:00,69,40.6,83,1800,0.958333333,50,0.188,0.009583333,0.812,0.373433333,High,13,148.0
37:37:00,113,33.1,66,1800,1.569444444,50,0.338,0.015694444,0.662,0.337877778,High,13,69.0
37:38:00,96,27.6,58,1800,1.333333333,50,0.448,0.013333333,0.552,0.326933333,High,13,113.0
37:39:00,173,45.2,81,1800,2.402777778,50,0.096,0.024027778,0.904,0.352811111,High,13,96.0
37:40:00,90,21.2,51,1800,1.25,50,0.576,0.0125,0.424,0.3242,High,13,173.0
37:41:00,186,47.1,70,1800,2.583333333,50,0.058,0.025833333,0.942,0.301933333,High,13,90.0
37:42:00,162,33.8,43,1800,2.25,50,0.324,0.0225,0.676,0.2458,Moderate,13,186.0
37:43:00,194,39.1,75,1800,2.694444444,50,0.218,0.026944444,0.782,0.354377778,High,13,162.0
37:44:00,131,39.8,38,1800,1.819444444,50,0.204,0.018194444,0.796,0.200077778,Moderate,13,194.0
37:45:00,87,46.9,36,1800,1.208333333,50,0.062,0.012083333,0.938,0.161233333,Low,13,131.0
37:46:00,150,39.1,79,1800,2.083333333,50,0.218,0.020833333,0.782,0.367933333,High,13,87.0
37:47:00,137,38.4,56,1800,1.902777778,50,0.232,0.019027778,0.768,0.278011111,Moderate,13,150.0
37:48:00,131,22.0,86,1800,1.819444444,50,0.56,0.018194444,0.44,0.463277778,Very High,13,137.0
37:49:00,52,35.6,30,1800,0.722222222,50,0.288,0.007222222,0.712,0.180488889,Low,13,131.0
37:50:00,109,24.5,79,1800,1.513888889,50,0.51,0.015138889,0.49,0.424055556,Very High,13,52.0
37:51:00,188,42.1,60,1800,2.611111111,50,0.158,0.026111111,0.842,0.282044444,Moderate,13,109.0
37:52:00,125,35.4,73,1800,1.736111111,50,0.292,0.017361111,0.708,0.357344444,High,13,188.0
37:53:00,77,40.4,75,1800,1.069444444,50,0.192,0.010694444,0.808,0.342677778,High,13,125.0
37:54:00,79,21.3,68,1800,1.097222222,50,0.574,0.010972222,0.426,0.391188889,High,13,77.0
37:55:00,173,22.5,79,1800,2.402777778,50,0.55,0.024027778,0.45,0.435611111,Very High,13,79.0
37:56:00,68,41.5,69,1800,0.944444444,50,0.17,0.009444444,0.83,0.313777778,High,13,173.0
37:57:00,184,22.2,35,1800,2.555555556,50,0.556,0.025555556,0.444,0.261422222,Moderate,13,68.0
37:58:00,109,22.1,53,1800,1.513888889,50,0.558,0.015138889,0.442,0.329655556,High,13,184.0
37:59:00,101,20.4,77,1800,1.402777778,50,0.592,0.014027778,0.408,0.432011111,Very High,13,109.0
38:00:00,191,48.7,82,1800,2.652777778,50,0.026,0.026527778,0.974,0.343811111,High,14,101.0
38:01:00,118,42.1,89,1800,1.638888889,50,0.158,0.016388889,0.842,0.394155556,High,14,191.0
38:02:00,154,30.6,71,1800,2.138888889,50,0.388,0.021388889,0.612,0.370155556,High,14,118.0
38:03:00,55,28.9,76,1800,0.763888889,50,0.422,0.007638889,0.578,0.391455556,High,14,154.0
38:04:00,174,30.5,51,1800,2.416666667,50,0.39,0.024166667,0.61,0.291666667,Moderate,14,55.0
38:05:00,153,43.2,36,1800,2.125,50,0.136,0.02125,0.864,0.1797,Low,14,174.0
38:06:00,128,39.8,69,1800,1.777777778,50,0.204,0.017777778,0.796,0.323911111,High,14,153.0
38:07:00,102,25.6,43,1800,1.416666667,50,0.488,0.014166667,0.512,0.275266667,Moderate,14,128.0
38:08:00,79,25.2,59,1800,1.097222222,50,0.496,0.010972222,0.504,0.339588889,High,14,102.0
38:09:00,108,23.0,59,1800,1.5,50,0.54,0.015,0.46,0.35,High,14,79.0
38:10:00,189,39.8,51,1800,2.625,50,0.204,0.02625,0.796,0.2553,Moderate,14,108.0
38:11:00,55,42.9,32,1800,0.763888889,50,0.142,0.007638889,0.858,0.159455556,Low,14,189.0
38:12:00,154,28.0,70,1800,2.138888889,50,0.44,0.021388889,0.56,0.376555556,High,14,55.0
38:13:00,134,20.6,82,1800,1.861111111,50,0.588,0.018611111,0.412,0.453044444,Very High,14,154.0
38:14:00,185,22.5,41,1800,2.569444444,50,0.55,0.025694444,0.45,0.284277778,Moderate,14,134.0
38:15:00,139,49.0,79,1800,1.930555556,50,0.02,0.019305556,0.98,0.327722222,High,14,185.0
38:16:00,56,28.9,52,1800,0.777777778,50,0.422,0.007777778,0.578,0.295511111,Moderate,14,139.0
38:17:00,170,43.1,77,1800,2.361111111,50,0.138,0.023611111,0.862,0.345044444,High,14,56.0
38:18:00,53,38.7,76,1800,0.736111111,50,0.226,0.007361111,0.774,0.352144444,High,14,170.0
38:19:00,188,31.5,47,1800,2.611111111,50,0.37,0.026111111,0.63,0.272444444,Moderate,14,53.0
38:20:00,185,26.2,79,1800,2.569444444,50,0.476,0.025694444,0.524,0.421477778,Very High,14,188.0
38:21:00,103,23.6,41,1800,1.430555556,50,0.528,0.014305556,0.472,0.275322222,Moderate,14,185.0
38:22:00,196,38.5,32,1800,2.722222222,50,0.23,0.027222222,0.77,0.184888889,Low,14,103.0
38:23:00,121,43.2,33,1800,1.680555556,50,0.136,0.016805556,0.864,0.165922222,Low,14,196.0
38:24:00,110,39.3,60,1800,1.527777778,50,0.214,0.015277778,0.786,0.288911111,Moderate,14,121.0
38:25:00,193,35.9,56,1800,2.680555556,50,0.282,0.026805556,0.718,0.291122222,Moderate,14,110.0
38:26:00,181,21.3,53,1800,2.513888889,50,0.574,0.025138889,0.426,0.336855556,High,14,193.0
38:27:00,113,49.1,50,1800,1.569444444,50,0.018,0.015694444,0.982,0.209877778,Moderate,14,181.0
38:28:00,96,44.0,45,1800,1.333333333,50,0.12,0.013333333,0.88,0.209333333,Moderate,14,113.0
38:29:00,113,28.8,50,1800,1.569444444,50,0.424,0.015694444,0.576,0.291077778,Moderate,14,96.0
38:30:00,133,49.4,55,1800,1.847222222,50,0.012,0.018472222,0.988,0.229788889,Moderate,14,113.0
38:31:00,84,38.1,56,1800,1.166666667,50,0.238,0.011666667,0.762,0.276266667,Moderate,14,133.0
38:32:00,129,37.5,35,1800,1.791666667,50,0.25,0.017916667,0.75,0.197166667,Low,14,84.0
38:33:00,90,42.4,88,1800,1.25,50,0.152,0.0125,0.848,0.3874,High,14,129.0
38:34:00,194,44.4,42,1800,2.694444444,50,0.112,0.026944444,0.888,0.201177778,Moderate,14,90.0
38:35:00,191,39.7,81,1800,2.652777778,50,0.206,0.026527778,0.794,0.375811111,High,14,194.0
38:36:00,73,23.8,58,1800,1.013888889,50,0.524,0.010138889,0.476,0.340855556,High,14,191.0
38:37:00,100,30.1,39,1800,1.388888889,50,0.398,0.013888889,0.602,0.241155556,Moderate,14,73.0
38:38:00,103,47.8,45,1800,1.430555556,50,0.044,0.014305556,0.956,0.194522222,Low,14,100.0
38:39:00,169,26.7,85,1800,2.347222222,50,0.466,0.023472222,0.534,0.442588889,Very High,14,103.0
38:40:00,53,31.2,89,1800,0.736111111,50,0.376,0.007361111,0.624,0.434144444,Very High,14,169.0
38:41:00,149,33.0,42,1800,2.069444444,50,0.34,0.020694444,0.66,0.244277778,Moderate,14,53.0
38:42:00,114,33.2,39,1800,1.583333333,50,0.336,0.015833333,0.664,0.229533333,Moderate,14,149.0
38:43:00,195,38.4,31,1800,2.708333333,50,0.232,0.027083333,0.768,0.181233333,Low,14,114.0
38:44:00,142,48.3,35,1800,1.972222222,50,0.034,0.019722222,0.966,0.154688889,Low,14,195.0
38:45:00,97,27.2,37,1800,1.347222222,50,0.456,0.013472222,0.544,0.244588889,Moderate,14,142.0
38:46:00,72,23.6,36,1800,1.0,50,0.528,0.01,0.472,0.2536,Moderate,14,97.0
38:47:00,152,25.9,74,1800,2.111111111,50,0.482,0.021111111,0.518,0.400844444,Very High,14,72.0
38:48:00,126,46.6,35,1800,1.75,50,0.068,0.0175,0.932,0.1606,Low,14,152.0
38:49:00,135,39.4,84,1800,1.875,50,0.212,0.01875,0.788,0.3859,High,14,126.0
38:50:00,141,28.6,38,1800,1.958333333,50,0.428,0.019583333,0.572,0.245433333,Moderate,14,135.0
38:51:00,112,44.5,40,1800,1.555555556,50,0.11,0.015555556,0.89,0.188222222,Low,14,141.0
38:52:00,155,45.8,69,1800,2.152777778,50,0.084,0.021527778,0.916,0.301411111,High,14,112.0
38:53:00,173,45.4,79,1800,2.402777778,50,0.092,0.024027778,0.908,0.344011111,High,14,155.0
38:54:00,150,47.6,36,1800,2.083333333,50,0.048,0.020833333,0.952,0.161933333,Low,14,173.0
38:55:00,79,27.6,48,1800,1.097222222,50,0.448,0.010972222,0.552,0.285988889,Moderate,14,150.0
38:56:00,199,42.7,80,1800,2.763888889,50,0.146,0.027638889,0.854,0.360255556,High,14,79.0
38:57:00,157,33.8,49,1800,2.180555556,50,0.324,0.021805556,0.676,0.269522222,Moderate,14,199.0
38:58:00,123,45.3,50,1800,1.708333333,50,0.094,0.017083333,0.906,0.225633333,Moderate,14,157.0
38:59:00,168,41.9,71,1800,2.333333333,50,0.162,0.023333333,0.838,0.325733333,High,14,123.0
39:00:00,113,43.3,71,1800,1.569444444,50,0.134,0.015694444,0.866,0.317077778,High,15,168.0
39:01:00,142,39.7,57,1800,1.972222222,50,0.206,0.019722222,0.794,0.277088889,Moderate,15,113.0
39:02:00,134,25.3,35,1800,1.861111111,50,0.494,0.018611111,0.506,0.246244444,Moderate,15,142.0
39:03:00,131,36.4,61,1800,1.819444444,50,0.272,0.018194444,0.728,0.305677778,High,15,134.0
39:04:00,75,49.5,77,1800,1.041666667,50,0.01,0.010416667,0.99,0.314166667,High,15,131.0
39:05:00,195,48.1,48,1800,2.708333333,50,0.038,0.027083333,0.962,0.210433333,Moderate,15,75.0
39:06:00,99,21.3,43,1800,1.375,50,0.574,0.01375,0.426,0.2923,Moderate,15,195.0
39:07:00,91,24.9,83,1800,1.263888889,50,0.502,0.012638889,0.498,0.437455556,Very High,15,99.0
39:08:00,143,24.0,70,1800,1.986111111,50,0.52,0.019861111,0.48,0.391944444,High,15,91.0
39:09:00,136,41.8,43,1800,1.888888889,50,0.164,0.018888889,0.836,0.212355556,Moderate,15,143.0
39:10:00,100,44.5,35,1800,1.388888889,50,0.11,0.013888889,0.89,0.167555556,Low,15,136.0
39:11:00,181,26.4,47,1800,2.513888889,50,0.472,0.025138889,0.528,0.292455556,Moderate,15,100.0
39:12:00,198,35.2,42,1800,2.75,50,0.296,0.0275,0.704,0.2382,Moderate,15,181.0
39:13:00,79,45.2,31,1800,1.097222222,50,0.096,0.010972222,0.904,0.147588889,Low,15,198.0
39:14:00,127,42.0,55,1800,1.763888889,50,0.16,0.017638889,0.84,0.259055556,Moderate,15,79.0
39:15:00,177,36.3,48,1800,2.458333333,50,0.274,0.024583333,0.726,0.256633333,Moderate,15,127.0
39:16:00,146,37.7,86,1800,2.027777778,50,0.246,0.020277778,0.754,0.401311111,Very High,15,177.0
39:17:00,171,35.3,86,1800,2.375,50,0.294,0.02375,0.706,0.4123,Very High,15,146.0
39:18:00,151,28.9,81,1800,2.097222222,50,0.422,0.020972222,0.578,0.416788889,Very High,15,171.0
39:19:00,121,37.0,60,1800,1.680555556,50,0.26,0.016805556,0.74,0.298722222,Moderate,15,151.0
39:20:00,109,40.7,53,1800,1.513888889,50,0.186,0.015138889,0.814,0.255255556,Moderate,15,121.0
39:21:00,73,46.2,42,1800,1.013888889,50,0.076,0.010138889,0.924,0.187255556,Low,15,109.0
39:22:00,151,39.1,69,1800,2.097222222,50,0.218,0.020972222,0.782,0.327988889,High,15,73.0
39:23:00,72,42.8,60,1800,1.0,50,0.144,0.01,0.856,0.2728,Moderate,15,151.0
39:24:00,152,24.8,81,1800,2.111111111,50,0.504,0.021111111,0.496,0.433244444,Very High,15,72.0
39:25:00,106,33.8,65,1800,1.472222222,50,0.324,0.014722222,0.676,0.330688889,High,15,152.0
39:26:00,70,20.3,81,1800,0.972222222,50,0.594,0.009722222,0.406,0.446688889,Very High,15,106.0
39:27:00,52,27.4,54,1800,0.722222222,50,0.452,0.007222222,0.548,0.309288889,High,15,70.0
39:28:00,109,41.8,76,1800,1.513888889,50,0.164,0.015138889,0.836,0.342855556,High,15,52.0
39:29:00,102,49.8,67,1800,1.416666667,50,0.004,0.014166667,0.996,0.274466667,Moderate,15,109.0
39:30:00,153,23.0,56,1800,2.125,50,0.54,0.02125,0.46,0.3405,High,15,102.0
39:31:00,117,32.0,79,1800,1.625,50,0.36,0.01625,0.64,0.3945,High,15,153.0
39:32:00,200,44.0,86,1800,2.777777778,50,0.12,0.027777778,0.88,0.379111111,High,15,117.0
39:33:00,50,26.1,41,1800,0.694444444,50,0.478,0.006944444,0.522,0.262377778,Moderate,15,200.0
39:34:00,78,36.7,75,1800,1.083333333,50,0.266,0.010833333,0.734,0.357533333,High,15,50.0
39:35:00,52,42.0,41,1800,0.722222222,50,0.16,0.007222222,0.84,0.198888889,Low,15,78.0
39:36:00,101,38.5,87,1800,1.402777778,50,0.23,0.014027778,0.77,0.399611111,High,15,52.0
39:37:00,172,25.6,62,1800,2.388888889,50,0.488,0.023888889,0.512,0.355155556,High,15,101.0
39:38:00,58,30.7,33,1800,0.805555556,50,0.386,0.008055556,0.614,0.212422222,Moderate,15,172.0
39:39:00,99,43.5,55,1800,1.375,50,0.13,0.01375,0.87,0.2515,Moderate,15,58.0
39:40:00,174,36.6,35,1800,2.416666667,50,0.268,0.024166667,0.732,0.203266667,Moderate,15,99.0
39:41:00,133,20.2,86,1800,1.847222222,50,0.596,0.018472222,0.404,0.470588889,Very High,15,174.0
39:42:00,50,42.8,43,1800,0.694444444,50,0.144,0.006944444,0.856,0.203577778,Moderate,15,133.0
39:43:00,196,21.1,89,1800,2.722222222,50,0.578,0.027222222,0.422,0.482488889,Very High,15,50.0
39:44:00,185,42.4,34,1800,2.569444444,50,0.152,0.025694444,0.848,0.176677778,Low,15,196.0
39:45:00,127,26.1,39,1800,1.763888889,50,0.478,0.017638889,0.522,0.258655556,Moderate,15,185.0
39:46:00,141,48.7,60,1800,1.958333333,50,0.026,0.019583333,0.974,0.253033333,Moderate,15,127.0
39:47:00,191,31.0,89,1800,2.652777778,50,0.38,0.026527778,0.62,0.442611111,Very High,15,141.0
39:48:00,107,29.8,54,1800,1.486111111,50,0.404,0.014861111,0.596,0.302744444,High,15,191.0
39:49:00,85,24.5,48,1800,1.180555556,50,0.51,0.011805556,0.49,0.298722222,Moderate,15,107.0
39:50:00,62,29.2,69,1800,0.861111111,50,0.416,0.008611111,0.584,0.362644444,High,15,85.0
39:51:00,123,46.3,54,1800,1.708333333,50,0.074,0.017083333,0.926,0.237633333,Moderate,15,62.0
39:52:00,92,49.9,30,1800,1.277777778,50,0.002,0.012777778,0.998,0.125511111,Low,15,123.0
39:53:00,128,31.0,30,1800,1.777777778,50,0.38,0.017777778,0.62,0.203111111,Moderate,15,92.0
39:54:00,116,33.5,32,1800,1.611111111,50,0.33,0.016111111,0.67,0.200444444,Moderate,15,128.0
39:55:00,154,41.7,33,1800,2.138888889,50,0.166,0.021388889,0.834,0.173755556,Low,15,116.0
39:56:00,175,46.6,57,1800,2.430555556,50,0.068,0.024305556,0.932,0.251322222,Moderate,15,154.0
39:57:00,153,37.8,56,1800,2.125,50,0.244,0.02125,0.756,0.2813,Moderate,15,175.0
39:58:00,132,31.7,90,1800,1.833333333,50,0.366,0.018333333,0.634,0.440533333,Very High,15,153.0
39:59:00,146,32.4,77,1800,2.027777778,50,0.352,0.020277778,0.648,0.386511111,High,15,132.0
40:00:00,64,40.9,35,1800,0.888888889,50,0.182,0.008888889,0.818,0.179955556,Low,16,146.0
40:01:00,187,20.1,40,1800,2.597222222,50,0.598,0.025972222,0.402,0.289988889,Moderate,16,64.0
40:02:00,115,38.6,79,1800,1.597222222,50,0.228,0.015972222,0.772,0.367988889,High,16,187.0
40:03:00,104,30.7,37,1800,1.444444444,50,0.386,0.014444444,0.614,0.230977778,Moderate,16,115.0
40:04:00,144,43.8,32,1800,2.0,50,0.124,0.02,0.876,0.1608,Low,16,104.0
40:05:00,139,22.8,31,1800,1.930555556,50,0.544,0.019305556,0.456,0.240522222,Moderate,16,144.0
40:06:00,60,37.6,73,1800,0.833333333,50,0.248,0.008333333,0.752,0.344933333,High,16,139.0
40:07:00,89,34.4,42,1800,1.236111111,50,0.312,0.012361111,0.688,0.235344444,Moderate,16,60.0
40:08:00,62,39.3,31,1800,0.861111111,50,0.214,0.008611111,0.786,0.170244444,Low,16,89.0
40:09:00,196,21.9,90,1800,2.722222222,50,0.562,0.027222222,0.438,0.483288889,Very High,16,62.0
40:10:00,55,37.4,52,1800,0.763888889,50,0.252,0.007638889,0.748,0.261455556,Moderate,16,196.0
40:11:00,140,36.8,71,1800,1.944444444,50,0.264,0.019444444,0.736,0.344577778,High,16,55.0
40:12:00,128,36.8,69,1800,1.777777778,50,0.264,0.017777778,0.736,0.335911111,High,16,140.0
40:13:00,75,38.1,34,1800,1.041666667,50,0.238,0.010416667,0.762,0.187766667,Low,16,128.0
40:14:00,74,40.3,51,1800,1.027777778,50,0.194,0.010277778,0.806,0.246911111,Moderate,16,75.0
40:15:00,81,44.1,70,1800,1.125,50,0.118,0.01125,0.882,0.3081,High,16,74.0
40:16:00,77,28.1,30,1800,1.069444444,50,0.438,0.010694444,0.562,0.211877778,Moderate,16,81.0
40:17:00,57,44.8,59,1800,0.791666667,50,0.104,0.007916667,0.896,0.259966667,Moderate,16,77.0
40:18:00,163,34.9,55,1800,2.263888889,50,0.302,0.022638889,0.698,0.289455556,Moderate,16,57.0
40:19:00,112,22.3,49,1800,1.555555556,50,0.554,0.015555556,0.446,0.313022222,High,16,163.0
40:20:00,91,21.8,40,1800,1.263888889,50,0.564,0.012638889,0.436,0.277855556,Moderate,16,112.0
40:21:00,149,30.0,41,1800,2.069444444,50,0.4,0.020694444,0.6,0.252277778,Moderate,16,91.0
40:22:00,97,43.5,36,1800,1.347222222,50,0.13,0.013472222,0.87,0.175388889,Low,16,149.0
40:23:00,165,41.2,33,1800,2.291666667,50,0.176,0.022916667,0.824,0.176366667,Low,16,97.0
40:24:00,199,43.7,55,1800,2.763888889,50,0.126,0.027638889,0.874,0.256255556,Moderate,16,165.0
40:25:00,182,35.5,55,1800,2.527777778,50,0.29,0.025277778,0.71,0.288111111,Moderate,16,199.0
40:26:00,153,33.2,81,1800,2.125,50,0.336,0.02125,0.664,0.3997,High,16,182.0
40:27:00,139,24.4,70,1800,1.930555556,50,0.512,0.019305556,0.488,0.390122222,High,16,153.0
40:28:00,50,29.8,77,1800,0.694444444,50,0.404,0.006944444,0.596,0.391577778,High,16,139.0
40:29:00,122,33.0,48,1800,1.694444444,50,0.34,0.016944444,0.66,0.266777778,Moderate,16,50.0
40:30:00,53,22.7,71,1800,0.736111111,50,0.546,0.007361111,0.454,0.396144444,High,16,122.0
40:31:00,55,26.6,46,1800,0.763888889,50,0.468,0.007638889,0.532,0.280655556,Moderate,16,53.0
40:32:00,110,37.9,73,1800,1.527777778,50,0.242,0.015277778,0.758,0.346511111,High,16,55.0
40:33:00,167,42.1,67,1800,2.319444444,50,0.158,0.023194444,0.842,0.308877778,High,16,110.0
40:34:00,126,50.0,40,1800,1.75,50,0.0,0.0175,1.0,0.167,Low,16,167.0
40:35:00,185,48.0,87,1800,2.569444444,50,0.04,0.025694444,0.96,0.366277778,High,16,126.0
40:36:00,77,39.3,31,1800,1.069444444,50,0.214,0.010694444,0.786,0.171077778,Low,16,185.0
40:37:00,113,32.6,37,1800,1.569444444,50,0.348,0.015694444,0.652,0.223877778,Moderate,16,77.0
40:38:00,107,39.1,58,1800,1.486111111,50,0.218,0.014861111,0.782,0.281544444,Moderate,16,113.0
40:39:00,169,43.6,54,1800,2.347222222,50,0.128,0.023472222,0.872,0.250988889,Moderate,16,107.0
40:40:00,183,23.6,68,1800,2.541666667,50,0.528,0.025416667,0.472,0.387766667,High,16,169.0
40:41:00,120,32.3,37,1800,1.666666667,50,0.354,0.016666667,0.646,0.225466667,Moderate,16,183.0
40:42:00,87,45.2,83,1800,1.208333333,50,0.096,0.012083333,0.904,0.356033333,High,16,120.0
40:43:00,197,31.5,70,1800,2.736111111,50,0.37,0.027361111,0.63,0.364944444,High,16,87.0
40:44:00,91,37.2,63,1800,1.263888889,50,0.256,0.012638889,0.744,0.308255556,High,16,197.0
40:45:00,167,37.6,85,1800,2.319444444,50,0.248,0.023194444,0.752,0.398877778,High,16,91.0
40:46:00,183,25.5,80,1800,2.541666667,50,0.49,0.025416667,0.51,0.428166667,Very High,16,167.0
40:47:00,112,30.9,38,1800,1.555555556,50,0.382,0.015555556,0.618,0.234622222,Moderate,16,183.0
40:48:00,170,30.0,53,1800,2.361111111,50,0.4,0.023611111,0.6,0.301444444,High,16,112.0
40:49:00,99,20.8,74,1800,1.375,50,0.584,0.01375,0.416,0.4183,Very High,16,170.0
40:50:00,87,20.7,81,1800,1.208333333,50,0.586,0.012083333,0.414,0.446033333,Very High,16,99.0
40:51:00,145,45.0,66,1800,2.013888889,50,0.1,0.020138889,0.9,0.292055556,Moderate,16,87.0
40:52:00,140,28.2,67,1800,1.944444444,50,0.436,0.019444444,0.564,0.362977778,High,16,145.0
40:53:00,81,35.5,69,1800,1.125,50,0.29,0.01125,0.71,0.3385,High,16,140.0
40:54:00,63,29.0,36,1800,0.875,50,0.42,0.00875,0.58,0.2315,Moderate,16,81.0
40:55:00,167,48.2,44,1800,2.319444444,50,0.036,0.023194444,0.964,0.192477778,Low,16,63.0
40:56:00,96,27.8,85,1800,1.333333333,50,0.444,0.013333333,0.556,0.434133333,Very High,16,167.0
40:57:00,182,32.9,78,1800,2.527777778,50,0.342,0.025277778,0.658,0.390511111,High,16,96.0
40:58:00,146,46.2,63,1800,2.027777778,50,0.076,0.020277778,0.924,0.275311111,Moderate,16,182.0
40:59:00,143,45.3,42,1800,1.986111111,50,0.094,0.019861111,0.906,0.194744444,Low,16,146.0
41:00:00,107,25.6,63,1800,1.486111111,50,0.488,0.014861111,0.512,0.355544444,High,17,143.0
41:01:00,170,44.1,39,1800,2.361111111,50,0.118,0.023611111,0.882,0.189044444,Low,17,107.0
41:02:00,198,33.7,62,1800,2.75,50,0.326,0.0275,0.674,0.3242,High,17,170.0
41:03:00,66,34.5,81,1800,0.916666667,50,0.31,0.009166667,0.69,0.389666667,High,17,198.0
41:04:00,151,24.0,43,1800,2.097222222,50,0.52,0.020972222,0.48,0.284388889,Moderate,17,66.0
41:05:00,160,22.4,63,1800,2.222222222,50,0.552,0.022222222,0.448,0.371288889,High,17,151.0
41:06:00,145,41.8,56,1800,2.013888889,50,0.164,0.020138889,0.836,0.264855556,Moderate,17,160.0
41:07:00,164,34.9,53,1800,2.277777778,50,0.302,0.022777778,0.698,0.281511111,Moderate,17,145.0
41:08:00,134,33.1,48,1800,1.861111111,50,0.338,0.018611111,0.662,0.267044444,Moderate,17,164.0
41:09:00,147,41.9,49,1800,2.041666667,50,0.162,0.020416667,0.838,0.236566667,Moderate,17,134.0
41:10:00,84,43.0,48,1800,1.166666667,50,0.14,0.011666667,0.86,0.224666667,Moderate,17,147.0
41:11:00,67,24.8,68,1800,0.930555556,50,0.504,0.009305556,0.496,0.376522222,High,17,84.0
41:12:00,99,38.3,85,1800,1.375,50,0.234,0.01375,0.766,0.3923,High,17,67.0
41:13:00,191,24.1,67,1800,2.652777778,50,0.518,0.026527778,0.482,0.382211111,High,17,99.0
41:14:00,136,42.5,73,1800,1.888888889,50,0.15,0.018888889,0.85,0.329555556,High,17,191.0
41:15:00,140,39.7,72,1800,1.944444444,50,0.206,0.019444444,0.794,0.336977778,High,17,136.0
41:16:00,60,48.7,44,1800,0.833333333,50,0.026,0.008333333,0.974,0.184533333,Low,17,140.0
41:17:00,165,22.1,71,1800,2.291666667,50,0.558,0.022916667,0.442,0.404766667,Very High,17,60.0
41:18:00,101,21.7,70,1800,1.402777778,50,0.566,0.014027778,0.434,0.398811111,High,17,165.0
41:19:00,50,28.5,31,1800,0.694444444,50,0.43,0.006944444,0.57,0.212777778,Moderate,17,101.0
41:20:00,120,27.9,53,1800,1.666666667,50,0.442,0.016666667,0.558,0.307066667,High,17,50.0
41:21:00,174,27.4,46,1800,2.416666667,50,0.452,0.024166667,0.548,0.284066667,Moderate,17,120.0
41:22:00,186,47.2,77,1800,2.583333333,50,0.056,0.025833333,0.944,0.329533333,High,17,174.0
41:23:00,170,27.5,79,1800,2.361111111,50,0.45,0.023611111,0.55,0.415444444,Very High,17,186.0
41:24:00,184,28.2,53,1800,2.555555556,50,0.436,0.025555556,0.564,0.309422222,High,17,170.0
41:25:00,197,42.8,37,1800,2.736111111,50,0.144,0.027361111,0.856,0.187744444,Low,17,184.0
41:26:00,139,33.5,48,1800,1.930555556,50,0.33,0.019305556,0.67,0.265722222,Moderate,17,197.0
41:27:00,163,43.3,81,1800,2.263888889,50,0.134,0.022638889,0.866,0.359855556,High,17,139.0
41:28:00,193,22.0,41,1800,2.680555556,50,0.56,0.026805556,0.44,0.286722222,Moderate,17,163.0
41:29:00,162,34.6,72,1800,2.25,50,0.308,0.0225,0.692,0.3586,High,17,193.0
41:30:00,137,21.0,82,1800,1.902777778,50,0.58,0.019027778,0.42,0.451611111,Very High,17,162.0
41:31:00,103,21.9,55,1800,1.430555556,50,0.562,0.014305556,0.438,0.338122222,High,17,137.0
41:32:00,147,47.2,52,1800,2.041666667,50,0.056,0.020416667,0.944,0.227366667,Moderate,17,103.0
41:33:00,111,24.2,50,1800,1.541666667,50,0.516,0.015416667,0.484,0.309366667,High,17,147.0
41:34:00,155,36.0,44,1800,2.152777778,50,0.28,0.021527778,0.72,0.240611111,Moderate,17,111.0
41:35:00,125,32.3,35,1800,1.736111111,50,0.354,0.017361111,0.646,0.217744444,Moderate,17,155.0
41:36:00,165,30.4,59,1800,2.291666667,50,0.392,0.022916667,0.608,0.323566667,High,17,125.0
41:37:00,57,47.0,59,1800,0.791666667,50,0.06,0.007916667,0.94,0.251166667,Moderate,17,165.0
41:38:00,94,20.7,39,1800,1.305555556,50,0.586,0.013055556,0.414,0.278422222,Moderate,17,57.0
41:39:00,176,39.9,79,1800,2.444444444,50,0.202,0.024444444,0.798,0.366177778,High,17,94.0
41:40:00,182,48.9,90,1800,2.527777778,50,0.022,0.025277778,0.978,0.374511111,High,17,176.0
41:41:00,104,36.8,68,1800,1.444444444,50,0.264,0.014444444,0.736,0.330577778,High,17,182.0
41:42:00,64,48.1,53,1800,0.888888889,50,0.038,0.008888889,0.962,0.223155556,Moderate,17,104.0
41:43:00,119,21.6,84,1800,1.652777778,50,0.568,0.016527778,0.432,0.456211111,Very High,17,64.0
41:44:00,81,32.6,70,1800,1.125,50,0.348,0.01125,0.652,0.3541,High,17,119.0
41:45:00,180,27.8,63,1800,2.5,50,0.444,0.025,0.556,0.3508,High,17,81.0
41:46:00,86,41.9,84,1800,1.194444444,50,0.162,0.011944444,0.838,0.373177778,High,17,180.0
41:47:00,53,49.4,55,1800,0.736111111,50,0.012,0.007361111,0.988,0.225344444,Moderate,17,86.0
41:48:00,84,27.7,89,1800,1.166666667,50,0.446,0.011666667,0.554,0.449866667,Very High,17,53.0
41:49:00,166,39.6,58,1800,2.305555556,50,0.208,0.023055556,0.792,0.282822222,Moderate,17,84.0
41:50:00,185,25.9,73,1800,2.569444444,50,0.482,0.025694444,0.518,0.398677778,High,17,166.0
41:51:00,69,37.0,68,1800,0.958333333,50,0.26,0.009583333,0.74,0.327833333,High,17,185.0
41:52:00,56,33.9,69,1800,0.777777778,50,0.322,0.007777778,0.678,0.343511111,High,17,69.0
41:53:00,195,49.2,44,1800,2.708333333,50,0.016,0.027083333,0.984,0.190033333,Low,17,56.0
41:54:00,85,38.3,77,1800,1.180555556,50,0.234,0.011805556,0.766,0.359522222,High,17,195.0
41:55:00,117,30.5,44,1800,1.625,50,0.39,0.01625,0.61,0.2605,Moderate,17,85.0
41:56:00,83,23.4,85,1800,1.152777778,50,0.532,0.011527778,0.468,0.451011111,Very High,17,117.0
41:57:00,190,24.5,79,1800,2.638888889,50,0.51,0.026388889,0.49,0.428555556,Very High,17,83.0
41:58:00,54,26.8,54,1800,0.75,50,0.464,0.0075,0.536,0.3118,High,17,190.0
41:59:00,103,27.5,55,1800,1.430555556,50,0.45,0.014305556,0.55,0.315722222,High,17,54.0
42:00:00,101,45.5,67,1800,1.402777778,50,0.09,0.014027778,0.91,0.291611111,Moderate,18,103.0
42:01:00,110,36.8,51,1800,1.527777778,50,0.264,0.015277778,0.736,0.262911111,Moderate,18,101.0
42:02:00,165,35.7,74,1800,2.291666667,50,0.286,0.022916667,0.714,0.362366667,High,18,110.0
42:03:00,172,23.4,68,1800,2.388888889,50,0.532,0.023888889,0.468,0.387955556,High,18,165.0
42:04:00,62,45.8,39,1800,0.861111111,50,0.084,0.008611111,0.916,0.176244444,Low,18,172.0
42:05:00,155,41.7,55,1800,2.152777778,50,0.166,0.021527778,0.834,0.261811111,Moderate,18,62.0
42:06:00,131,22.0,79,1800,1.819444444,50,0.56,0.018194444,0.44,0.435277778,Very High,18,155.0
42:07:00,90,41.2,76,1800,1.25,50,0.176,0.0125,0.824,0.3442,High,18,131.0
42:08:00,124,36.3,76,1800,1.722222222,50,0.274,0.017222222,0.726,0.365688889,High,18,90.0
42:09:00,156,22.5,63,1800,2.166666667,50,0.55,0.021666667,0.45,0.370666667,High,18,124.0
42:10:00,144,33.7,66,1800,2.0,50,0.326,0.02,0.674,0.3372,High,18,156.0
42:11:00,57,34.5,87,1800,0.791666667,50,0.31,0.007916667,0.69,0.413166667,Very High,18,144.0
42:12:00,68,25.0,52,1800,0.944444444,50,0.5,0.009444444,0.5,0.311777778,High,18,57.0
42:13:00,182,48.4,69,1800,2.527777778,50,0.032,0.025277778,0.968,0.292511111,Moderate,18,68.0
42:14:00,165,45.5,63,1800,2.291666667,50,0.09,0.022916667,0.91,0.279166667,Moderate,18,182.0
42:15:00,136,40.1,54,1800,1.888888889,50,0.198,0.018888889,0.802,0.263155556,Moderate,18,165.0
42:16:00,125,33.9,32,1800,1.736111111,50,0.322,0.017361111,0.678,0.199344444,Low,18,136.0
42:17:00,86,32.4,42,1800,1.194444444,50,0.352,0.011944444,0.648,0.243177778,Moderate,18,125.0
42:18:00,73,39.5,82,1800,1.013888889,50,0.21,0.010138889,0.79,0.374055556,High,18,86.0
42:19:00,87,36.4,69,1800,1.208333333,50,0.272,0.012083333,0.728,0.335233333,High,18,73.0
42:20:00,170,21.9,72,1800,2.361111111,50,0.562,0.023611111,0.438,0.409844444,Very High,18,87.0
42:21:00,150,35.4,90,1800,2.083333333,50,0.292,0.020833333,0.708,0.426733333,Very High,18,170.0
42:22:00,145,44.2,58,1800,2.013888889,50,0.116,0.020138889,0.884,0.263255556,Moderate,18,150.0
42:23:00,105,33.8,89,1800,1.458333333,50,0.324,0.014583333,0.676,0.426633333,Very High,18,145.0
42:24:00,194,21.6,31,1800,2.694444444,50,0.568,0.026944444,0.432,0.248377778,Moderate,18,105.0
42:25:00,116,43.6,89,1800,1.611111111,50,0.128,0.016111111,0.872,0.388044444,High,18,194.0
42:26:00,50,26.0,52,1800,0.694444444,50,0.48,0.006944444,0.52,0.306777778,High,18,116.0
42:27:00,83,27.8,73,1800,1.152777778,50,0.444,0.011527778,0.556,0.385411111,High,18,50.0
42:28:00,197,24.9,65,1800,2.736111111,50,0.502,0.027361111,0.498,0.371344444,High,18,83.0
42:29:00,115,29.9,42,1800,1.597222222,50,0.402,0.015972222,0.598,0.254788889,Moderate,18,197.0
42:30:00,114,42.7,59,1800,1.583333333,50,0.146,0.015833333,0.854,0.271533333,Moderate,18,115.0
42:31:00,162,35.6,80,1800,2.25,50,0.288,0.0225,0.712,0.3866,High,18,114.0
42:32:00,99,26.1,72,1800,1.375,50,0.478,0.01375,0.522,0.3891,High,18,162.0
42:33:00,197,46.3,46,1800,2.736111111,50,0.074,0.027361111,0.926,0.209744444,Moderate,18,99.0
42:34:00,100,46.4,40,1800,1.388888889,50,0.072,0.013888889,0.928,0.179955556,Low,18,197.0
42:35:00,151,46.1,50,1800,2.097222222,50,0.078,0.020972222,0.922,0.223988889,Moderate,18,100.0
42:36:00,118,27.2,85,1800,1.638888889,50,0.456,0.016388889,0.544,0.437755556,Very High,18,151.0
42:37:00,92,33.5,41,1800,1.277777778,50,0.33,0.012777778,0.67,0.235111111,Moderate,18,118.0
42:38:00,122,49.5,54,1800,1.694444444,50,0.01,0.016944444,0.99,0.224777778,Moderate,18,92.0
42:39:00,187,43.2,37,1800,2.597222222,50,0.136,0.025972222,0.864,0.185588889,Low,18,122.0
42:40:00,109,20.8,77,1800,1.513888889,50,0.584,0.015138889,0.416,0.430855556,Very High,18,187.0
42:41:00,58,22.0,79,1800,0.805555556,50,0.56,0.008055556,0.44,0.431222222,Very High,18,109.0
42:42:00,172,33.9,50,1800,2.388888889,50,0.322,0.023888889,0.678,0.273955556,Moderate,18,58.0
42:43:00,175,47.3,67,1800,2.430555556,50,0.054,0.024305556,0.946,0.288522222,Moderate,18,172.0
42:44:00,160,36.2,34,1800,2.222222222,50,0.276,0.022222222,0.724,0.200088889,Moderate,18,175.0
42:45:00,107,34.9,70,1800,1.486111111,50,0.302,0.014861111,0.698,0.346344444,High,18,160.0
42:46:00,82,23.2,30,1800,1.138888889,50,0.536,0.011388889,0.464,0.231755556,Moderate,18,107.0
42:47:00,115,39.7,46,1800,1.597222222,50,0.206,0.015972222,0.794,0.231588889,Moderate,18,82.0
42:48:00,193,44.7,58,1800,2.680555556,50,0.106,0.026805556,0.894,0.263922222,Moderate,18,115.0
42:49:00,90,31.4,53,1800,1.25,50,0.372,0.0125,0.628,0.2914,Moderate,18,193.0
42:50:00,133,43.3,73,1800,1.847222222,50,0.134,0.018472222,0.866,0.326188889,High,18,90.0
42:51:00,59,48.9,36,1800,0.819444444,50,0.022,0.008194444,0.978,0.151677778,Low,18,133.0
42:52:00,102,26.1,36,1800,1.416666667,50,0.478,0.014166667,0.522,0.245266667,Moderate,18,59.0
42:53:00,104,35.7,34,1800,1.444444444,50,0.286,0.014444444,0.714,0.198977778,Low,18,102.0
42:54:00,197,28.6,58,1800,2.736111111,50,0.428,0.027361111,0.572,0.328544444,High,18,104.0
42:55:00,105,43.8,39,1800,1.458333333,50,0.124,0.014583333,0.876,0.186633333,Low,18,197.0
42:56:00,116,37.3,52,1800,1.611111111,50,0.254,0.016111111,0.746,0.265244444,Moderate,18,105.0
42:57:00,196,39.0,63,1800,2.722222222,50,0.22,0.027222222,0.78,0.306888889,High,18,116.0
42:58:00,118,43.9,56,1800,1.638888889,50,0.122,0.016388889,0.878,0.254955556,Moderate,18,196.0
42:59:00,163,31.9,84,1800,2.263888889,50,0.362,0.022638889,0.638,0.417455556,Very High,18,118.0
43:00:00,107,47.5,45,1800,1.486111111,50,0.05,0.014861111,0.95,0.195944444,Low,19,163.0
43:01:00,90,36.0,76,1800,1.25,50,0.28,0.0125,0.72,0.365,High,19,107.0
43:02:00,144,24.7,57,1800,2.0,50,0.506,0.02,0.494,0.3372,High,19,90.0
43:03:00,115,40.9,47,1800,1.597222222,50,0.182,0.015972222,0.818,0.230788889,Moderate,19,144.0
43:04:00,179,43.8,57,1800,2.486111111,50,0.124,0.024861111,0.876,0.262744444,Moderate,19,115.0
43:05:00,181,29.5,48,1800,2.513888889,50,0.41,0.025138889,0.59,0.284055556,Moderate,19,179.0
43:06:00,134,45.7,42,1800,1.861111111,50,0.086,0.018611111,0.914,0.192644444,Low,19,181.0
43:07:00,145,47.2,88,1800,2.013888889,50,0.056,0.020138889,0.944,0.371255556,High,19,134.0
43:08:00,67,28.3,82,1800,0.930555556,50,0.434,0.009305556,0.566,0.418522222,Very High,19,145.0
43:09:00,132,49.5,73,1800,1.833333333,50,0.01,0.018333333,0.99,0.301333333,High,19,67.0
43:10:00,142,24.2,58,1800,1.972222222,50,0.516,0.019722222,0.484,0.343088889,High,19,132.0
43:11:00,84,26.1,43,1800,1.166666667,50,0.478,0.011666667,0.522,0.272266667,Moderate,19,142.0
43:12:00,94,25.5,31,1800,1.305555556,50,0.49,0.013055556,0.51,0.227222222,Moderate,19,84.0
43:13:00,186,46.8,62,1800,2.583333333,50,0.064,0.025833333,0.936,0.271133333,Moderate,19,94.0
43:14:00,142,39.6,51,1800,1.972222222,50,0.208,0.019722222,0.792,0.253488889,Moderate,19,186.0
43:15:00,168,24.6,38,1800,2.333333333,50,0.508,0.023333333,0.492,0.262933333,Moderate,19,142.0
43:16:00,102,33.2,47,1800,1.416666667,50,0.336,0.014166667,0.664,0.260866667,Moderate,19,168.0
43:17:00,104,38.5,33,1800,1.444444444,50,0.23,0.014444444,0.77,0.183777778,Low,19,102.0
43:18:00,198,22.5,38,1800,2.75,50,0.55,0.0275,0.45,0.273,Moderate,19,104.0
43:19:00,197,46.5,61,1800,2.736111111,50,0.07,0.027361111,0.93,0.268944444,Moderate,19,198.0
43:20:00,139,44.1,51,1800,1.930555556,50,0.118,0.019305556,0.882,0.235322222,Moderate,19,197.0
43:21:00,128,35.2,86,1800,1.777777778,50,0.296,0.017777778,0.704,0.410311111,Very High,19,139.0
43:22:00,119,49.0,79,1800,1.652777778,50,0.02,0.016527778,0.98,0.326611111,High,19,128.0
43:23:00,68,32.5,46,1800,0.944444444,50,0.35,0.009444444,0.65,0.257777778,Moderate,19,119.0
43:24:00,72,49.5,63,1800,1.0,50,0.01,0.01,0.99,0.258,Moderate,19,68.0
43:25:00,143,40.0,58,1800,1.986111111,50,0.2,0.019861111,0.8,0.279944444,Moderate,19,72.0
43:26:00,107,39.0,51,1800,1.486111111,50,0.22,0.014861111,0.78,0.253944444,Moderate,19,143.0
43:27:00,139,25.0,41,1800,1.930555556,50,0.5,0.019305556,0.5,0.271722222,Moderate,19,107.0
43:28:00,119,46.5,77,1800,1.652777778,50,0.07,0.016527778,0.93,0.328611111,High,19,139.0
43:29:00,166,32.8,63,1800,2.305555556,50,0.344,0.023055556,0.656,0.330022222,High,19,119.0
43:30:00,157,24.9,88,1800,2.180555556,50,0.502,0.021805556,0.498,0.461122222,Very High,19,166.0
43:31:00,185,20.4,64,1800,2.569444444,50,0.592,0.025694444,0.408,0.384677778,High,19,157.0
43:32:00,183,36.8,43,1800,2.541666667,50,0.264,0.025416667,0.736,0.234966667,Moderate,19,185.0
43:33:00,150,35.8,34,1800,2.083333333,50,0.284,0.020833333,0.716,0.201133333,Moderate,19,183.0
43:34:00,193,41.6,45,1800,2.680555556,50,0.168,0.026805556,0.832,0.224322222,Moderate,19,150.0
43:35:00,200,46.7,80,1800,2.777777778,50,0.066,0.027777778,0.934,0.344311111,High,19,193.0
43:36:00,148,22.4,86,1800,2.055555556,50,0.552,0.020555556,0.448,0.462622222,Very High,19,200.0
43:37:00,149,41.9,90,1800,2.069444444,50,0.162,0.020694444,0.838,0.400677778,Very High,19,148.0
43:38:00,52,25.6,46,1800,0.722222222,50,0.488,0.007222222,0.512,0.284488889,Moderate,19,149.0
43:39:00,52,45.7,57,1800,0.722222222,50,0.086,0.007222222,0.914,0.248088889,Moderate,19,52.0
43:40:00,129,44.6,34,1800,1.791666667,50,0.108,0.017916667,0.892,0.164766667,Low,19,52.0
43:41:00,109,36.2,90,1800,1.513888889,50,0.276,0.015138889,0.724,0.421255556,Very High,19,129.0
43:42:00,106,41.3,59,1800,1.472222222,50,0.174,0.014722222,0.826,0.276688889,Moderate,19,109.0
43:43:00,116,29.4,89,1800,1.611111111,50,0.412,0.016111111,0.588,0.444844444,Very High,19,106.0
43:44:00,195,34.1,66,1800,2.708333333,50,0.318,0.027083333,0.682,0.338433333,High,19,116.0
43:45:00,155,44.6,34,1800,2.152777778,50,0.108,0.021527778,0.892,0.166211111,Low,19,195.0
43:46:00,86,33.8,58,1800,1.194444444,50,0.324,0.011944444,0.676,0.301577778,High,19,155.0
43:47:00,106,30.7,45,1800,1.472222222,50,0.386,0.014722222,0.614,0.263088889,Moderate,19,86.0
43:48:00,69,34.8,88,1800,0.958333333,50,0.304,0.009583333,0.696,0.416633333,Very High,19,106.0
43:49:00,85,44.8,42,1800,1.180555556,50,0.104,0.011805556,0.896,0.193522222,Low,19,69.0
43:50:00,120,30.1,62,1800,1.666666667,50,0.398,0.016666667,0.602,0.334266667,High,19,85.0
43:51:00,83,25.2,57,1800,1.152777778,50,0.496,0.011527778,0.504,0.331811111,High,19,120.0
43:52:00,114,41.4,86,1800,1.583333333,50,0.172,0.015833333,0.828,0.384733333,High,19,83.0
43:53:00,168,44.8,62,1800,2.333333333,50,0.104,0.023333333,0.896,0.278133333,Moderate,19,114.0
43:54:00,180,23.0,62,1800,2.5,50,0.54,0.025,0.46,0.366,High,19,168.0
43:55:00,55,27.2,71,1800,0.763888889,50,0.456,0.007638889,0.544,0.378255556,High,19,180.0
43:56:00,153,24.3,73,1800,2.125,50,0.514,0.02125,0.486,0.4033,Very High,19,55.0
43:57:00,119,30.4,73,1800,1.652777778,50,0.392,0.016527778,0.608,0.377011111,High,19,153.0
43:58:00,183,33.5,83,1800,2.541666667,50,0.33,0.025416667,0.67,0.408166667,Very High,19,119.0
43:59:00,82,42.5,47,1800,1.138888889,50,0.15,0.011388889,0.85,0.222555556,Moderate,19,183.0
44:00:00,196,39.5,77,1800,2.722222222,50,0.21,0.027222222,0.79,0.360888889,High,20,82.0
44:01:00,117,38.6,52,1800,1.625,50,0.228,0.01625,0.772,0.2601,Moderate,20,196.0
44:02:00,179,30.6,65,1800,2.486111111,50,0.388,0.024861111,0.612,0.347544444,High,20,117.0
44:03:00,120,45.2,80,1800,1.666666667,50,0.096,0.016666667,0.904,0.345866667,High,20,179.0
44:04:00,59,34.1,64,1800,0.819444444,50,0.318,0.008194444,0.682,0.322877778,High,20,120.0
44:05:00,145,49.4,78,1800,2.013888889,50,0.012,0.020138889,0.988,0.322455556,High,20,59.0
44:06:00,57,39.0,33,1800,0.791666667,50,0.22,0.007916667,0.78,0.179166667,Low,20,145.0
44:07:00,122,23.8,86,1800,1.694444444,50,0.524,0.016944444,0.476,0.455577778,Very High,20,57.0
44:08:00,159,40.3,72,1800,2.208333333,50,0.194,0.022083333,0.806,0.335633333,High,20,122.0
44:09:00,187,29.8,32,1800,2.597222222,50,0.404,0.025972222,0.596,0.219188889,Moderate,20,159.0
44:10:00,194,40.6,45,1800,2.694444444,50,0.188,0.026944444,0.812,0.228377778,Moderate,20,187.0
44:11:00,162,22.1,58,1800,2.25,50,0.558,0.0225,0.442,0.3526,High,20,194.0
44:12:00,71,25.2,82,1800,0.986111111,50,0.496,0.009861111,0.504,0.431144444,Very High,20,162.0
44:13:00,76,45.7,68,1800,1.055555556,50,0.086,0.010555556,0.914,0.293422222,Moderate,20,71.0
44:14:00,187,26.8,40,1800,2.597222222,50,0.464,0.025972222,0.536,0.263188889,Moderate,20,76.0
44:15:00,174,45.1,44,1800,2.416666667,50,0.098,0.024166667,0.902,0.205266667,Moderate,20,187.0
44:16:00,135,28.4,75,1800,1.875,50,0.432,0.01875,0.568,0.3939,High,20,174.0
44:17:00,96,39.3,76,1800,1.333333333,50,0.214,0.013333333,0.786,0.352133333,High,20,135.0
44:18:00,70,40.8,32,1800,0.972222222,50,0.184,0.009722222,0.816,0.168688889,Low,20,96.0
44:19:00,102,35.4,76,1800,1.416666667,50,0.292,0.014166667,0.708,0.368066667,High,20,70.0
44:20:00,190,29.2,88,1800,2.638888889,50,0.416,0.026388889,0.584,0.445755556,Very High,20,102.0
44:21:00,105,26.4,61,1800,1.458333333,50,0.472,0.014583333,0.528,0.344233333,High,20,190.0
44:22:00,111,21.0,41,1800,1.541666667,50,0.58,0.015416667,0.42,0.286166667,Moderate,20,105.0
44:23:00,113,29.1,65,1800,1.569444444,50,0.418,0.015694444,0.582,0.349877778,High,20,111.0
44:24:00,133,39.6,85,1800,1.847222222,50,0.208,0.018472222,0.792,0.388988889,High,20,113.0
44:25:00,97,48.1,35,1800,1.347222222,50,0.038,0.013472222,0.962,0.152988889,Low,20,133.0
44:26:00,88,46.1,37,1800,1.222222222,50,0.078,0.012222222,0.922,0.168488889,Low,20,97.0
44:27:00,148,43.0,51,1800,2.055555556,50,0.14,0.020555556,0.86,0.240222222,Moderate,20,88.0
44:28:00,165,43.7,41,1800,2.291666667,50,0.126,0.022916667,0.874,0.198366667,Low,20,148.0
44:29:00,120,39.9,65,1800,1.666666667,50,0.202,0.016666667,0.798,0.307066667,High,20,165.0
44:30:00,100,27.8,87,1800,1.388888889,50,0.444,0.013888889,0.556,0.442355556,Very High,20,120.0
44:31:00,191,47.2,49,1800,2.652777778,50,0.056,0.026527778,0.944,0.217811111,Moderate,20,100.0
44:32:00,142,40.1,66,1800,1.972222222,50,0.198,0.019722222,0.802,0.311488889,High,20,191.0
44:33:00,170,36.8,67,1800,2.361111111,50,0.264,0.023611111,0.736,0.330244444,High,20,142.0
44:34:00,178,23.3,50,1800,2.472222222,50,0.534,0.024722222,0.466,0.316688889,High,20,170.0
44:35:00,60,33.4,82,1800,0.833333333,50,0.332,0.008333333,0.668,0.397733333,High,20,178.0
44:36:00,158,33.8,78,1800,2.194444444,50,0.324,0.021944444,0.676,0.385577778,High,20,60.0
44:37:00,158,45.9,60,1800,2.194444444,50,0.082,0.021944444,0.918,0.265177778,Moderate,20,158.0
44:38:00,164,36.4,46,1800,2.277777778,50,0.272,0.022777778,0.728,0.247511111,Moderate,20,158.0
44:39:00,91,31.4,56,1800,1.263888889,50,0.372,0.012638889,0.628,0.303455556,High,20,164.0
44:40:00,175,49.3,44,1800,2.430555556,50,0.014,0.024305556,0.986,0.188522222,Low,20,91.0
44:41:00,175,23.3,85,1800,2.430555556,50,0.534,0.024305556,0.466,0.456522222,Very High,20,175.0
44:42:00,176,32.7,49,1800,2.444444444,50,0.346,0.024444444,0.654,0.274977778,Moderate,20,175.0
44:43:00,200,21.3,55,1800,2.777777778,50,0.574,0.027777778,0.426,0.345911111,High,20,176.0
44:44:00,114,42.2,38,1800,1.583333333,50,0.156,0.015833333,0.844,0.189533333,Low,20,200.0
44:45:00,73,47.5,38,1800,1.013888889,50,0.05,0.010138889,0.95,0.166055556,Low,20,114.0
44:46:00,165,28.4,66,1800,2.291666667,50,0.432,0.022916667,0.568,0.359566667,High,20,73.0
44:47:00,87,45.8,59,1800,1.208333333,50,0.084,0.012083333,0.916,0.257633333,Moderate,20,165.0
44:48:00,110,28.8,79,1800,1.527777778,50,0.424,0.015277778,0.576,0.406911111,Very High,20,87.0
44:49:00,56,47.3,30,1800,0.777777778,50,0.054,0.007777778,0.946,0.133911111,Low,20,110.0
44:50:00,165,42.6,78,1800,2.291666667,50,0.148,0.022916667,0.852,0.350766667,High,20,56.0
44:51:00,168,44.1,47,1800,2.333333333,50,0.118,0.023333333,0.882,0.220933333,Moderate,20,165.0
44:52:00,68,20.5,80,1800,0.944444444,50,0.59,0.009444444,0.41,0.441777778,Very High,20,168.0
44:53:00,120,48.9,60,1800,1.666666667,50,0.022,0.016666667,0.978,0.251066667,Moderate,20,68.0
44:54:00,153,41.8,71,1800,2.125,50,0.164,0.02125,0.836,0.3253,High,20,120.0
44:55:00,159,29.1,47,1800,2.208333333,50,0.418,0.022083333,0.582,0.280433333,Moderate,20,153.0
44:56:00,154,44.9,81,1800,2.138888889,50,0.102,0.021388889,0.898,0.352955556,High,20,159.0
44:57:00,196,28.4,39,1800,2.722222222,50,0.432,0.027222222,0.568,0.253288889,Moderate,20,154.0
44:58:00,111,46.2,60,1800,1.541666667,50,0.076,0.015416667,0.924,0.261366667,Moderate,20,196.0
44:59:00,88,23.4,38,1800,1.222222222,50,0.532,0.012222222,0.468,0.263288889,Moderate,20,111.0
45:00:00,80,41.1,37,1800,1.111111111,50,0.178,0.011111111,0.822,0.188044444,Low,21,88.0
45:01:00,83,36.2,76,1800,1.152777778,50,0.276,0.011527778,0.724,0.363811111,High,21,80.0
45:02:00,194,22.9,32,1800,2.694444444,50,0.542,0.026944444,0.458,0.247177778,Moderate,21,83.0
45:03:00,89,27.3,89,1800,1.236111111,50,0.454,0.012361111,0.546,0.451744444,Very High,21,194.0
45:04:00,117,20.4,57,1800,1.625,50,0.592,0.01625,0.408,0.3529,High,21,89.0
45:05:00,147,34.1,82,1800,2.041666667,50,0.318,0.020416667,0.682,0.399766667,High,21,117.0
45:06:00,144,29.0,33,1800,2.0,50,0.42,0.02,0.58,0.224,Moderate,21,147.0
45:07:00,161,38.0,87,1800,2.236111111,50,0.24,0.022361111,0.76,0.404944444,Very High,21,144.0
45:08:00,99,28.9,74,1800,1.375,50,0.422,0.01375,0.578,0.3859,High,21,161.0
45:09:00,157,29.0,37,1800,2.180555556,50,0.42,0.021805556,0.58,0.240722222,Moderate,21,99.0
45:10:00,182,42.3,89,1800,2.527777778,50,0.154,0.025277778,0.846,0.396911111,High,21,157.0
45:11:00,62,21.4,90,1800,0.861111111,50,0.572,0.008611111,0.428,0.477844444,Very High,21,182.0
45:12:00,115,47.1,30,1800,1.597222222,50,0.058,0.015972222,0.942,0.137988889,Low,21,62.0
45:13:00,50,45.6,53,1800,0.694444444,50,0.088,0.006944444,0.912,0.232377778,Moderate,21,115.0
45:14:00,190,40.0,55,1800,2.638888889,50,0.2,0.026388889,0.8,0.270555556,Moderate,21,50.0
45:15:00,88,37.8,30,1800,1.222222222,50,0.244,0.012222222,0.756,0.173688889,Low,21,190.0
45:16:00,193,46.8,56,1800,2.680555556,50,0.064,0.026805556,0.936,0.247522222,Moderate,21,88.0
45:17:00,71,25.6,85,1800,0.986111111,50,0.488,0.009861111,0.512,0.441544444,Very High,21,193.0
45:18:00,54,22.4,52,1800,0.75,50,0.552,0.0075,0.448,0.3214,High,21,71.0
45:19:00,77,27.2,65,1800,1.069444444,50,0.456,0.010694444,0.544,0.355477778,High,21,54.0
45:20:00,66,43.8,37,1800,0.916666667,50,0.124,0.009166667,0.876,0.176466667,Low,21,77.0
45:21:00,151,21.0,57,1800,2.097222222,50,0.58,0.020972222,0.42,0.352388889,High,21,66.0
45:22:00,143,37.5,60,1800,1.986111111,50,0.25,0.019861111,0.75,0.297944444,Moderate,21,151.0
45:23:00,71,49.9,56,1800,0.986111111,50,0.002,0.009861111,0.998,0.228344444,Moderate,21,143.0
45:24:00,123,45.7,50,1800,1.708333333,50,0.086,0.017083333,0.914,0.224033333,Moderate,21,71.0
45:25:00,187,35.6,70,1800,2.597222222,50,0.288,0.025972222,0.712,0.347988889,High,21,123.0
45:26:00,97,21.9,50,1800,1.347222222,50,0.562,0.013472222,0.438,0.317788889,High,21,187.0
45:27:00,116,44.9,84,1800,1.611111111,50,0.102,0.016111111,0.898,0.362844444,High,21,97.0
45:28:00,188,38.0,69,1800,2.611111111,50,0.24,0.026111111,0.76,0.334444444,High,21,116.0
45:29:00,111,23.4,79,1800,1.541666667,50,0.532,0.015416667,0.468,0.428566667,Very High,21,188.0
45:30:00,92,22.8,36,1800,1.277777778,50,0.544,0.012777778,0.456,0.257911111,Moderate,21,111.0
45:31:00,108,47.3,87,1800,1.5,50,0.054,0.015,0.946,0.3648,High,21,92.0
45:32:00,121,40.1,55,1800,1.680555556,50,0.198,0.016805556,0.802,0.266322222,Moderate,21,108.0
45:33:00,77,44.9,68,1800,1.069444444,50,0.102,0.010694444,0.898,0.296677778,Moderate,21,121.0
45:34:00,191,46.4,44,1800,2.652777778,50,0.072,0.026527778,0.928,0.201011111,Moderate,21,77.0
45:35:00,160,37.2,52,1800,2.222222222,50,0.256,0.022222222,0.744,0.268088889,Moderate,21,191.0
45:36:00,172,35.5,75,1800,2.388888889,50,0.29,0.023888889,0.71,0.367555556,High,21,160.0
45:37:00,73,32.9,66,1800,1.013888889,50,0.342,0.010138889,0.658,0.336455556,High,21,172.0
45:38:00,173,29.5,49,1800,2.402777778,50,0.41,0.024027778,0.59,0.287611111,Moderate,21,73.0
45:39:00,56,33.0,73,1800,0.777777778,50,0.34,0.007777778,0.66,0.363111111,High,21,173.0
45:40:00,68,43.2,49,1800,0.944444444,50,0.136,0.009444444,0.864,0.226977778,Moderate,21,56.0
45:41:00,93,38.1,61,1800,1.291666667,50,0.238,0.012916667,0.762,0.296766667,Moderate,21,68.0
45:42:00,192,46.8,42,1800,2.666666667,50,0.064,0.026666667,0.936,0.191466667,Low,21,93.0
45:43:00,158,33.3,75,1800,2.194444444,50,0.334,0.021944444,0.666,0.375577778,High,21,192.0
45:44:00,86,38.2,67,1800,1.194444444,50,0.236,0.011944444,0.764,0.319977778,High,21,158.0
45:45:00,139,38.9,77,1800,1.930555556,50,0.222,0.019305556,0.778,0.360122222,High,21,86.0
45:46:00,108,37.8,59,1800,1.5,50,0.244,0.015,0.756,0.2908,Moderate,21,139.0
45:47:00,98,41.1,38,1800,1.361111111,50,0.178,0.013611111,0.822,0.193044444,Low,21,108.0
45:48:00,143,27.1,82,1800,1.986111111,50,0.458,0.019861111,0.542,0.427544444,Very High,21,98.0
45:49:00,135,35.4,75,1800,1.875,50,0.292,0.01875,0.708,0.3659,High,21,143.0
45:50:00,137,23.1,74,1800,1.902777778,50,0.538,0.019027778,0.462,0.411211111,Very High,21,135.0
45:51:00,66,31.5,74,1800,0.916666667,50,0.37,0.009166667,0.63,0.373666667,High,21,137.0
45:52:00,195,34.6,36,1800,2.708333333,50,0.308,0.027083333,0.692,0.216433333,Moderate,21,66.0
45:53:00,104,39.6,38,1800,1.444444444,50,0.208,0.014444444,0.792,0.199377778,Low,21,195.0
45:54:00,164,48.5,82,1800,2.277777778,50,0.03,0.022777778,0.97,0.343111111,High,21,104.0
45:55:00,114,38.0,84,1800,1.583333333,50,0.24,0.015833333,0.76,0.390333333,High,21,164.0
45:56:00,52,42.3,51,1800,0.722222222,50,0.154,0.007222222,0.846,0.237688889,Moderate,21,114.0
45:57:00,95,35.2,84,1800,1.319444444,50,0.296,0.013194444,0.704,0.400477778,Very High,21,52.0
45:58:00,142,39.0,83,1800,1.972222222,50,0.22,0.019722222,0.78,0.383888889,High,21,95.0
45:59:00,114,22.1,82,1800,1.583333333,50,0.558,0.015833333,0.442,0.445933333,Very High,21,142.0
46:00:00,157,27.6,85,1800,2.180555556,50,0.448,0.021805556,0.552,0.438322222,Very High,22,114.0
46:01:00,161,30.9,36,1800,2.236111111,50,0.382,0.022361111,0.618,0.229344444,Moderate,22,157.0
46:02:00,110,34.2,69,1800,1.527777778,50,0.316,0.015277778,0.684,0.345311111,High,22,161.0
46:03:00,59,21.4,87,1800,0.819444444,50,0.572,0.008194444,0.428,0.465677778,Very High,22,110.0
46:04:00,188,24.2,43,1800,2.611111111,50,0.516,0.026111111,0.484,0.285644444,Moderate,22,59.0
46:05:00,191,28.3,60,1800,2.652777778,50,0.434,0.026527778,0.566,0.337411111,High,22,188.0
46:06:00,194,49.1,37,1800,2.694444444,50,0.018,0.026944444,0.982,0.162377778,Low,22,191.0
46:07:00,71,29.9,85,1800,0.986111111,50,0.402,0.009861111,0.598,0.424344444,Very High,22,194.0
46:08:00,61,34.5,62,1800,0.847222222,50,0.31,0.008472222,0.69,0.313388889,High,22,71.0
46:09:00,183,25.9,47,1800,2.541666667,50,0.482,0.025416667,0.518,0.294566667,Moderate,22,61.0
46:10:00,91,38.3,38,1800,1.263888889,50,0.234,0.012638889,0.766,0.203855556,Moderate,22,183.0
46:11:00,193,28.4,38,1800,2.680555556,50,0.432,0.026805556,0.568,0.249122222,Moderate,22,91.0
46:12:00,72,26.2,39,1800,1.0,50,0.476,0.01,0.524,0.2552,Moderate,22,193.0
46:13:00,132,35.5,76,1800,1.833333333,50,0.29,0.018333333,0.71,0.369333333,High,22,72.0
46:14:00,108,20.2,41,1800,1.5,50,0.596,0.015,0.404,0.2892,Moderate,22,132.0
46:15:00,50,20.2,79,1800,0.694444444,50,0.596,0.006944444,0.404,0.437977778,Very High,22,108.0
46:16:00,71,26.6,88,1800,0.986111111,50,0.468,0.009861111,0.532,0.449544444,Very High,22,50.0
46:17:00,116,21.1,45,1800,1.611111111,50,0.578,0.016111111,0.422,0.302044444,High,22,71.0
46:18:00,51,23.2,49,1800,0.708333333,50,0.536,0.007083333,0.464,0.306033333,High,22,116.0
46:19:00,100,30.2,31,1800,1.388888889,50,0.396,0.013888889,0.604,0.208755556,Moderate,22,51.0
46:20:00,156,44.1,71,1800,2.166666667,50,0.118,0.021666667,0.882,0.316266667,High,22,100.0
46:21:00,189,37.2,61,1800,2.625,50,0.256,0.02625,0.744,0.3057,High,22,156.0
46:22:00,89,35.4,30,1800,1.236111111,50,0.292,0.012361111,0.708,0.183344444,Low,22,189.0
46:23:00,50,28.8,30,1800,0.694444444,50,0.424,0.006944444,0.576,0.207577778,Moderate,22,89.0
46:24:00,183,48.0,89,1800,2.541666667,50,0.04,0.025416667,0.96,0.374166667,High,22,50.0
46:25:00,101,31.9,31,1800,1.402777778,50,0.362,0.014027778,0.638,0.202011111,Moderate,22,183.0
46:26:00,55,22.6,34,1800,0.763888889,50,0.548,0.007638889,0.452,0.248655556,Moderate,22,101.0
46:27:00,127,38.5,59,1800,1.763888889,50,0.23,0.017638889,0.77,0.289055556,Moderate,22,55.0
46:28:00,137,23.4,49,1800,1.902777778,50,0.532,0.019027778,0.468,0.310011111,High,22,127.0
46:29:00,141,30.4,55,1800,1.958333333,50,0.392,0.019583333,0.608,0.306233333,High,22,137.0
46:30:00,163,35.2,62,1800,2.263888889,50,0.296,0.022638889,0.704,0.316255556,High,22,141.0
46:31:00,156,46.2,58,1800,2.166666667,50,0.076,0.021666667,0.924,0.255866667,Moderate,22,163.0
46:32:00,140,34.8,48,1800,1.944444444,50,0.304,0.019444444,0.696,0.260577778,Moderate,22,156.0
46:33:00,197,41.1,75,1800,2.736111111,50,0.178,0.027361111,0.822,0.346544444,High,22,140.0
46:34:00,116,49.8,58,1800,1.611111111,50,0.004,0.016111111,0.996,0.239244444,Moderate,22,197.0
46:35:00,120,23.9,67,1800,1.666666667,50,0.522,0.016666667,0.478,0.379066667,High,22,116.0
46:36:00,165,28.2,33,1800,2.291666667,50,0.436,0.022916667,0.564,0.228366667,Moderate,22,120.0
46:37:00,140,31.8,34,1800,1.944444444,50,0.364,0.019444444,0.636,0.216577778,Moderate,22,165.0
46:38:00,62,32.7,41,1800,0.861111111,50,0.346,0.008611111,0.654,0.236644444,Moderate,22,140.0
46:39:00,69,32.3,40,1800,0.958333333,50,0.354,0.009583333,0.646,0.234633333,Moderate,22,62.0
46:40:00,58,47.2,90,1800,0.805555556,50,0.056,0.008055556,0.944,0.374422222,High,22,69.0
46:41:00,87,41.4,75,1800,1.208333333,50,0.172,0.012083333,0.828,0.339233333,High,22,58.0
46:42:00,164,38.2,57,1800,2.277777778,50,0.236,0.022777778,0.764,0.284311111,Moderate,22,87.0
46:43:00,132,29.3,42,1800,1.833333333,50,0.414,0.018333333,0.586,0.258133333,Moderate,22,164.0
46:44:00,134,44.7,30,1800,1.861111111,50,0.106,0.018611111,0.894,0.148644444,Low,22,132.0
46:45:00,63,48.7,32,1800,0.875,50,0.026,0.00875,0.974,0.1367,Low,22,134.0
46:46:00,90,44.6,89,1800,1.25,50,0.108,0.0125,0.892,0.3826,High,22,63.0
46:47:00,179,20.0,68,1800,2.486111111,50,0.6,0.024861111,0.4,0.401944444,Very High,22,90.0
46:48:00,161,39.1,44,1800,2.236111111,50,0.218,0.022361111,0.782,0.228544444,Moderate,22,179.0
46:49:00,135,21.5,50,1800,1.875,50,0.57,0.01875,0.43,0.3215,High,22,161.0
46:50:00,199,27.7,35,1800,2.763888889,50,0.446,0.027638889,0.554,0.240255556,Moderate,22,135.0
46:51:00,113,21.8,89,1800,1.569444444,50,0.564,0.015694444,0.436,0.475077778,Very High,22,199.0
46:52:00,111,38.1,34,1800,1.541666667,50,0.238,0.015416667,0.762,0.189766667,Low,22,113.0
46:53:00,161,40.6,73,1800,2.236111111,50,0.188,0.022361111,0.812,0.338544444,High,22,111.0
46:54:00,136,23.4,39,1800,1.888888889,50,0.532,0.018888889,0.468,0.269955556,Moderate,22,161.0
46:55:00,165,31.5,43,1800,2.291666667,50,0.37,0.022916667,0.63,0.255166667,Moderate,22,136.0
46:56:00,118,33.7,76,1800,1.638888889,50,0.326,0.016388889,0.674,0.375755556,High,22,165.0
46:57:00,153,31.1,84,1800,2.125,50,0.378,0.02125,0.622,0.4201,Very High,22,118.0
46:58:00,94,23.6,64,1800,1.305555556,50,0.528,0.013055556,0.472,0.366822222,High,22,153.0
46:59:00,177,32.6,70,1800,2.458333333,50,0.348,0.024583333,0.652,0.359433333,High,22,94.0
47:00:00,188,42.5,58,1800,2.611111111,50,0.15,0.026111111,0.85,0.272444444,Moderate,23,177.0
47:01:00,136,22.1,42,1800,1.888888889,50,0.558,0.018888889,0.442,0.287155556,Moderate,23,188.0
47:02:00,95,22.4,49,1800,1.319444444,50,0.552,0.013194444,0.448,0.311677778,High,23,136.0
47:03:00,129,30.6,55,1800,1.791666667,50,0.388,0.017916667,0.612,0.304766667,High,23,95.0
47:04:00,186,48.3,80,1800,2.583333333,50,0.034,0.025833333,0.966,0.337133333,High,23,129.0
47:05:00,51,40.1,51,1800,0.708333333,50,0.198,0.007083333,0.802,0.246433333,Moderate,23,186.0
47:06:00,109,40.4,46,1800,1.513888889,50,0.192,0.015138889,0.808,0.228455556,Moderate,23,51.0
47:07:00,169,30.9,39,1800,2.347222222,50,0.382,0.023472222,0.618,0.241788889,Moderate,23,109.0
47:08:00,134,37.8,56,1800,1.861111111,50,0.244,0.018611111,0.756,0.280244444,Moderate,23,169.0
47:09:00,69,20.3,31,1800,0.958333333,50,0.594,0.009583333,0.406,0.246633333,Moderate,23,134.0
47:10:00,83,39.1,87,1800,1.152777778,50,0.218,0.011527778,0.782,0.396211111,High,23,69.0
47:11:00,175,47.4,81,1800,2.430555556,50,0.052,0.024305556,0.948,0.344122222,High,23,83.0
47:12:00,88,38.4,47,1800,1.222222222,50,0.232,0.012222222,0.768,0.239288889,Moderate,23,175.0
47:13:00,122,46.2,58,1800,1.694444444,50,0.076,0.016944444,0.924,0.253977778,Moderate,23,88.0
47:14:00,181,41.7,58,1800,2.513888889,50,0.166,0.025138889,0.834,0.275255556,Moderate,23,122.0
47:15:00,50,23.6,72,1800,0.694444444,50,0.528,0.006944444,0.472,0.396377778,High,23,181.0
47:16:00,133,47.1,86,1800,1.847222222,50,0.058,0.018472222,0.942,0.362988889,High,23,50.0
47:17:00,99,22.0,43,1800,1.375,50,0.56,0.01375,0.44,0.2895,Moderate,23,133.0
47:18:00,78,36.0,79,1800,1.083333333,50,0.28,0.010833333,0.72,0.376333333,High,23,99.0
47:19:00,60,24.3,84,1800,0.833333333,50,0.514,0.008333333,0.486,0.442133333,Very High,23,78.0
47:20:00,198,20.4,61,1800,2.75,50,0.592,0.0275,0.408,0.3734,High,23,60.0
47:21:00,126,32.7,54,1800,1.75,50,0.346,0.0175,0.654,0.2922,Moderate,23,198.0
47:22:00,94,28.9,86,1800,1.305555556,50,0.422,0.013055556,0.578,0.433622222,Very High,23,126.0
47:23:00,121,34.6,42,1800,1.680555556,50,0.308,0.016805556,0.692,0.236322222,Moderate,23,94.0
47:24:00,180,37.3,32,1800,2.5,50,0.254,0.025,0.746,0.1888,Low,23,121.0
47:25:00,194,21.3,79,1800,2.694444444,50,0.574,0.026944444,0.426,0.441577778,Very High,23,180.0
47:26:00,196,23.7,75,1800,2.722222222,50,0.526,0.027222222,0.474,0.416088889,Very High,23,194.0
47:27:00,158,36.8,88,1800,2.194444444,50,0.264,0.021944444,0.736,0.413577778,Very High,23,196.0
47:28:00,66,30.3,50,1800,0.916666667,50,0.394,0.009166667,0.606,0.282466667,Moderate,23,158.0
47:29:00,50,41.9,67,1800,0.694444444,50,0.162,0.006944444,0.838,0.303177778,High,23,66.0
47:30:00,190,39.6,86,1800,2.638888889,50,0.208,0.026388889,0.792,0.396155556,High,23,50.0
47:31:00,124,45.4,54,1800,1.722222222,50,0.092,0.017222222,0.908,0.241288889,Moderate,23,190.0
47:32:00,160,40.8,38,1800,2.222222222,50,0.184,0.022222222,0.816,0.197688889,Low,23,124.0
47:33:00,117,32.9,36,1800,1.625,50,0.342,0.01625,0.658,0.2189,Moderate,23,160.0
47:34:00,110,40.2,85,1800,1.527777778,50,0.196,0.015277778,0.804,0.385311111,High,23,117.0
47:35:00,148,28.3,42,1800,2.055555556,50,0.434,0.020555556,0.566,0.263022222,Moderate,23,110.0
47:36:00,155,29.2,75,1800,2.152777778,50,0.416,0.021527778,0.584,0.391811111,High,23,148.0
47:37:00,182,43.7,79,1800,2.527777778,50,0.126,0.025277778,0.874,0.351311111,High,23,155.0
47:38:00,59,33.4,88,1800,0.819444444,50,0.332,0.008194444,0.668,0.421677778,Very High,23,182.0
47:39:00,111,44.0,37,1800,1.541666667,50,0.12,0.015416667,0.88,0.178166667,Low,23,59.0
47:40:00,174,44.7,88,1800,2.416666667,50,0.106,0.024166667,0.894,0.382866667,High,23,111.0
47:41:00,75,45.7,85,1800,1.041666667,50,0.086,0.010416667,0.914,0.361366667,High,23,174.0
47:42:00,198,47.5,46,1800,2.75,50,0.05,0.0275,0.95,0.205,Moderate,23,75.0
47:43:00,110,32.9,80,1800,1.527777778,50,0.342,0.015277778,0.658,0.394511111,High,23,198.0
47:44:00,64,29.6,38,1800,0.888888889,50,0.408,0.008888889,0.592,0.237155556,Moderate,23,110.0
47:45:00,153,37.5,40,1800,2.125,50,0.25,0.02125,0.75,0.2185,Moderate,23,64.0
47:46:00,120,31.1,42,1800,1.666666667,50,0.378,0.016666667,0.622,0.250266667,Moderate,23,153.0
47:47:00,96,38.0,78,1800,1.333333333,50,0.24,0.013333333,0.76,0.365333333,High,23,120.0
47:48:00,105,41.2,84,1800,1.458333333,50,0.176,0.014583333,0.824,0.377033333,High,23,96.0
47:49:00,56,40.7,67,1800,0.777777778,50,0.186,0.007777778,0.814,0.308311111,High,23,105.0
47:50:00,167,31.2,50,1800,2.319444444,50,0.376,0.023194444,0.624,0.284477778,Moderate,23,56.0
47:51:00,105,25.0,76,1800,1.458333333,50,0.5,0.014583333,0.5,0.409833333,Very High,23,167.0
47:52:00,166,32.9,56,1800,2.305555556,50,0.342,0.023055556,0.658,0.301622222,High,23,105.0
47:53:00,124,24.3,87,1800,1.722222222,50,0.514,0.017222222,0.486,0.457688889,Very High,23,166.0
47:54:00,134,46.7,52,1800,1.861111111,50,0.066,0.018611111,0.934,0.228644444,Moderate,23,124.0
47:55:00,194,30.4,39,1800,2.694444444,50,0.392,0.026944444,0.608,0.245177778,Moderate,23,134.0
47:56:00,187,24.6,40,1800,2.597222222,50,0.508,0.025972222,0.492,0.271988889,Moderate,23,194.0
47:57:00,184,20.8,57,1800,2.555555556,50,0.584,0.025555556,0.416,0.355022222,High,23,187.0
47:58:00,143,39.4,54,1800,1.986111111,50,0.212,0.019861111,0.788,0.266344444,Moderate,23,184.0
47:59:00,82,39.1,69,1800,1.138888889,50,0.218,0.011388889,0.782,0.324155556,High,23,143.0
48:00:00,188,30.2,90,1800,2.611111111,50,0.396,0.026111111,0.604,0.449644444,Very High,0,82.0
48:01:00,128,22.2,71,1800,1.777777778,50,0.556,0.017777778,0.444,0.402311111,Very High,0,188.0
48:02:00,155,32.3,54,1800,2.152777778,50,0.354,0.021527778,0.646,0.295411111,Moderate,0,128.0
48:03:00,188,29.3,64,1800,2.611111111,50,0.414,0.026111111,0.586,0.349244444,High,0,155.0
48:04:00,118,40.3,74,1800,1.638888889,50,0.194,0.016388889,0.806,0.341355556,High,0,188.0
48:05:00,87,38.2,55,1800,1.208333333,50,0.236,0.012083333,0.764,0.272033333,Moderate,0,118.0
48:06:00,97,30.9,40,1800,1.347222222,50,0.382,0.013472222,0.618,0.241788889,Moderate,0,87.0
48:07:00,188,26.5,49,1800,2.611111111,50,0.47,0.026111111,0.53,0.300444444,High,0,97.0
48:08:00,95,49.6,63,1800,1.319444444,50,0.008,0.013194444,0.992,0.258877778,Moderate,0,188.0
48:09:00,51,33.6,81,1800,0.708333333,50,0.328,0.007083333,0.672,0.392433333,High,0,95.0
48:10:00,168,40.6,54,1800,2.333333333,50,0.188,0.023333333,0.812,0.262933333,Moderate,0,51.0
48:11:00,112,24.2,81,1800,1.555555556,50,0.516,0.015555556,0.484,0.433422222,Very High,0,168.0
48:12:00,84,34.6,86,1800,1.166666667,50,0.308,0.011666667,0.692,0.410266667,Very High,0,112.0
48:13:00,170,20.8,66,1800,2.361111111,50,0.584,0.023611111,0.416,0.390244444,High,0,84.0
48:14:00,155,35.2,48,1800,2.152777778,50,0.296,0.021527778,0.704,0.259811111,Moderate,0,170.0
48:15:00,93,48.9,34,1800,1.291666667,50,0.022,0.012916667,0.978,0.145566667,Low,0,155.0
48:16:00,113,31.5,34,1800,1.569444444,50,0.37,0.015694444,0.63,0.216277778,Moderate,0,93.0
48:17:00,159,21.2,57,1800,2.208333333,50,0.576,0.022083333,0.424,0.352033333,High,0,113.0
48:18:00,101,20.9,70,1800,1.402777778,50,0.582,0.014027778,0.418,0.402011111,Very High,0,159.0
48:19:00,171,31.6,33,1800,2.375,50,0.368,0.02375,0.632,0.2151,Moderate,0,101.0
48:20:00,66,24.8,82,1800,0.916666667,50,0.504,0.009166667,0.496,0.432466667,Very High,0,171.0
48:21:00,83,20.7,42,1800,1.152777778,50,0.586,0.011527778,0.414,0.289811111,Moderate,0,66.0
48:22:00,170,42.7,81,1800,2.361111111,50,0.146,0.023611111,0.854,0.362644444,High,0,83.0
48:23:00,198,33.8,61,1800,2.75,50,0.324,0.0275,0.676,0.3198,High,0,170.0
48:24:00,78,28.7,65,1800,1.083333333,50,0.426,0.010833333,0.574,0.349533333,High,0,198.0
48:25:00,77,47.0,49,1800,1.069444444,50,0.06,0.010694444,0.94,0.212277778,Moderate,0,78.0
48:26:00,83,23.5,78,1800,1.152777778,50,0.53,0.011527778,0.47,0.422611111,Very High,0,77.0
48:27:00,60,48.7,58,1800,0.833333333,50,0.026,0.008333333,0.974,0.240533333,Moderate,0,83.0
48:28:00,69,29.4,87,1800,0.958333333,50,0.412,0.009583333,0.588,0.434233333,Very High,0,60.0
48:29:00,137,46.7,67,1800,1.902777778,50,0.066,0.019027778,0.934,0.288811111,Moderate,0,69.0
48:30:00,186,38.1,32,1800,2.583333333,50,0.238,0.025833333,0.762,0.185933333,Low,0,137.0
48:31:00,176,44.8,48,1800,2.444444444,50,0.104,0.024444444,0.896,0.222577778,Moderate,0,186.0
48:32:00,108,49.5,71,1800,1.5,50,0.01,0.015,0.99,0.292,Moderate,0,176.0
48:33:00,136,28.7,33,1800,1.888888889,50,0.426,0.018888889,0.574,0.224755556,Moderate,0,108.0
48:34:00,83,48.8,52,1800,1.152777778,50,0.024,0.011527778,0.976,0.217411111,Moderate,0,136.0
48:35:00,110,31.7,84,1800,1.527777778,50,0.366,0.015277778,0.634,0.415311111,Very High,0,83.0
48:36:00,183,31.6,78,1800,2.541666667,50,0.368,0.025416667,0.632,0.395766667,High,0,110.0
48:37:00,61,30.2,69,1800,0.847222222,50,0.396,0.008472222,0.604,0.358588889,High,0,183.0
48:38:00,106,36.2,55,1800,1.472222222,50,0.276,0.014722222,0.724,0.281088889,Moderate,0,61.0
48:39:00,81,24.6,34,1800,1.125,50,0.508,0.01125,0.492,0.2421,Moderate,0,106.0
48:40:00,150,36.6,51,1800,2.083333333,50,0.268,0.020833333,0.732,0.265933333,Moderate,0,81.0
48:41:00,155,36.3,70,1800,2.152777778,50,0.274,0.021527778,0.726,0.343411111,High,0,150.0
48:42:00,133,42.9,79,1800,1.847222222,50,0.142,0.018472222,0.858,0.351788889,High,0,155.0
48:43:00,144,45.0,83,1800,2.0,50,0.1,0.02,0.9,0.36,High,0,133.0
48:44:00,174,33.2,37,1800,2.416666667,50,0.336,0.024166667,0.664,0.224866667,Moderate,0,144.0
48:45:00,112,29.1,55,1800,1.555555556,50,0.418,0.015555556,0.582,0.309822222,High,0,174.0
48:46:00,99,27.8,54,1800,1.375,50,0.444,0.01375,0.556,0.3103,High,0,112.0
48:47:00,110,25.8,56,1800,1.527777778,50,0.484,0.015277778,0.516,0.326911111,High,0,99.0
48:48:00,93,21.7,80,1800,1.291666667,50,0.566,0.012916667,0.434,0.438366667,Very High,0,110.0
48:49:00,168,30.3,55,1800,2.333333333,50,0.394,0.023333333,0.606,0.308133333,High,0,93.0
48:50:00,146,28.1,37,1800,2.027777778,50,0.438,0.020277778,0.562,0.243711111,Moderate,0,168.0
48:51:00,89,49.0,40,1800,1.236111111,50,0.02,0.012361111,0.98,0.168944444,Low,0,146.0
48:52:00,184,36.7,69,1800,2.555555556,50,0.266,0.025555556,0.734,0.339422222,High,0,89.0
48:53:00,143,30.4,37,1800,1.986111111,50,0.392,0.019861111,0.608,0.234344444,Moderate,0,184.0
48:54:00,99,37.4,34,1800,1.375,50,0.252,0.01375,0.748,0.1919,Low,0,143.0
48:55:00,52,24.2,62,1800,0.722222222,50,0.516,0.007222222,0.484,0.354088889,High,0,99.0
48:56:00,62,33.3,87,1800,0.861111111,50,0.334,0.008611111,0.666,0.418244444,Very High,0,52.0
48:57:00,189,38.8,66,1800,2.625,50,0.224,0.02625,0.776,0.3193,High,0,62.0
48:58:00,144,34.7,51,1800,2.0,50,0.306,0.02,0.694,0.2732,Moderate,0,189.0
48:59:00,64,32.1,50,1800,0.888888889,50,0.358,0.008888889,0.642,0.275155556,Moderate,0,144.0
49:00:00,130,49.8,48,1800,1.805555556,50,0.004,0.018055556,0.996,0.200022222,Moderate,1,64.0
49:01:00,150,46.4,42,1800,2.083333333,50,0.072,0.020833333,0.928,0.190733333,Low,1,130.0
49:02:00,196,38.7,57,1800,2.722222222,50,0.226,0.027222222,0.774,0.284088889,Moderate,1,150.0
49:03:00,82,37.1,45,1800,1.138888889,50,0.258,0.011388889,0.742,0.236155556,Moderate,1,196.0
49:04:00,97,38.6,46,1800,1.347222222,50,0.228,0.013472222,0.772,0.234988889,Moderate,1,82.0
49:05:00,105,26.0,40,1800,1.458333333,50,0.48,0.014583333,0.52,0.261833333,Moderate,1,97.0
49:06:00,58,31.9,48,1800,0.805555556,50,0.362,0.008055556,0.638,0.267622222,Moderate,1,105.0
49:07:00,196,21.2,37,1800,2.722222222,50,0.576,0.027222222,0.424,0.274088889,Moderate,1,58.0
49:08:00,186,34.3,36,1800,2.583333333,50,0.314,0.025833333,0.686,0.217133333,Moderate,1,196.0
49:09:00,175,36.3,34,1800,2.430555556,50,0.274,0.024305556,0.726,0.200522222,Moderate,1,186.0
49:10:00,85,26.8,31,1800,1.180555556,50,0.464,0.011805556,0.536,0.221522222,Moderate,1,175.0
49:11:00,155,48.9,34,1800,2.152777778,50,0.022,0.021527778,0.978,0.149011111,Low,1,85.0
49:12:00,186,47.3,66,1800,2.583333333,50,0.054,0.025833333,0.946,0.285133333,Moderate,1,155.0
49:13:00,171,41.7,60,1800,2.375,50,0.166,0.02375,0.834,0.2827,Moderate,1,186.0
49:14:00,71,36.0,71,1800,0.986111111,50,0.28,0.009861111,0.72,0.343944444,High,1,171.0
49:15:00,56,46.1,72,1800,0.777777778,50,0.078,0.007777778,0.922,0.306711111,High,1,71.0
49:16:00,58,23.9,82,1800,0.805555556,50,0.522,0.008055556,0.478,0.435622222,Very High,1,56.0
49:17:00,161,43.7,43,1800,2.236111111,50,0.126,0.022361111,0.874,0.206144444,Moderate,1,58.0
49:18:00,168,23.7,65,1800,2.333333333,50,0.526,0.023333333,0.474,0.374533333,High,1,161.0
49:19:00,54,43.8,31,1800,0.75,50,0.124,0.0075,0.876,0.1518,Low,1,168.0
49:20:00,114,28.3,75,1800,1.583333333,50,0.434,0.015833333,0.566,0.393133333,High,1,54.0
49:21:00,102,46.3,61,1800,1.416666667,50,0.074,0.014166667,0.926,0.264466667,Moderate,1,114.0
49:22:00,94,48.3,52,1800,1.305555556,50,0.034,0.013055556,0.966,0.220022222,Moderate,1,102.0
49:23:00,76,24.5,66,1800,1.055555556,50,0.51,0.010555556,0.49,0.370222222,High,1,94.0
49:24:00,125,33.9,61,1800,1.736111111,50,0.322,0.017361111,0.678,0.315344444,High,1,76.0
49:25:00,114,49.4,39,1800,1.583333333,50,0.012,0.015833333,0.988,0.164733333,Low,1,125.0
49:26:00,155,34.5,57,1800,2.152777778,50,0.31,0.021527778,0.69,0.298611111,Moderate,1,114.0
49:27:00,91,45.9,72,1800,1.263888889,50,0.082,0.012638889,0.918,0.309455556,High,1,155.0
49:28:00,56,37.7,84,1800,0.777777778,50,0.246,0.007777778,0.754,0.388311111,High,1,91.0
49:29:00,73,31.3,84,1800,1.013888889,50,0.374,0.010138889,0.626,0.414855556,Very High,1,56.0
49:30:00,177,28.6,38,1800,2.458333333,50,0.428,0.024583333,0.572,0.247433333,Moderate,1,73.0
49:31:00,170,26.1,31,1800,2.361111111,50,0.478,0.023611111,0.522,0.229044444,Moderate,1,177.0
49:32:00,136,42.9,77,1800,1.888888889,50,0.142,0.018888889,0.858,0.343955556,High,1,170.0
49:33:00,86,31.6,40,1800,1.194444444,50,0.368,0.011944444,0.632,0.238377778,Moderate,1,136.0
49:34:00,64,35.3,65,1800,0.888888889,50,0.294,0.008888889,0.706,0.322355556,High,1,86.0
49:35:00,67,34.8,88,1800,0.930555556,50,0.304,0.009305556,0.696,0.416522222,Very High,1,64.0
49:36:00,199,37.3,65,1800,2.763888889,50,0.254,0.027638889,0.746,0.321855556,High,1,67.0
49:37:00,116,46.0,83,1800,1.611111111,50,0.08,0.016111111,0.92,0.354444444,High,1,199.0
49:38:00,114,49.4,57,1800,1.583333333,50,0.012,0.015833333,0.988,0.236733333,Moderate,1,116.0
49:39:00,156,32.2,73,1800,2.166666667,50,0.356,0.021666667,0.644,0.371866667,High,1,114.0
49:40:00,68,44.8,78,1800,0.944444444,50,0.104,0.009444444,0.896,0.336577778,High,1,156.0
49:41:00,58,42.9,40,1800,0.805555556,50,0.142,0.008055556,0.858,0.191622222,Low,1,68.0
49:42:00,67,37.2,81,1800,0.930555556,50,0.256,0.009305556,0.744,0.378922222,High,1,58.0
49:43:00,199,48.7,56,1800,2.763888889,50,0.026,0.027638889,0.974,0.240255556,Moderate,1,67.0
49:44:00,61,26.0,30,1800,0.847222222,50,0.48,0.008472222,0.52,0.219388889,Moderate,1,199.0
49:45:00,169,23.3,67,1800,2.347222222,50,0.534,0.023472222,0.466,0.384188889,High,1,61.0
49:46:00,170,45.6,65,1800,2.361111111,50,0.088,0.023611111,0.912,0.287044444,Moderate,1,169.0
49:47:00,189,33.2,74,1800,2.625,50,0.336,0.02625,0.664,0.3737,High,1,170.0
49:48:00,62,45.4,63,1800,0.861111111,50,0.092,0.008611111,0.908,0.273844444,Moderate,1,189.0
49:49:00,197,46.8,57,1800,2.736111111,50,0.064,0.027361111,0.936,0.251744444,Moderate,1,62.0
49:50:00,170,21.9,73,1800,2.361111111,50,0.562,0.023611111,0.438,0.413844444,Very High,1,197.0
49:51:00,174,46.5,43,1800,2.416666667,50,0.07,0.024166667,0.93,0.195666667,Low,1,170.0
49:52:00,62,33.4,86,1800,0.861111111,50,0.332,0.008611111,0.668,0.413844444,Very High,1,174.0
49:53:00,101,35.3,77,1800,1.402777778,50,0.294,0.014027778,0.706,0.372411111,High,1,62.0
49:54:00,99,38.8,84,1800,1.375,50,0.224,0.01375,0.776,0.3863,High,1,101.0
49:55:00,85,47.8,71,1800,1.180555556,50,0.044,0.011805556,0.956,0.297522222,Moderate,1,99.0
49:56:00,175,20.6,68,1800,2.430555556,50,0.588,0.024305556,0.412,0.399322222,High,1,85.0
49:57:00,148,34.3,85,1800,2.055555556,50,0.314,0.020555556,0.686,0.411022222,Very High,1,175.0
49:58:00,87,40.6,69,1800,1.208333333,50,0.188,0.012083333,0.812,0.318433333,High,1,148.0
49:59:00,105,41.7,45,1800,1.458333333,50,0.166,0.014583333,0.834,0.219033333,Moderate,1,87.0
50:00:00,126,40.8,53,1800,1.75,50,0.184,0.0175,0.816,0.2558,Moderate,2,105.0
50:01:00,76,24.0,34,1800,1.055555556,50,0.52,0.010555556,0.48,0.244222222,Moderate,2,126.0
50:02:00,93,29.0,45,1800,1.291666667,50,0.42,0.012916667,0.58,0.269166667,Moderate,2,76.0
50:03:00,80,30.8,86,1800,1.111111111,50,0.384,0.011111111,0.616,0.425244444,Very High,2,93.0
50:04:00,84,44.1,63,1800,1.166666667,50,0.118,0.011666667,0.882,0.280266667,Moderate,2,80.0
50:05:00,167,28.4,32,1800,2.319444444,50,0.432,0.023194444,0.568,0.223677778,Moderate,2,84.0
50:06:00,102,26.3,41,1800,1.416666667,50,0.474,0.014166667,0.526,0.264466667,Moderate,2,167.0
50:07:00,58,48.7,42,1800,0.805555556,50,0.026,0.008055556,0.974,0.176422222,Low,2,102.0
50:08:00,50,20.3,46,1800,0.694444444,50,0.594,0.006944444,0.406,0.305577778,High,2,58.0
50:09:00,154,49.9,84,1800,2.138888889,50,0.002,0.021388889,0.998,0.344955556,High,2,50.0
50:10:00,158,40.3,49,1800,2.194444444,50,0.194,0.021944444,0.806,0.243577778,Moderate,2,154.0
50:11:00,98,44.9,36,1800,1.361111111,50,0.102,0.013611111,0.898,0.169844444,Low,2,158.0
50:12:00,186,28.8,47,1800,2.583333333,50,0.424,0.025833333,0.576,0.283133333,Moderate,2,98.0
50:13:00,141,20.4,49,1800,1.958333333,50,0.592,0.019583333,0.408,0.322233333,High,2,186.0
50:14:00,192,42.1,35,1800,2.666666667,50,0.158,0.026666667,0.842,0.182266667,Low,2,141.0
50:15:00,85,45.0,33,1800,1.180555556,50,0.1,0.011805556,0.9,0.156722222,Low,2,192.0
50:16:00,140,42.2,55,1800,1.944444444,50,0.156,0.019444444,0.844,0.258977778,Moderate,2,85.0
50:17:00,134,24.3,69,1800,1.861111111,50,0.514,0.018611111,0.486,0.386244444,High,2,140.0
50:18:00,149,42.6,39,1800,2.069444444,50,0.148,0.020694444,0.852,0.193877778,Low,2,134.0
50:19:00,180,43.1,80,1800,2.5,50,0.138,0.025,0.862,0.3576,High,2,149.0
50:20:00,89,39.8,30,1800,1.236111111,50,0.204,0.012361111,0.796,0.165744444,Low,2,180.0
50:21:00,176,43.0,66,1800,2.444444444,50,0.14,0.024444444,0.86,0.301777778,High,2,89.0
50:22:00,125,45.4,52,1800,1.736111111,50,0.092,0.017361111,0.908,0.233344444,Moderate,2,176.0
50:23:00,143,38.4,62,1800,1.986111111,50,0.232,0.019861111,0.768,0.302344444,High,2,125.0
50:24:00,90,22.7,56,1800,1.25,50,0.546,0.0125,0.454,0.3382,High,2,143.0
50:25:00,73,34.6,35,1800,1.013888889,50,0.308,0.010138889,0.692,0.205655556,Moderate,2,90.0
50:26:00,188,22.3,54,1800,2.611111111,50,0.554,0.026111111,0.446,0.337244444,High,2,73.0
50:27:00,132,32.2,64,1800,1.833333333,50,0.356,0.018333333,0.644,0.334533333,High,2,188.0
50:28:00,71,32.2,60,1800,0.986111111,50,0.356,0.009861111,0.644,0.315144444,High,2,132.0
50:29:00,129,22.0,39,1800,1.791666667,50,0.56,0.017916667,0.44,0.275166667,Moderate,2,71.0
50:30:00,104,30.5,72,1800,1.444444444,50,0.39,0.014444444,0.61,0.371777778,High,2,129.0
50:31:00,174,23.3,49,1800,2.416666667,50,0.534,0.024166667,0.466,0.312466667,High,2,104.0
50:32:00,140,44.2,86,1800,1.944444444,50,0.116,0.019444444,0.884,0.374977778,High,2,174.0
50:33:00,137,48.4,58,1800,1.902777778,50,0.032,0.019027778,0.968,0.246011111,Moderate,2,140.0
50:34:00,86,22.2,75,1800,1.194444444,50,0.556,0.011944444,0.444,0.415977778,Very High,2,137.0
50:35:00,69,48.7,67,1800,0.958333333,50,0.026,0.009583333,0.974,0.277033333,Moderate,2,86.0
50:36:00,62,35.7,40,1800,0.861111111,50,0.286,0.008611111,0.714,0.220644444,Moderate,2,69.0
50:37:00,58,29.0,70,1800,0.805555556,50,0.42,0.008055556,0.58,0.367222222,High,2,62.0
50:38:00,60,22.3,85,1800,0.833333333,50,0.554,0.008333333,0.446,0.454133333,Very High,2,58.0
50:39:00,188,35.0,65,1800,2.611111111,50,0.3,0.026111111,0.7,0.330444444,High,2,60.0
50:40:00,53,43.8,34,1800,0.736111111,50,0.124,0.007361111,0.876,0.163744444,Low,2,188.0
50:41:00,127,41.2,31,1800,1.763888889,50,0.176,0.017638889,0.824,0.166255556,Low,2,53.0
50:42:00,74,21.5,42,1800,1.027777778,50,0.57,0.010277778,0.43,0.286111111,Moderate,2,127.0
50:43:00,195,22.2,42,1800,2.708333333,50,0.556,0.027083333,0.444,0.290033333,Moderate,2,74.0
50:44:00,101,32.1,33,1800,1.402777778,50,0.358,0.014027778,0.642,0.209211111,Moderate,2,195.0
50:45:00,51,28.9,60,1800,0.708333333,50,0.422,0.007083333,0.578,0.327233333,High,2,101.0
50:46:00,134,27.0,43,1800,1.861111111,50,0.46,0.018611111,0.54,0.271444444,Moderate,2,51.0
50:47:00,135,28.4,53,1800,1.875,50,0.432,0.01875,0.568,0.3059,High,2,134.0
50:48:00,200,44.1,80,1800,2.777777778,50,0.118,0.027777778,0.882,0.354711111,High,2,135.0
50:49:00,63,47.9,34,1800,0.875,50,0.042,0.00875,0.958,0.1479,Low,2,200.0
50:50:00,130,32.2,70,1800,1.805555556,50,0.356,0.018055556,0.644,0.358422222,High,2,63.0
50:51:00,188,47.2,46,1800,2.611111111,50,0.056,0.026111111,0.944,0.205644444,Moderate,2,130.0
50:52:00,141,29.6,88,1800,1.958333333,50,0.408,0.019583333,0.592,0.441433333,Very High,2,188.0
50:53:00,65,34.3,31,1800,0.902777778,50,0.314,0.009027778,0.686,0.190411111,Low,2,141.0
50:54:00,72,26.8,38,1800,1.0,50,0.464,0.01,0.536,0.2488,Moderate,2,65.0
50:55:00,58,39.2,50,1800,0.805555556,50,0.216,0.008055556,0.784,0.246422222,Moderate,2,72.0
50:56:00,69,49.4,80,1800,0.958333333,50,0.012,0.009583333,0.988,0.326233333,High,2,58.0
50:57:00,155,38.1,33,1800,2.152777778,50,0.238,0.021527778,0.762,0.188211111,Low,2,69.0
50:58:00,163,30.7,54,1800,2.263888889,50,0.386,0.022638889,0.614,0.302255556,High,2,155.0
50:59:00,58,39.4,55,1800,0.805555556,50,0.212,0.008055556,0.788,0.265622222,Moderate,2,163.0
51:00:00,109,23.7,85,1800,1.513888889,50,0.526,0.015138889,0.474,0.451255556,Very High,3,58.0
51:01:00,98,46.7,78,1800,1.361111111,50,0.066,0.013611111,0.934,0.330644444,High,3,109.0
51:02:00,108,35.1,75,1800,1.5,50,0.298,0.015,0.702,0.3656,High,3,98.0
51:03:00,103,33.5,86,1800,1.430555556,50,0.33,0.014305556,0.67,0.415722222,Very High,3,108.0
51:04:00,179,37.6,78,1800,2.486111111,50,0.248,0.024861111,0.752,0.371544444,High,3,103.0
51:05:00,105,38.7,31,1800,1.458333333,50,0.226,0.014583333,0.774,0.175033333,Low,3,179.0
51:06:00,160,22.2,61,1800,2.222222222,50,0.556,0.022222222,0.444,0.364088889,High,3,105.0
51:07:00,148,40.5,90,1800,2.055555556,50,0.19,0.020555556,0.81,0.406222222,Very High,3,160.0
51:08:00,176,27.3,42,1800,2.444444444,50,0.454,0.024444444,0.546,0.268577778,Moderate,3,148.0
51:09:00,113,41.4,51,1800,1.569444444,50,0.172,0.015694444,0.828,0.244677778,Moderate,3,176.0
51:10:00,60,44.7,75,1800,0.833333333,50,0.106,0.008333333,0.894,0.324533333,High,3,113.0
51:11:00,137,44.1,89,1800,1.902777778,50,0.118,0.019027778,0.882,0.387211111,High,3,60.0
51:12:00,81,36.6,84,1800,1.125,50,0.268,0.01125,0.732,0.3941,High,3,137.0
51:13:00,148,35.6,34,1800,2.055555556,50,0.288,0.020555556,0.712,0.201822222,Moderate,3,81.0
51:14:00,119,24.3,55,1800,1.652777778,50,0.514,0.016527778,0.486,0.329411111,High,3,148.0
51:15:00,187,43.3,83,1800,2.597222222,50,0.134,0.025972222,0.866,0.369188889,High,3,119.0
51:16:00,67,28.1,50,1800,0.930555556,50,0.438,0.009305556,0.562,0.291322222,Moderate,3,187.0
51:17:00,76,34.9,38,1800,1.055555556,50,0.302,0.010555556,0.698,0.216622222,Moderate,3,67.0
51:18:00,79,28.5,43,1800,1.097222222,50,0.43,0.010972222,0.57,0.262388889,Moderate,3,76.0
51:19:00,150,24.0,76,1800,2.083333333,50,0.52,0.020833333,0.48,0.416333333,Very High,3,79.0
51:20:00,76,38.9,63,1800,1.055555556,50,0.222,0.010555556,0.778,0.300622222,High,3,150.0
51:21:00,121,21.6,53,1800,1.680555556,50,0.568,0.016805556,0.432,0.332322222,High,3,76.0
51:22:00,170,42.5,34,1800,2.361111111,50,0.15,0.023611111,0.85,0.175444444,Low,3,121.0
51:23:00,118,29.5,39,1800,1.638888889,50,0.41,0.016388889,0.59,0.244555556,Moderate,3,170.0
51:24:00,98,20.0,84,1800,1.361111111,50,0.6,0.013611111,0.4,0.461444444,Very High,3,118.0
51:25:00,126,35.3,50,1800,1.75,50,0.294,0.0175,0.706,0.2658,Moderate,3,98.0
51:26:00,53,21.4,64,1800,0.736111111,50,0.572,0.007361111,0.428,0.373344444,High,3,126.0
51:27:00,159,28.3,75,1800,2.208333333,50,0.434,0.022083333,0.566,0.395633333,High,3,53.0
51:28:00,164,41.2,47,1800,2.277777778,50,0.176,0.022777778,0.824,0.232311111,Moderate,3,159.0
51:29:00,177,21.9,39,1800,2.458333333,50,0.562,0.024583333,0.438,0.278233333,Moderate,3,164.0
51:30:00,185,45.2,77,1800,2.569444444,50,0.096,0.025694444,0.904,0.337477778,High,3,177.0
51:31:00,143,20.1,88,1800,1.986111111,50,0.598,0.019861111,0.402,0.479544444,Very High,3,185.0
51:32:00,52,27.4,72,1800,0.722222222,50,0.452,0.007222222,0.548,0.381288889,High,3,143.0
51:33:00,184,42.2,38,1800,2.555555556,50,0.156,0.025555556,0.844,0.193422222,Low,3,52.0
51:34:00,71,29.5,60,1800,0.986111111,50,0.41,0.009861111,0.59,0.325944444,High,3,184.0
51:35:00,138,23.1,70,1800,1.916666667,50,0.538,0.019166667,0.462,0.395266667,High,3,71.0
51:36:00,72,30.8,48,1800,1.0,50,0.384,0.01,0.616,0.2728,Moderate,3,138.0
51:37:00,109,28.1,85,1800,1.513888889,50,0.438,0.015138889,0.562,0.433655556,Very High,3,72.0
51:38:00,87,45.3,70,1800,1.208333333,50,0.094,0.012083333,0.906,0.303633333,High,3,109.0
51:39:00,160,29.4,84,1800,2.222222222,50,0.412,0.022222222,0.588,0.427288889,Very High,3,87.0
51:40:00,77,43.7,34,1800,1.069444444,50,0.126,0.010694444,0.874,0.165477778,Low,3,160.0
51:41:00,175,46.8,51,1800,2.430555556,50,0.064,0.024305556,0.936,0.226522222,Moderate,3,77.0
51:42:00,109,33.0,72,1800,1.513888889,50,0.34,0.015138889,0.66,0.362055556,High,3,175.0
51:43:00,56,47.3,73,1800,0.777777778,50,0.054,0.007777778,0.946,0.305911111,High,3,109.0
51:44:00,142,31.3,56,1800,1.972222222,50,0.374,0.019722222,0.626,0.306688889,High,3,56.0
51:45:00,69,48.9,33,1800,0.958333333,50,0.022,0.009583333,0.978,0.140233333,Low,3,142.0
51:46:00,92,22.7,83,1800,1.277777778,50,0.546,0.012777778,0.454,0.446311111,Very High,3,69.0
51:47:00,74,40.6,60,1800,1.027777778,50,0.188,0.010277778,0.812,0.281711111,Moderate,3,92.0
51:48:00,163,34.8,56,1800,2.263888889,50,0.304,0.022638889,0.696,0.293855556,Moderate,3,74.0
51:49:00,144,31.6,63,1800,2.0,50,0.368,0.02,0.632,0.3336,High,3,163.0
51:50:00,56,39.0,59,1800,0.777777778,50,0.22,0.007777778,0.78,0.283111111,Moderate,3,144.0
51:51:00,119,41.1,31,1800,1.652777778,50,0.178,0.016527778,0.822,0.166211111,Low,3,56.0
51:52:00,180,20.1,58,1800,2.5,50,0.598,0.025,0.402,0.3616,High,3,119.0
51:53:00,102,25.0,34,1800,1.416666667,50,0.5,0.014166667,0.5,0.241666667,Moderate,3,180.0
51:54:00,181,41.4,40,1800,2.513888889,50,0.172,0.025138889,0.828,0.204455556,Moderate,3,102.0
51:55:00,107,40.0,38,1800,1.486111111,50,0.2,0.014861111,0.8,0.197944444,Low,3,181.0
51:56:00,139,49.0,76,1800,1.930555556,50,0.02,0.019305556,0.98,0.315722222,High,3,107.0
51:57:00,89,42.8,45,1800,1.236111111,50,0.144,0.012361111,0.856,0.213744444,Moderate,3,139.0
51:58:00,117,48.5,76,1800,1.625,50,0.03,0.01625,0.97,0.3165,High,3,89.0
51:59:00,134,41.1,59,1800,1.861111111,50,0.178,0.018611111,0.822,0.279044444,Moderate,3,117.0
52:00:00,63,28.9,62,1800,0.875,50,0.422,0.00875,0.578,0.3359,High,4,134.0
52:01:00,57,23.2,56,1800,0.791666667,50,0.536,0.007916667,0.464,0.334366667,High,4,63.0
52:02:00,120,43.5,44,1800,1.666666667,50,0.13,0.016666667,0.87,0.208666667,Moderate,4,57.0
52:03:00,117,39.3,71,1800,1.625,50,0.214,0.01625,0.786,0.3333,High,4,120.0
52:04:00,54,21.4,85,1800,0.75,50,0.572,0.0075,0.428,0.4574,Very High,4,117.0
52:05:00,101,30.8,53,1800,1.402777778,50,0.384,0.014027778,0.616,0.294411111,Moderate,4,54.0
52:06:00,151,48.7,66,1800,2.097222222,50,0.026,0.020972222,0.974,0.277588889,Moderate,4,101.0
52:07:00,115,35.0,65,1800,1.597222222,50,0.3,0.015972222,0.7,0.326388889,High,4,151.0
52:08:00,96,33.0,73,1800,1.333333333,50,0.34,0.013333333,0.66,0.365333333,High,4,115.0
52:09:00,147,33.7,62,1800,2.041666667,50,0.326,0.020416667,0.674,0.321366667,High,4,96.0
52:10:00,98,26.3,40,1800,1.361111111,50,0.474,0.013611111,0.526,0.260244444,Moderate,4,147.0
52:11:00,105,31.1,64,1800,1.458333333,50,0.378,0.014583333,0.622,0.337433333,High,4,98.0
52:12:00,82,31.1,45,1800,1.138888889,50,0.378,0.011388889,0.622,0.260155556,Moderate,4,105.0
52:13:00,134,21.6,81,1800,1.861111111,50,0.568,0.018611111,0.432,0.445044444,Very High,4,82.0
52:14:00,108,43.0,31,1800,1.5,50,0.14,0.015,0.86,0.158,Low,4,134.0
52:15:00,152,32.5,82,1800,2.111111111,50,0.35,0.021111111,0.65,0.406444444,Very High,4,108.0
52:16:00,192,44.7,84,1800,2.666666667,50,0.106,0.026666667,0.894,0.367866667,High,4,152.0
52:17:00,62,45.5,58,1800,0.861111111,50,0.09,0.008611111,0.91,0.253444444,Moderate,4,192.0
52:18:00,175,26.4,66,1800,2.430555556,50,0.472,0.024305556,0.528,0.368122222,High,4,62.0
52:19:00,95,39.7,31,1800,1.319444444,50,0.206,0.013194444,0.794,0.170477778,Low,4,175.0
52:20:00,97,34.2,43,1800,1.347222222,50,0.316,0.013472222,0.684,0.240588889,Moderate,4,95.0
52:21:00,132,46.4,43,1800,1.833333333,50,0.072,0.018333333,0.928,0.193733333,Low,4,97.0
52:22:00,146,26.5,81,1800,2.027777778,50,0.47,0.020277778,0.53,0.426111111,Very High,4,132.0
52:23:00,100,40.3,56,1800,1.388888889,50,0.194,0.013888889,0.806,0.268355556,Moderate,4,146.0
52:24:00,119,38.2,85,1800,1.652777778,50,0.236,0.016527778,0.764,0.393811111,High,4,100.0
52:25:00,191,28.9,67,1800,2.652777778,50,0.422,0.026527778,0.578,0.363011111,High,4,119.0
52:26:00,128,24.1,54,1800,1.777777778,50,0.518,0.017777778,0.482,0.326711111,High,4,191.0
52:27:00,117,39.5,75,1800,1.625,50,0.21,0.01625,0.79,0.3485,High,4,128.0
52:28:00,80,42.2,32,1800,1.111111111,50,0.156,0.011111111,0.844,0.163644444,Low,4,117.0
52:29:00,145,29.5,48,1800,2.013888889,50,0.41,0.020138889,0.59,0.282055556,Moderate,4,80.0
52:30:00,69,39.3,83,1800,0.958333333,50,0.214,0.009583333,0.786,0.378633333,High,4,145.0
52:31:00,76,31.9,56,1800,1.055555556,50,0.362,0.010555556,0.638,0.300622222,High,4,69.0
52:32:00,161,41.4,33,1800,2.236111111,50,0.172,0.022361111,0.828,0.175344444,Low,4,76.0
52:33:00,86,26.0,54,1800,1.194444444,50,0.48,0.011944444,0.52,0.316777778,High,4,161.0
52:34:00,116,46.7,90,1800,1.611111111,50,0.066,0.016111111,0.934,0.379644444,High,4,86.0
52:35:00,160,28.6,39,1800,2.222222222,50,0.428,0.022222222,0.572,0.250488889,Moderate,4,116.0
52:36:00,192,31.0,43,1800,2.666666667,50,0.38,0.026666667,0.62,0.258666667,Moderate,4,160.0
52:37:00,72,21.7,31,1800,1.0,50,0.566,0.01,0.434,0.2412,Moderate,4,192.0
52:38:00,60,23.3,59,1800,0.833333333,50,0.534,0.008333333,0.466,0.346133333,High,4,72.0
52:39:00,129,35.5,79,1800,1.791666667,50,0.29,0.017916667,0.71,0.381166667,High,4,60.0
52:40:00,133,28.0,59,1800,1.847222222,50,0.44,0.018472222,0.56,0.331388889,High,4,129.0
52:41:00,144,45.1,87,1800,2.0,50,0.098,0.02,0.902,0.3756,High,4,133.0
52:42:00,129,20.4,56,1800,1.791666667,50,0.592,0.017916667,0.408,0.349566667,High,4,144.0
52:43:00,109,31.4,88,1800,1.513888889,50,0.372,0.015138889,0.628,0.432455556,Very High,4,129.0
52:44:00,127,30.1,83,1800,1.763888889,50,0.398,0.017638889,0.602,0.418655556,Very High,4,109.0
52:45:00,178,20.6,69,1800,2.472222222,50,0.588,0.024722222,0.412,0.403488889,Very High,4,127.0
52:46:00,106,23.7,36,1800,1.472222222,50,0.526,0.014722222,0.474,0.255088889,Moderate,4,178.0
52:47:00,156,32.4,37,1800,2.166666667,50,0.352,0.021666667,0.648,0.227066667,Moderate,4,106.0
52:48:00,114,34.8,32,1800,1.583333333,50,0.304,0.015833333,0.696,0.195133333,Low,4,156.0
52:49:00,78,32.1,54,1800,1.083333333,50,0.358,0.010833333,0.642,0.291933333,Moderate,4,114.0
52:50:00,142,35.9,74,1800,1.972222222,50,0.282,0.019722222,0.718,0.360288889,High,4,78.0
52:51:00,112,37.9,30,1800,1.555555556,50,0.242,0.015555556,0.758,0.174622222,Low,4,142.0
52:52:00,58,20.3,32,1800,0.805555556,50,0.594,0.008055556,0.406,0.250022222,Moderate,4,112.0
52:53:00,146,33.9,42,1800,2.027777778,50,0.322,0.020277778,0.678,0.240511111,Moderate,4,58.0
52:54:00,170,48.9,84,1800,2.361111111,50,0.022,0.023611111,0.978,0.349844444,High,4,146.0
52:55:00,80,35.6,73,1800,1.111111111,50,0.288,0.011111111,0.712,0.354044444,High,4,170.0
52:56:00,73,40.3,69,1800,1.013888889,50,0.194,0.010138889,0.806,0.318855556,High,4,80.0
52:57:00,181,29.4,33,1800,2.513888889,50,0.412,0.025138889,0.588,0.224455556,Moderate,4,73.0
52:58:00,119,43.2,67,1800,1.652777778,50,0.136,0.016527778,0.864,0.301811111,High,4,181.0
52:59:00,161,43.2,56,1800,2.236111111,50,0.136,0.022361111,0.864,0.260144444,Moderate,4,119.0
53:00:00,58,35.6,38,1800,0.805555556,50,0.288,0.008055556,0.712,0.212822222,Moderate,5,161.0
53:01:00,135,49.3,49,1800,1.875,50,0.014,0.01875,0.986,0.2063,Moderate,5,58.0
53:02:00,115,23.8,35,1800,1.597222222,50,0.524,0.015972222,0.476,0.251188889,Moderate,5,135.0
53:03:00,133,20.5,80,1800,1.847222222,50,0.59,0.018472222,0.41,0.445388889,Very High,5,115.0
53:04:00,125,43.1,87,1800,1.736111111,50,0.138,0.017361111,0.862,0.382544444,High,5,133.0
53:05:00,150,44.2,76,1800,2.083333333,50,0.116,0.020833333,0.884,0.335533333,High,5,125.0
53:06:00,111,23.6,49,1800,1.541666667,50,0.528,0.015416667,0.472,0.307766667,High,5,150.0
53:07:00,187,28.0,43,1800,2.597222222,50,0.44,0.025972222,0.56,0.270388889,Moderate,5,111.0
53:08:00,92,20.5,53,1800,1.277777778,50,0.59,0.012777778,0.41,0.335111111,High,5,187.0
53:09:00,146,28.8,56,1800,2.027777778,50,0.424,0.020277778,0.576,0.316911111,High,5,92.0
53:10:00,64,43.2,62,1800,0.888888889,50,0.136,0.008888889,0.864,0.278755556,Moderate,5,146.0
53:11:00,118,35.5,32,1800,1.638888889,50,0.29,0.016388889,0.71,0.192555556,Low,5,64.0
53:12:00,134,30.4,67,1800,1.861111111,50,0.392,0.018611111,0.608,0.353844444,High,5,118.0
53:13:00,89,31.2,78,1800,1.236111111,50,0.376,0.012361111,0.624,0.392144444,High,5,134.0
53:14:00,95,20.0,68,1800,1.319444444,50,0.6,0.013194444,0.4,0.397277778,High,5,89.0
53:15:00,160,29.0,78,1800,2.222222222,50,0.42,0.022222222,0.58,0.404888889,Very High,5,95.0
53:16:00,153,39.4,44,1800,2.125,50,0.212,0.02125,0.788,0.2269,Moderate,5,160.0
53:17:00,98,49.2,68,1800,1.361111111,50,0.016,0.013611111,0.984,0.280644444,Moderate,5,153.0
53:18:00,188,45.4,85,1800,2.611111111,50,0.092,0.026111111,0.908,0.368844444,High,5,98.0
53:19:00,111,20.7,39,1800,1.541666667,50,0.586,0.015416667,0.414,0.279366667,Moderate,5,188.0
53:20:00,179,47.0,65,1800,2.486111111,50,0.06,0.024861111,0.94,0.281944444,Moderate,5,111.0
53:21:00,119,43.5,47,1800,1.652777778,50,0.13,0.016527778,0.87,0.220611111,Moderate,5,179.0
53:22:00,129,43.4,89,1800,1.791666667,50,0.132,0.017916667,0.868,0.389566667,High,5,119.0
53:23:00,128,33.7,38,1800,1.777777778,50,0.326,0.017777778,0.674,0.224311111,Moderate,5,129.0
53:24:00,193,31.9,63,1800,2.680555556,50,0.362,0.026805556,0.638,0.335122222,High,5,128.0
53:25:00,71,29.1,40,1800,0.986111111,50,0.418,0.009861111,0.582,0.247544444,Moderate,5,193.0
53:26:00,167,22.0,81,1800,2.319444444,50,0.56,0.023194444,0.44,0.445277778,Very High,5,71.0
53:27:00,112,26.8,42,1800,1.555555556,50,0.464,0.015555556,0.536,0.267022222,Moderate,5,167.0
53:28:00,72,27.4,82,1800,1.0,50,0.452,0.01,0.548,0.4224,Very High,5,112.0
53:29:00,158,34.5,70,1800,2.194444444,50,0.31,0.021944444,0.69,0.350777778,High,5,72.0
53:30:00,63,42.4,67,1800,0.875,50,0.152,0.00875,0.848,0.3019,High,5,158.0
53:31:00,120,34.2,44,1800,1.666666667,50,0.316,0.016666667,0.684,0.245866667,Moderate,5,63.0
53:32:00,131,21.7,65,1800,1.819444444,50,0.566,0.018194444,0.434,0.380477778,High,5,120.0
53:33:00,127,48.7,89,1800,1.763888889,50,0.026,0.017638889,0.974,0.368255556,High,5,131.0
53:34:00,143,48.3,66,1800,1.986111111,50,0.034,0.019861111,0.966,0.278744444,Moderate,5,127.0
53:35:00,70,43.6,40,1800,0.972222222,50,0.128,0.009722222,0.872,0.189488889,Low,5,143.0
53:36:00,183,49.7,69,1800,2.541666667,50,0.006,0.025416667,0.994,0.287366667,Moderate,5,70.0
53:37:00,56,36.3,83,1800,0.777777778,50,0.274,0.007777778,0.726,0.389911111,High,5,183.0
53:38:00,122,48.9,48,1800,1.694444444,50,0.022,0.016944444,0.978,0.203177778,Moderate,5,56.0
53:39:00,155,22.3,58,1800,2.152777778,50,0.554,0.021527778,0.446,0.351411111,High,5,122.0
53:40:00,160,31.0,59,1800,2.222222222,50,0.38,0.022222222,0.62,0.320888889,High,5,155.0
53:41:00,65,26.8,66,1800,0.902777778,50,0.464,0.009027778,0.536,0.360411111,High,5,160.0
53:42:00,60,25.9,45,1800,0.833333333,50,0.482,0.008333333,0.518,0.279733333,Moderate,5,65.0
53:43:00,103,24.2,39,1800,1.430555556,50,0.516,0.014305556,0.484,0.264922222,Moderate,5,60.0
53:44:00,82,38.7,77,1800,1.138888889,50,0.226,0.011388889,0.774,0.357755556,High,5,103.0
53:45:00,181,43.4,36,1800,2.513888889,50,0.132,0.025138889,0.868,0.180455556,Low,5,82.0
53:46:00,167,37.3,55,1800,2.319444444,50,0.254,0.023194444,0.746,0.280077778,Moderate,5,181.0
53:47:00,95,24.4,62,1800,1.319444444,50,0.512,0.013194444,0.488,0.355677778,High,5,167.0
53:48:00,193,44.3,66,1800,2.680555556,50,0.114,0.026805556,0.886,0.297522222,Moderate,5,95.0
53:49:00,79,39.1,79,1800,1.097222222,50,0.218,0.010972222,0.782,0.363988889,High,5,193.0
53:50:00,74,31.6,86,1800,1.027777778,50,0.368,0.010277778,0.632,0.421711111,Very High,5,79.0
53:51:00,149,40.2,75,1800,2.069444444,50,0.196,0.020694444,0.804,0.347477778,High,5,74.0
53:52:00,89,27.8,64,1800,1.236111111,50,0.444,0.012361111,0.556,0.349744444,High,5,149.0
53:53:00,198,30.4,43,1800,2.75,50,0.392,0.0275,0.608,0.2614,Moderate,5,89.0
53:54:00,136,47.5,87,1800,1.888888889,50,0.05,0.018888889,0.95,0.365555556,High,5,198.0
53:55:00,183,28.7,73,1800,2.541666667,50,0.426,0.025416667,0.574,0.387366667,High,5,136.0
53:56:00,65,34.1,53,1800,0.902777778,50,0.318,0.009027778,0.682,0.279211111,Moderate,5,183.0
53:57:00,97,46.7,55,1800,1.347222222,50,0.066,0.013472222,0.934,0.238588889,Moderate,5,65.0
53:58:00,89,41.2,31,1800,1.236111111,50,0.176,0.012361111,0.824,0.164144444,Low,5,97.0
53:59:00,65,21.9,68,1800,0.902777778,50,0.562,0.009027778,0.438,0.388011111,High,5,89.0
54:00:00,131,24.4,77,1800,1.819444444,50,0.512,0.018194444,0.488,0.417677778,Very High,6,65.0
54:01:00,167,20.2,68,1800,2.319444444,50,0.596,0.023194444,0.404,0.400477778,Very High,6,131.0
54:02:00,82,38.9,53,1800,1.138888889,50,0.222,0.011388889,0.778,0.260955556,Moderate,6,167.0
54:03:00,106,33.4,83,1800,1.472222222,50,0.332,0.014722222,0.668,0.404288889,Very High,6,82.0
54:04:00,133,24.0,30,1800,1.847222222,50,0.52,0.018472222,0.48,0.231388889,Moderate,6,106.0
54:05:00,79,48.7,32,1800,1.097222222,50,0.026,0.010972222,0.974,0.137588889,Low,6,133.0
54:06:00,51,35.9,41,1800,0.708333333,50,0.282,0.007083333,0.718,0.223233333,Moderate,6,79.0
54:07:00,159,27.3,69,1800,2.208333333,50,0.454,0.022083333,0.546,0.375633333,High,6,51.0
54:08:00,140,35.0,30,1800,1.944444444,50,0.3,0.019444444,0.7,0.187777778,Low,6,159.0
54:09:00,176,40.4,64,1800,2.444444444,50,0.192,0.024444444,0.808,0.304177778,High,6,140.0
54:10:00,57,22.3,67,1800,0.791666667,50,0.554,0.007916667,0.446,0.381966667,High,6,176.0
54:11:00,190,28.2,46,1800,2.638888889,50,0.436,0.026388889,0.564,0.281755556,Moderate,6,57.0
54:12:00,87,44.2,36,1800,1.208333333,50,0.116,0.012083333,0.884,0.172033333,Low,6,190.0
54:13:00,192,33.8,87,1800,2.666666667,50,0.324,0.026666667,0.676,0.423466667,Very High,6,87.0
54:14:00,91,36.4,38,1800,1.263888889,50,0.272,0.012638889,0.728,0.211455556,Moderate,6,192.0
54:15:00,65,33.0,83,1800,0.902777778,50,0.34,0.009027778,0.66,0.403611111,Very High,6,91.0
54:16:00,198,21.3,50,1800,2.75,50,0.574,0.0275,0.426,0.3258,High,6,65.0
54:17:00,157,25.0,64,1800,2.180555556,50,0.5,0.021805556,0.5,0.364722222,High,6,198.0
54:18:00,129,33.4,61,1800,1.791666667,50,0.332,0.017916667,0.668,0.317566667,High,6,157.0
54:19:00,85,26.3,83,1800,1.180555556,50,0.474,0.011805556,0.526,0.431522222,Very High,6,129.0
54:20:00,60,21.5,41,1800,0.833333333,50,0.57,0.008333333,0.43,0.281333333,Moderate,6,85.0
54:21:00,73,45.3,74,1800,1.013888889,50,0.094,0.010138889,0.906,0.318855556,High,6,60.0
54:22:00,100,49.4,33,1800,1.388888889,50,0.012,0.013888889,0.988,0.139955556,Low,6,73.0
54:23:00,182,43.8,64,1800,2.527777778,50,0.124,0.025277778,0.876,0.290911111,Moderate,6,100.0
54:24:00,120,45.6,47,1800,1.666666667,50,0.088,0.016666667,0.912,0.212266667,Moderate,6,182.0
54:25:00,161,27.3,71,1800,2.236111111,50,0.454,0.022361111,0.546,0.383744444,High,6,120.0
54:26:00,127,48.8,37,1800,1.763888889,50,0.024,0.017638889,0.976,0.159855556,Low,6,161.0
54:27:00,112,25.9,59,1800,1.555555556,50,0.482,0.015555556,0.518,0.338622222,High,6,127.0
54:28:00,183,48.5,57,1800,2.541666667,50,0.03,0.025416667,0.97,0.244166667,Moderate,6,112.0
54:29:00,101,49.8,84,1800,1.402777778,50,0.004,0.014027778,0.996,0.342411111,High,6,183.0
54:30:00,112,41.4,78,1800,1.555555556,50,0.172,0.015555556,0.828,0.352622222,High,6,101.0
54:31:00,125,49.4,33,1800,1.736111111,50,0.012,0.017361111,0.988,0.141344444,Low,6,112.0
54:32:00,188,37.1,82,1800,2.611111111,50,0.258,0.026111111,0.742,0.390044444,High,6,125.0
54:33:00,118,27.8,82,1800,1.638888889,50,0.444,0.016388889,0.556,0.423355556,Very High,6,188.0
54:34:00,155,33.1,81,1800,2.152777778,50,0.338,0.021527778,0.662,0.400211111,Very High,6,118.0
54:35:00,66,37.8,50,1800,0.916666667,50,0.244,0.009166667,0.756,0.252466667,Moderate,6,155.0
54:36:00,192,22.2,36,1800,2.666666667,50,0.556,0.026666667,0.444,0.265866667,Moderate,6,66.0
54:37:00,177,38.7,66,1800,2.458333333,50,0.226,0.024583333,0.774,0.319033333,High,6,192.0
54:38:00,168,49.4,84,1800,2.333333333,50,0.012,0.023333333,0.988,0.347733333,High,6,177.0
54:39:00,177,25.7,67,1800,2.458333333,50,0.486,0.024583333,0.514,0.375033333,High,6,168.0
54:40:00,69,43.8,83,1800,0.958333333,50,0.124,0.009583333,0.876,0.360633333,High,6,177.0
54:41:00,56,47.2,87,1800,0.777777778,50,0.056,0.007777778,0.944,0.362311111,High,6,69.0
54:42:00,61,48.3,53,1800,0.847222222,50,0.034,0.008472222,0.966,0.222188889,Moderate,6,56.0
54:43:00,110,48.8,76,1800,1.527777778,50,0.024,0.015277778,0.976,0.314911111,High,6,61.0
54:44:00,122,35.6,41,1800,1.694444444,50,0.288,0.016944444,0.712,0.228377778,Moderate,6,110.0
54:45:00,79,49.3,66,1800,1.097222222,50,0.014,0.010972222,0.986,0.271188889,Moderate,6,122.0
54:46:00,57,42.7,68,1800,0.791666667,50,0.146,0.007916667,0.854,0.304366667,High,6,79.0
54:47:00,184,24.9,45,1800,2.555555556,50,0.502,0.025555556,0.498,0.290622222,Moderate,6,57.0
54:48:00,90,34.3,61,1800,1.25,50,0.314,0.0125,0.686,0.3118,High,6,184.0
54:49:00,58,41.5,77,1800,0.805555556,50,0.17,0.008055556,0.83,0.345222222,High,6,90.0
54:50:00,115,27.4,54,1800,1.597222222,50,0.452,0.015972222,0.548,0.312788889,High,6,58.0
54:51:00,165,39.2,38,1800,2.291666667,50,0.216,0.022916667,0.784,0.204366667,Moderate,6,115.0
54:52:00,180,40.0,46,1800,2.5,50,0.2,0.025,0.8,0.234,Moderate,6,165.0
54:53:00,96,24.9,65,1800,1.333333333,50,0.502,0.013333333,0.498,0.365733333,High,6,180.0
54:54:00,50,37.0,84,1800,0.694444444,50,0.26,0.006944444,0.74,0.390777778,High,6,96.0
54:55:00,141,43.1,37,1800,1.958333333,50,0.138,0.019583333,0.862,0.183433333,Low,6,50.0
54:56:00,79,35.0,61,1800,1.097222222,50,0.3,0.010972222,0.7,0.308388889,High,6,141.0
54:57:00,164,20.4,90,1800,2.277777778,50,0.592,0.022777778,0.408,0.487511111,Very High,6,79.0
54:58:00,87,20.3,30,1800,1.208333333,50,0.594,0.012083333,0.406,0.243633333,Moderate,6,164.0
54:59:00,130,30.7,71,1800,1.805555556,50,0.386,0.018055556,0.614,0.368422222,High,6,87.0
55:00:00,129,47.8,42,1800,1.791666667,50,0.044,0.017916667,0.956,0.183966667,Low,7,130.0
55:01:00,167,26.9,44,1800,2.319444444,50,0.462,0.023194444,0.538,0.277677778,Moderate,7,129.0
55:02:00,62,39.0,54,1800,0.861111111,50,0.22,0.008611111,0.78,0.263444444,Moderate,7,167.0
55:03:00,121,26.7,86,1800,1.680555556,50,0.466,0.016805556,0.534,0.443922222,Very High,7,62.0
55:04:00,109,29.7,83,1800,1.513888889,50,0.406,0.015138889,0.594,0.419255556,Very High,7,121.0
55:05:00,120,45.4,83,1800,1.666666667,50,0.092,0.016666667,0.908,0.357066667,High,7,109.0
55:06:00,99,41.9,88,1800,1.375,50,0.162,0.01375,0.838,0.3899,High,7,120.0
55:07:00,136,22.9,43,1800,1.888888889,50,0.542,0.018888889,0.458,0.287955556,Moderate,7,99.0
55:08:00,193,32.9,87,1800,2.680555556,50,0.342,0.026805556,0.658,0.427122222,Very High,7,136.0
55:09:00,138,20.9,30,1800,1.916666667,50,0.582,0.019166667,0.418,0.244066667,Moderate,7,193.0
55:10:00,54,34.4,39,1800,0.75,50,0.312,0.0075,0.688,0.2214,Moderate,7,138.0
55:11:00,121,39.9,44,1800,1.680555556,50,0.202,0.016805556,0.798,0.223122222,Moderate,7,54.0
55:12:00,58,23.6,62,1800,0.805555556,50,0.528,0.008055556,0.472,0.356822222,High,7,121.0
55:13:00,78,28.7,86,1800,1.083333333,50,0.426,0.010833333,0.574,0.433533333,Very High,7,58.0
55:14:00,162,31.9,49,1800,2.25,50,0.362,0.0225,0.638,0.2774,Moderate,7,78.0
55:15:00,92,47.6,86,1800,1.277777778,50,0.048,0.012777778,0.952,0.358711111,High,7,162.0
55:16:00,176,49.8,55,1800,2.444444444,50,0.004,0.024444444,0.996,0.230577778,Moderate,7,92.0
55:17:00,142,21.3,56,1800,1.972222222,50,0.574,0.019722222,0.426,0.346688889,High,7,176.0
55:18:00,193,42.8,76,1800,2.680555556,50,0.144,0.026805556,0.856,0.343522222,High,7,142.0
55:19:00,148,31.2,78,1800,2.055555556,50,0.376,0.020555556,0.624,0.395422222,High,7,193.0
55:20:00,161,31.8,31,1800,2.236111111,50,0.364,0.022361111,0.636,0.205744444,Moderate,7,148.0
55:21:00,97,42.6,45,1800,1.347222222,50,0.148,0.013472222,0.852,0.214988889,Moderate,7,161.0
55:22:00,161,47.6,81,1800,2.236111111,50,0.048,0.022361111,0.952,0.342544444,High,7,97.0
55:23:00,56,48.5,85,1800,0.777777778,50,0.03,0.007777778,0.97,0.349111111,High,7,161.0
55:24:00,76,37.3,85,1800,1.055555556,50,0.254,0.010555556,0.746,0.395022222,High,7,56.0
55:25:00,78,30.7,75,1800,1.083333333,50,0.386,0.010833333,0.614,0.381533333,High,7,76.0
55:26:00,59,43.6,47,1800,0.819444444,50,0.128,0.008194444,0.872,0.216877778,Moderate,7,78.0
55:27:00,83,27.5,60,1800,1.152777778,50,0.45,0.011527778,0.55,0.334611111,High,7,59.0
55:28:00,79,36.9,54,1800,1.097222222,50,0.262,0.010972222,0.738,0.272788889,Moderate,7,83.0
55:29:00,176,30.8,44,1800,2.444444444,50,0.384,0.024444444,0.616,0.262577778,Moderate,7,79.0
55:30:00,76,39.7,55,1800,1.055555556,50,0.206,0.010555556,0.794,0.265422222,Moderate,7,176.0
55:31:00,134,27.2,47,1800,1.861111111,50,0.456,0.018611111,0.544,0.286644444,Moderate,7,76.0
55:32:00,149,25.7,57,1800,2.069444444,50,0.486,0.020694444,0.514,0.333477778,High,7,134.0
55:33:00,93,47.5,52,1800,1.291666667,50,0.05,0.012916667,0.95,0.223166667,Moderate,7,149.0
55:34:00,119,23.1,68,1800,1.652777778,50,0.538,0.016527778,0.462,0.386211111,High,7,93.0
55:35:00,112,35.2,41,1800,1.555555556,50,0.296,0.015555556,0.704,0.229422222,Moderate,7,119.0
55:36:00,161,26.6,52,1800,2.236111111,50,0.468,0.022361111,0.532,0.310544444,High,7,112.0
55:37:00,126,21.2,89,1800,1.75,50,0.576,0.0175,0.424,0.4782,Very High,7,161.0
55:38:00,137,21.1,85,1800,1.902777778,50,0.578,0.019027778,0.422,0.463211111,Very High,7,126.0
55:39:00,60,25.3,87,1800,0.833333333,50,0.494,0.008333333,0.506,0.450133333,Very High,7,137.0
55:40:00,81,46.0,42,1800,1.125,50,0.08,0.01125,0.92,0.1885,Low,7,60.0
55:41:00,142,28.5,33,1800,1.972222222,50,0.43,0.019722222,0.57,0.225888889,Moderate,7,81.0
55:42:00,113,48.5,40,1800,1.569444444,50,0.03,0.015694444,0.97,0.172277778,Low,7,142.0
55:43:00,182,37.4,87,1800,2.527777778,50,0.252,0.025277778,0.748,0.408511111,Very High,7,113.0
55:44:00,101,33.1,39,1800,1.402777778,50,0.338,0.014027778,0.662,0.229211111,Moderate,7,182.0
55:45:00,152,37.4,70,1800,2.111111111,50,0.252,0.021111111,0.748,0.338844444,High,7,101.0
55:46:00,173,35.5,36,1800,2.402777778,50,0.29,0.024027778,0.71,0.211611111,Moderate,7,152.0
55:47:00,93,42.8,47,1800,1.291666667,50,0.144,0.012916667,0.856,0.221966667,Moderate,7,173.0
55:48:00,74,28.5,71,1800,1.027777778,50,0.43,0.010277778,0.57,0.374111111,High,7,93.0
55:49:00,157,30.6,62,1800,2.180555556,50,0.388,0.021805556,0.612,0.334322222,High,7,74.0
55:50:00,120,46.8,83,1800,1.666666667,50,0.064,0.016666667,0.936,0.351466667,High,7,157.0
55:51:00,66,48.4,30,1800,0.916666667,50,0.032,0.009166667,0.968,0.130066667,Low,7,120.0
55:52:00,79,46.8,74,1800,1.097222222,50,0.064,0.010972222,0.936,0.313188889,High,7,66.0
55:53:00,176,32.6,72,1800,2.444444444,50,0.348,0.024444444,0.652,0.367377778,High,7,79.0
55:54:00,120,43.4,48,1800,1.666666667,50,0.132,0.016666667,0.868,0.225066667,Moderate,7,176.0
55:55:00,180,34.3,43,1800,2.5,50,0.314,0.025,0.686,0.2448,Moderate,7,120.0
55:56:00,75,34.9,56,1800,1.041666667,50,0.302,0.010416667,0.698,0.288566667,Moderate,7,180.0
55:57:00,105,26.1,69,1800,1.458333333,50,0.478,0.014583333,0.522,0.377433333,High,7,75.0
55:58:00,151,37.7,82,1800,2.097222222,50,0.246,0.020972222,0.754,0.385588889,High,7,105.0
55:59:00,172,25.6,82,1800,2.388888889,50,0.488,0.023888889,0.512,0.435155556,Very High,7,151.0
56:00:00,115,29.9,46,1800,1.597222222,50,0.402,0.015972222,0.598,0.270788889,Moderate,8,172.0
56:01:00,89,45.7,64,1800,1.236111111,50,0.086,0.012361111,0.914,0.278144444,Moderate,8,115.0
56:02:00,106,26.2,81,1800,1.472222222,50,0.476,0.014722222,0.524,0.425088889,Very High,8,89.0
56:03:00,74,22.1,65,1800,1.027777778,50,0.558,0.010277778,0.442,0.375711111,High,8,106.0
56:04:00,121,22.1,37,1800,1.680555556,50,0.558,0.016805556,0.442,0.266322222,Moderate,8,74.0
56:05:00,126,48.2,48,1800,1.75,50,0.036,0.0175,0.964,0.2062,Moderate,8,121.0
56:06:00,123,35.2,66,1800,1.708333333,50,0.296,0.017083333,0.704,0.330033333,High,8,126.0
56:07:00,151,32.3,72,1800,2.097222222,50,0.354,0.020972222,0.646,0.367188889,High,8,123.0
56:08:00,103,44.3,83,1800,1.430555556,50,0.114,0.014305556,0.886,0.360522222,High,8,151.0
56:09:00,179,45.1,68,1800,2.486111111,50,0.098,0.024861111,0.902,0.301544444,High,8,103.0
56:10:00,99,30.0,88,1800,1.375,50,0.4,0.01375,0.6,0.4375,Very High,8,179.0
56:11:00,143,40.8,77,1800,1.986111111,50,0.184,0.019861111,0.816,0.352744444,High,8,99.0
56:12:00,160,43.1,76,1800,2.222222222,50,0.138,0.022222222,0.862,0.340488889,High,8,143.0
56:13:00,148,39.6,57,1800,2.055555556,50,0.208,0.020555556,0.792,0.277822222,Moderate,8,160.0
56:14:00,148,24.5,74,1800,2.055555556,50,0.51,0.020555556,0.49,0.406222222,Very High,8,148.0
56:15:00,146,46.3,90,1800,2.027777778,50,0.074,0.020277778,0.926,0.382911111,High,8,148.0
56:16:00,58,36.2,71,1800,0.805555556,50,0.276,0.008055556,0.724,0.342422222,High,8,146.0
56:17:00,50,28.5,57,1800,0.694444444,50,0.43,0.006944444,0.57,0.316777778,High,8,58.0
56:18:00,105,32.8,65,1800,1.458333333,50,0.344,0.014583333,0.656,0.334633333,High,8,50.0
56:19:00,75,21.1,31,1800,1.041666667,50,0.578,0.010416667,0.422,0.243766667,Moderate,8,105.0
56:20:00,138,23.8,89,1800,1.916666667,50,0.524,0.019166667,0.476,0.468466667,Very High,8,75.0
56:21:00,164,43.0,38,1800,2.277777778,50,0.14,0.022777778,0.86,0.189111111,Low,8,138.0
56:22:00,66,20.0,90,1800,0.916666667,50,0.6,0.009166667,0.4,0.483666667,Very High,8,164.0
56:23:00,151,32.5,72,1800,2.097222222,50,0.35,0.020972222,0.65,0.366388889,High,8,66.0
56:24:00,175,35.7,39,1800,2.430555556,50,0.286,0.024305556,0.714,0.222922222,Moderate,8,151.0
56:25:00,66,21.6,78,1800,0.916666667,50,0.568,0.009166667,0.432,0.429266667,Very High,8,175.0
56:26:00,154,49.2,40,1800,2.138888889,50,0.016,0.021388889,0.984,0.171755556,Low,8,66.0
56:27:00,137,26.8,46,1800,1.902777778,50,0.464,0.019027778,0.536,0.284411111,Moderate,8,154.0
56:28:00,131,29.1,30,1800,1.819444444,50,0.418,0.018194444,0.582,0.210877778,Moderate,8,137.0
56:29:00,157,29.1,74,1800,2.180555556,50,0.418,0.021805556,0.582,0.388322222,High,8,131.0
56:30:00,65,26.9,77,1800,0.902777778,50,0.462,0.009027778,0.538,0.404011111,Very High,8,157.0
56:31:00,146,20.0,76,1800,2.027777778,50,0.6,0.020277778,0.4,0.432111111,Very High,8,65.0
56:32:00,177,41.9,79,1800,2.458333333,50,0.162,0.024583333,0.838,0.358233333,High,8,146.0
56:33:00,132,49.0,90,1800,1.833333333,50,0.02,0.018333333,0.98,0.371333333,High,8,177.0
56:34:00,112,26.7,50,1800,1.555555556,50,0.466,0.015555556,0.534,0.299422222,Moderate,8,132.0
56:35:00,167,39.9,75,1800,2.319444444,50,0.202,0.023194444,0.798,0.349677778,High,8,112.0
56:36:00,158,42.3,71,1800,2.194444444,50,0.154,0.021944444,0.846,0.323577778,High,8,167.0
56:37:00,120,45.5,54,1800,1.666666667,50,0.09,0.016666667,0.91,0.240666667,Moderate,8,158.0
56:38:00,150,32.7,70,1800,2.083333333,50,0.346,0.020833333,0.654,0.357533333,High,8,120.0
56:39:00,114,29.1,47,1800,1.583333333,50,0.418,0.015833333,0.582,0.277933333,Moderate,8,150.0
56:40:00,116,29.8,40,1800,1.611111111,50,0.404,0.016111111,0.596,0.247244444,Moderate,8,114.0
56:41:00,66,41.4,80,1800,0.916666667,50,0.172,0.009166667,0.828,0.358066667,High,8,116.0
56:42:00,77,44.5,79,1800,1.069444444,50,0.11,0.010694444,0.89,0.342277778,High,8,66.0
56:43:00,151,25.4,53,1800,2.097222222,50,0.492,0.020972222,0.508,0.318788889,High,8,77.0
56:44:00,200,31.1,67,1800,2.777777778,50,0.378,0.027777778,0.622,0.354711111,High,8,151.0
56:45:00,143,47.1,65,1800,1.986111111,50,0.058,0.019861111,0.942,0.279544444,Moderate,8,200.0
56:46:00,167,44.2,77,1800,2.319444444,50,0.116,0.023194444,0.884,0.340477778,High,8,143.0
56:47:00,53,49.5,52,1800,0.736111111,50,0.01,0.007361111,0.99,0.212944444,Moderate,8,167.0
56:48:00,123,42.6,73,1800,1.708333333,50,0.148,0.017083333,0.852,0.328433333,High,8,53.0
56:49:00,172,31.8,84,1800,2.388888889,50,0.364,0.023888889,0.636,0.418355556,Very High,8,123.0
56:50:00,85,37.7,43,1800,1.180555556,50,0.246,0.011805556,0.754,0.225922222,Moderate,8,172.0
56:51:00,123,39.8,51,1800,1.708333333,50,0.204,0.017083333,0.796,0.251633333,Moderate,8,85.0
56:52:00,118,22.4,62,1800,1.638888889,50,0.552,0.016388889,0.448,0.364955556,High,8,123.0
56:53:00,142,36.3,76,1800,1.972222222,50,0.274,0.019722222,0.726,0.366688889,High,8,118.0
56:54:00,107,41.3,40,1800,1.486111111,50,0.174,0.014861111,0.826,0.200744444,Moderate,8,142.0
56:55:00,136,25.0,51,1800,1.888888889,50,0.5,0.018888889,0.5,0.311555556,High,8,107.0
56:56:00,68,43.4,40,1800,0.944444444,50,0.132,0.009444444,0.868,0.190177778,Low,8,136.0
56:57:00,192,37.5,81,1800,2.666666667,50,0.25,0.026666667,0.75,0.384666667,High,8,68.0
56:58:00,58,48.6,88,1800,0.805555556,50,0.028,0.008055556,0.972,0.360822222,High,8,192.0
56:59:00,87,21.3,45,1800,1.208333333,50,0.574,0.012083333,0.426,0.299633333,Moderate,8,58.0
57:00:00,65,28.0,63,1800,0.902777778,50,0.44,0.009027778,0.56,0.343611111,High,9,87.0
57:01:00,67,38.0,60,1800,0.930555556,50,0.24,0.009305556,0.76,0.291722222,Moderate,9,65.0
57:02:00,152,28.9,30,1800,2.111111111,50,0.422,0.021111111,0.578,0.212844444,Moderate,9,67.0
57:03:00,121,41.4,75,1800,1.680555556,50,0.172,0.016805556,0.828,0.341122222,High,9,152.0
57:04:00,161,42.8,56,1800,2.236111111,50,0.144,0.022361111,0.856,0.261744444,Moderate,9,121.0
57:05:00,184,23.1,36,1800,2.555555556,50,0.538,0.025555556,0.462,0.261822222,Moderate,9,161.0
57:06:00,85,35.4,40,1800,1.180555556,50,0.292,0.011805556,0.708,0.223122222,Moderate,9,184.0
57:07:00,166,35.3,47,1800,2.305555556,50,0.294,0.023055556,0.706,0.256022222,Moderate,9,85.0
57:08:00,132,31.1,76,1800,1.833333333,50,0.378,0.018333333,0.622,0.386933333,High,9,166.0
57:09:00,71,48.0,62,1800,0.986111111,50,0.04,0.009861111,0.96,0.259944444,Moderate,9,132.0
57:10:00,133,44.8,66,1800,1.847222222,50,0.104,0.018472222,0.896,0.292188889,Moderate,9,71.0
57:11:00,82,40.9,78,1800,1.138888889,50,0.182,0.011388889,0.818,0.352955556,High,9,133.0
57:12:00,194,41.4,79,1800,2.694444444,50,0.172,0.026944444,0.828,0.361177778,High,9,82.0
57:13:00,189,33.9,45,1800,2.625,50,0.322,0.02625,0.678,0.2549,Moderate,9,194.0
57:14:00,160,47.6,74,1800,2.222222222,50,0.048,0.022222222,0.952,0.314488889,High,9,189.0
57:15:00,133,40.8,83,1800,1.847222222,50,0.184,0.018472222,0.816,0.376188889,High,9,160.0
57:16:00,102,41.9,53,1800,1.416666667,50,0.162,0.014166667,0.838,0.250066667,Moderate,9,133.0
57:17:00,57,45.9,30,1800,0.791666667,50,0.082,0.007916667,0.918,0.139566667,Low,9,102.0
57:18:00,197,28.2,51,1800,2.736111111,50,0.436,0.027361111,0.564,0.302144444,High,9,57.0
57:19:00,76,44.2,80,1800,1.055555556,50,0.116,0.010555556,0.884,0.347422222,High,9,197.0
57:20:00,139,25.9,58,1800,1.930555556,50,0.482,0.019305556,0.518,0.336122222,High,9,76.0
57:21:00,192,30.4,44,1800,2.666666667,50,0.392,0.026666667,0.608,0.265066667,Moderate,9,139.0
57:22:00,149,30.1,66,1800,2.069444444,50,0.398,0.020694444,0.602,0.351877778,High,9,192.0
57:23:00,165,49.4,31,1800,2.291666667,50,0.012,0.022916667,0.988,0.135566667,Low,9,149.0
57:24:00,182,45.7,52,1800,2.527777778,50,0.086,0.025277778,0.914,0.235311111,Moderate,9,165.0
57:25:00,83,41.0,34,1800,1.152777778,50,0.18,0.011527778,0.82,0.176611111,Low,9,182.0
57:26:00,86,41.8,62,1800,1.194444444,50,0.164,0.011944444,0.836,0.285577778,Moderate,9,83.0
57:27:00,123,36.9,73,1800,1.708333333,50,0.262,0.017083333,0.738,0.351233333,High,9,86.0
57:28:00,51,48.4,39,1800,0.708333333,50,0.032,0.007083333,0.968,0.165233333,Low,9,123.0
57:29:00,124,34.9,74,1800,1.722222222,50,0.302,0.017222222,0.698,0.363288889,High,9,51.0
57:30:00,60,31.4,45,1800,0.833333333,50,0.372,0.008333333,0.628,0.257733333,Moderate,9,124.0
57:31:00,157,24.9,70,1800,2.180555556,50,0.502,0.021805556,0.498,0.389122222,High,9,60.0
57:32:00,71,43.6,40,1800,0.986111111,50,0.128,0.009861111,0.872,0.189544444,Low,9,157.0
57:33:00,101,42.0,76,1800,1.402777778,50,0.16,0.014027778,0.84,0.341611111,High,9,71.0
57:34:00,99,31.5,46,1800,1.375,50,0.37,0.01375,0.63,0.2635,Moderate,9,101.0
57:35:00,51,20.8,69,1800,0.708333333,50,0.584,0.007083333,0.416,0.395633333,High,9,99.0
57:36:00,82,45.2,67,1800,1.138888889,50,0.096,0.011388889,0.904,0.291755556,Moderate,9,51.0
57:37:00,130,20.3,59,1800,1.805555556,50,0.594,0.018055556,0.406,0.362022222,High,9,82.0
57:38:00,129,41.1,74,1800,1.791666667,50,0.178,0.017916667,0.822,0.338766667,High,9,130.0
57:39:00,115,49.1,58,1800,1.597222222,50,0.018,0.015972222,0.982,0.241988889,Moderate,9,129.0
57:40:00,106,33.1,69,1800,1.472222222,50,0.338,0.014722222,0.662,0.349488889,High,9,115.0
57:41:00,159,27.0,78,1800,2.208333333,50,0.46,0.022083333,0.54,0.412833333,Very High,9,106.0
57:42:00,197,41.1,60,1800,2.736111111,50,0.178,0.027361111,0.822,0.286544444,Moderate,9,159.0
57:43:00,77,44.5,73,1800,1.069444444,50,0.11,0.010694444,0.89,0.318277778,High,9,197.0
57:44:00,189,36.4,42,1800,2.625,50,0.272,0.02625,0.728,0.2329,Moderate,9,77.0
57:45:00,176,49.0,53,1800,2.444444444,50,0.02,0.024444444,0.98,0.225777778,Moderate,9,189.0
57:46:00,130,21.6,49,1800,1.805555556,50,0.568,0.018055556,0.432,0.316822222,High,9,176.0
57:47:00,101,35.1,61,1800,1.402777778,50,0.298,0.014027778,0.702,0.309211111,High,9,130.0
57:48:00,97,41.6,75,1800,1.347222222,50,0.168,0.013472222,0.832,0.338988889,High,9,101.0
57:49:00,154,45.9,47,1800,2.138888889,50,0.082,0.021388889,0.918,0.212955556,Moderate,9,97.0
57:50:00,135,25.4,81,1800,1.875,50,0.492,0.01875,0.508,0.4299,Very High,9,154.0
57:51:00,135,44.0,57,1800,1.875,50,0.12,0.01875,0.88,0.2595,Moderate,9,135.0
57:52:00,54,36.6,77,1800,0.75,50,0.268,0.0075,0.732,0.3646,High,9,135.0
57:53:00,114,31.9,38,1800,1.583333333,50,0.362,0.015833333,0.638,0.230733333,Moderate,9,54.0
57:54:00,69,24.0,89,1800,0.958333333,50,0.52,0.009583333,0.48,0.463833333,Very High,9,114.0
57:55:00,84,46.0,66,1800,1.166666667,50,0.08,0.011666667,0.92,0.284666667,Moderate,9,69.0
57:56:00,115,24.7,76,1800,1.597222222,50,0.506,0.015972222,0.494,0.411588889,Very High,9,84.0
57:57:00,117,29.3,73,1800,1.625,50,0.414,0.01625,0.586,0.3813,High,9,115.0
57:58:00,177,28.7,81,1800,2.458333333,50,0.426,0.024583333,0.574,0.419033333,Very High,9,117.0
57:59:00,112,46.1,85,1800,1.555555556,50,0.078,0.015555556,0.922,0.361822222,High,9,177.0
58:00:00,136,40.2,54,1800,1.888888889,50,0.196,0.018888889,0.804,0.262755556,Moderate,10,112.0
58:01:00,152,43.9,46,1800,2.111111111,50,0.122,0.021111111,0.878,0.216844444,Moderate,10,136.0
58:02:00,57,27.5,64,1800,0.791666667,50,0.45,0.007916667,0.55,0.349166667,High,10,152.0
58:03:00,128,38.7,81,1800,1.777777778,50,0.226,0.017777778,0.774,0.376311111,High,10,57.0
58:04:00,108,37.2,56,1800,1.5,50,0.256,0.015,0.744,0.2812,Moderate,10,128.0
58:05:00,67,45.0,79,1800,0.930555556,50,0.1,0.009305556,0.9,0.339722222,High,10,108.0
58:06:00,193,47.2,31,1800,2.680555556,50,0.056,0.026805556,0.944,0.145922222,Low,10,67.0
58:07:00,79,20.4,31,1800,1.097222222,50,0.592,0.010972222,0.408,0.246788889,Moderate,10,193.0
58:08:00,131,40.2,86,1800,1.819444444,50,0.196,0.018194444,0.804,0.390477778,High,10,79.0
58:09:00,87,21.6,80,1800,1.208333333,50,0.568,0.012083333,0.432,0.438433333,Very High,10,131.0
58:10:00,198,36.5,50,1800,2.75,50,0.27,0.0275,0.73,0.265,Moderate,10,87.0
58:11:00,158,28.6,44,1800,2.194444444,50,0.428,0.021944444,0.572,0.270377778,Moderate,10,198.0
58:12:00,136,29.2,82,1800,1.888888889,50,0.416,0.018888889,0.584,0.418755556,Very High,10,158.0
58:13:00,168,30.6,89,1800,2.333333333,50,0.388,0.023333333,0.612,0.442933333,Very High,10,136.0
58:14:00,79,38.6,87,1800,1.097222222,50,0.228,0.010972222,0.772,0.397988889,High,10,168.0
58:15:00,82,30.0,48,1800,1.138888889,50,0.4,0.011388889,0.6,0.276555556,Moderate,10,79.0
58:16:00,116,42.0,73,1800,1.611111111,50,0.16,0.016111111,0.84,0.330444444,High,10,82.0
58:17:00,197,32.1,79,1800,2.736111111,50,0.358,0.027361111,0.642,0.398544444,High,10,116.0
58:18:00,112,22.1,84,1800,1.555555556,50,0.558,0.015555556,0.442,0.453822222,Very High,10,197.0
58:19:00,110,43.5,63,1800,1.527777778,50,0.13,0.015277778,0.87,0.284111111,Moderate,10,112.0
58:20:00,117,28.6,48,1800,1.625,50,0.428,0.01625,0.572,0.2841,Moderate,10,110.0
58:21:00,83,33.0,58,1800,1.152777778,50,0.34,0.011527778,0.66,0.304611111,High,10,117.0
58:22:00,185,40.6,52,1800,2.569444444,50,0.188,0.025694444,0.812,0.255877778,Moderate,10,83.0
58:23:00,95,30.0,81,1800,1.319444444,50,0.4,0.013194444,0.6,0.409277778,Very High,10,185.0
58:24:00,170,21.7,30,1800,2.361111111,50,0.566,0.023611111,0.434,0.242644444,Moderate,10,95.0
58:25:00,147,31.2,30,1800,2.041666667,50,0.376,0.020416667,0.624,0.203366667,Moderate,10,170.0
58:26:00,94,48.3,30,1800,1.305555556,50,0.034,0.013055556,0.966,0.132022222,Low,10,147.0
58:27:00,67,39.3,34,1800,0.930555556,50,0.214,0.009305556,0.786,0.182522222,Low,10,94.0
58:28:00,180,40.1,30,1800,2.5,50,0.198,0.025,0.802,0.1696,Low,10,67.0
58:29:00,71,39.0,70,1800,0.986111111,50,0.22,0.009861111,0.78,0.327944444,High,10,180.0
58:30:00,125,26.0,85,1800,1.736111111,50,0.48,0.017361111,0.52,0.442944444,Very High,10,71.0
58:31:00,133,32.6,73,1800,1.847222222,50,0.348,0.018472222,0.652,0.368988889,High,10,125.0
58:32:00,141,42.5,85,1800,1.958333333,50,0.15,0.019583333,0.85,0.377833333,High,10,133.0
58:33:00,189,23.0,82,1800,2.625,50,0.54,0.02625,0.46,0.4465,Very High,10,141.0
58:34:00,68,28.3,53,1800,0.944444444,50,0.434,0.009444444,0.566,0.302577778,High,10,189.0
58:35:00,150,28.3,44,1800,2.083333333,50,0.434,0.020833333,0.566,0.271133333,Moderate,10,68.0
58:36:00,168,33.0,87,1800,2.333333333,50,0.34,0.023333333,0.66,0.425333333,Very High,10,150.0
58:37:00,198,49.4,86,1800,2.75,50,0.012,0.0275,0.988,0.3574,High,10,168.0
58:38:00,162,22.0,51,1800,2.25,50,0.56,0.0225,0.44,0.325,High,10,198.0
58:39:00,91,35.6,48,1800,1.263888889,50,0.288,0.012638889,0.712,0.254655556,Moderate,10,162.0
58:40:00,97,25.4,38,1800,1.347222222,50,0.492,0.013472222,0.508,0.255788889,Moderate,10,91.0
58:41:00,168,49.1,82,1800,2.333333333,50,0.018,0.023333333,0.982,0.340933333,High,10,97.0
58:42:00,57,23.4,64,1800,0.791666667,50,0.532,0.007916667,0.468,0.365566667,High,10,168.0
58:43:00,171,32.1,90,1800,2.375,50,0.358,0.02375,0.642,0.4411,Very High,10,57.0
58:44:00,115,42.1,49,1800,1.597222222,50,0.158,0.015972222,0.842,0.233988889,Moderate,10,171.0
58:45:00,111,41.1,68,1800,1.541666667,50,0.178,0.015416667,0.822,0.313766667,High,10,115.0
58:46:00,168,32.7,68,1800,2.333333333,50,0.346,0.023333333,0.654,0.350533333,High,10,111.0
58:47:00,135,30.4,58,1800,1.875,50,0.392,0.01875,0.608,0.3179,High,10,168.0
58:48:00,128,31.9,44,1800,1.777777778,50,0.362,0.017777778,0.638,0.255511111,Moderate,10,135.0
58:49:00,154,27.9,74,1800,2.138888889,50,0.442,0.021388889,0.558,0.392955556,High,10,128.0
58:50:00,68,26.2,81,1800,0.944444444,50,0.476,0.009444444,0.524,0.422977778,Very High,10,154.0
58:51:00,101,34.5,57,1800,1.402777778,50,0.31,0.014027778,0.69,0.295611111,Moderate,10,68.0
58:52:00,157,28.1,57,1800,2.180555556,50,0.438,0.021805556,0.562,0.324322222,High,10,101.0
58:53:00,178,28.6,56,1800,2.472222222,50,0.428,0.024722222,0.572,0.319488889,High,10,157.0
58:54:00,92,39.7,46,1800,1.277777778,50,0.206,0.012777778,0.794,0.230311111,Moderate,10,178.0
58:55:00,159,49.1,79,1800,2.208333333,50,0.018,0.022083333,0.982,0.328433333,High,10,92.0
58:56:00,124,38.1,78,1800,1.722222222,50,0.238,0.017222222,0.762,0.366488889,High,10,159.0
58:57:00,134,22.3,59,1800,1.861111111,50,0.554,0.018611111,0.446,0.354244444,High,10,124.0
58:58:00,80,22.3,41,1800,1.111111111,50,0.554,0.011111111,0.446,0.279244444,Moderate,10,134.0
58:59:00,124,48.5,44,1800,1.722222222,50,0.03,0.017222222,0.97,0.188888889,Low,10,80.0
59:00:00,102,28.9,90,1800,1.416666667,50,0.422,0.014166667,0.578,0.450066667,Very High,11,124.0
59:01:00,195,22.8,58,1800,2.708333333,50,0.544,0.027083333,0.456,0.351633333,High,11,102.0
59:02:00,121,38.0,64,1800,1.680555556,50,0.24,0.016805556,0.76,0.310722222,High,11,195.0
59:03:00,95,38.7,40,1800,1.319444444,50,0.226,0.013194444,0.774,0.210477778,Moderate,11,121.0
59:04:00,172,39.5,44,1800,2.388888889,50,0.21,0.023888889,0.79,0.227555556,Moderate,11,95.0
59:05:00,156,28.0,90,1800,2.166666667,50,0.44,0.021666667,0.56,0.456666667,Very High,11,172.0
59:06:00,151,20.5,73,1800,2.097222222,50,0.59,0.020972222,0.41,0.418388889,Very High,11,156.0
59:07:00,85,49.0,53,1800,1.180555556,50,0.02,0.011805556,0.98,0.220722222,Moderate,11,151.0
59:08:00,56,27.5,66,1800,0.777777778,50,0.45,0.007777778,0.55,0.357111111,High,11,85.0
59:09:00,126,40.3,47,1800,1.75,50,0.194,0.0175,0.806,0.2338,Moderate,11,56.0
59:10:00,186,41.2,54,1800,2.583333333,50,0.176,0.025833333,0.824,0.261533333,Moderate,11,126.0
59:11:00,157,38.3,89,1800,2.180555556,50,0.234,0.021805556,0.766,0.411522222,Very High,11,186.0
59:12:00,189,29.4,32,1800,2.625,50,0.412,0.02625,0.588,0.2209,Moderate,11,157.0
59:13:00,132,28.1,34,1800,1.833333333,50,0.438,0.018333333,0.562,0.230933333,Moderate,11,189.0
59:14:00,93,37.9,59,1800,1.291666667,50,0.242,0.012916667,0.758,0.289566667,Moderate,11,132.0
59:15:00,200,46.0,31,1800,2.777777778,50,0.08,0.027777778,0.92,0.151111111,Low,11,93.0
59:16:00,112,48.4,37,1800,1.555555556,50,0.032,0.015555556,0.968,0.160622222,Low,11,200.0
59:17:00,176,23.2,59,1800,2.444444444,50,0.536,0.024444444,0.464,0.352977778,High,11,112.0
59:18:00,77,24.6,89,1800,1.069444444,50,0.508,0.010694444,0.492,0.461877778,Very High,11,176.0
59:19:00,112,48.3,66,1800,1.555555556,50,0.034,0.015555556,0.966,0.277022222,Moderate,11,77.0
59:20:00,146,42.1,49,1800,2.027777778,50,0.158,0.020277778,0.842,0.235711111,Moderate,11,112.0
59:21:00,197,46.5,63,1800,2.736111111,50,0.07,0.027361111,0.93,0.276944444,Moderate,11,146.0
59:22:00,168,26.1,67,1800,2.333333333,50,0.478,0.023333333,0.522,0.372933333,High,11,197.0
59:23:00,188,37.6,87,1800,2.611111111,50,0.248,0.026111111,0.752,0.408044444,Very High,11,168.0
59:24:00,137,41.0,75,1800,1.902777778,50,0.18,0.019027778,0.82,0.343611111,High,11,188.0
59:25:00,100,40.4,32,1800,1.388888889,50,0.192,0.013888889,0.808,0.171955556,Low,11,137.0
59:26:00,191,32.2,82,1800,2.652777778,50,0.356,0.026527778,0.644,0.409811111,Very High,11,100.0
59:27:00,160,20.5,37,1800,2.222222222,50,0.59,0.022222222,0.41,0.274888889,Moderate,11,191.0
59:28:00,161,37.5,83,1800,2.236111111,50,0.25,0.022361111,0.75,0.390944444,High,11,160.0
59:29:00,53,27.6,57,1800,0.736111111,50,0.448,0.007361111,0.552,0.320544444,High,11,161.0
59:30:00,58,33.5,81,1800,0.805555556,50,0.33,0.008055556,0.67,0.393222222,High,11,53.0
59:31:00,98,48.7,41,1800,1.361111111,50,0.026,0.013611111,0.974,0.174644444,Low,11,58.0
59:32:00,59,32.0,74,1800,0.819444444,50,0.36,0.008194444,0.64,0.371277778,High,11,98.0
59:33:00,72,45.2,78,1800,1.0,50,0.096,0.01,0.904,0.3352,High,11,59.0
59:34:00,106,25.7,79,1800,1.472222222,50,0.486,0.014722222,0.514,0.419088889,Very High,11,72.0
59:35:00,67,40.2,83,1800,0.930555556,50,0.196,0.009305556,0.804,0.374922222,High,11,106.0
59:36:00,196,49.3,65,1800,2.722222222,50,0.014,0.027222222,0.986,0.273688889,Moderate,11,67.0
59:37:00,127,23.1,43,1800,1.763888889,50,0.538,0.017638889,0.462,0.286655556,Moderate,11,196.0
59:38:00,195,20.2,40,1800,2.708333333,50,0.596,0.027083333,0.404,0.290033333,Moderate,11,127.0
59:39:00,121,33.0,46,1800,1.680555556,50,0.34,0.016805556,0.66,0.258722222,Moderate,11,195.0
59:40:00,110,22.8,39,1800,1.527777778,50,0.544,0.015277778,0.456,0.270911111,Moderate,11,121.0
59:41:00,192,42.5,74,1800,2.666666667,50,0.15,0.026666667,0.85,0.336666667,High,11,110.0
59:42:00,176,47.4,75,1800,2.444444444,50,0.052,0.024444444,0.948,0.320177778,High,11,192.0
59:43:00,168,33.0,50,1800,2.333333333,50,0.34,0.023333333,0.66,0.277333333,Moderate,11,176.0
59:44:00,155,27.8,67,1800,2.152777778,50,0.444,0.021527778,0.556,0.365411111,High,11,168.0
59:45:00,67,33.0,39,1800,0.930555556,50,0.34,0.009305556,0.66,0.227722222,Moderate,11,155.0
59:46:00,70,41.7,67,1800,0.972222222,50,0.166,0.009722222,0.834,0.305088889,High,11,67.0
59:47:00,126,20.3,42,1800,1.75,50,0.594,0.0175,0.406,0.2938,Moderate,11,70.0
59:48:00,152,37.7,50,1800,2.111111111,50,0.246,0.021111111,0.754,0.257644444,Moderate,11,126.0
59:49:00,58,38.4,33,1800,0.805555556,50,0.232,0.008055556,0.768,0.181622222,Low,11,152.0
59:50:00,67,39.1,44,1800,0.930555556,50,0.218,0.009305556,0.782,0.223322222,Moderate,11,58.0
59:51:00,76,27.3,41,1800,1.055555556,50,0.454,0.010555556,0.546,0.259022222,Moderate,11,67.0
59:52:00,70,41.4,86,1800,0.972222222,50,0.172,0.009722222,0.828,0.382288889,High,11,76.0
59:53:00,68,22.7,44,1800,0.944444444,50,0.546,0.009444444,0.454,0.288977778,Moderate,11,70.0
59:54:00,187,26.0,49,1800,2.597222222,50,0.48,0.025972222,0.52,0.302388889,High,11,68.0
59:55:00,164,46.3,50,1800,2.277777778,50,0.074,0.022777778,0.926,0.223911111,Moderate,11,187.0
59:56:00,141,42.2,48,1800,1.958333333,50,0.156,0.019583333,0.844,0.231033333,Moderate,11,164.0
59:57:00,183,20.4,67,1800,2.541666667,50,0.592,0.025416667,0.408,0.396566667,High,11,141.0
59:58:00,94,27.5,37,1800,1.305555556,50,0.45,0.013055556,0.55,0.243222222,Moderate,11,183.0
59:59:00,80,26.4,35,1800,1.111111111,50,0.472,0.011111111,0.528,0.238844444,Moderate,11,94.0
60:00:00,72,28.1,52,1800,1.0,50,0.438,0.01,0.562,0.2996,Moderate,12,80.0
60:01:00,128,27.4,66,1800,1.777777778,50,0.452,0.017777778,0.548,0.361511111,High,12,72.0
60:02:00,156,21.9,45,1800,2.166666667,50,0.562,0.021666667,0.438,0.301066667,High,12,128.0
60:03:00,169,33.8,90,1800,2.347222222,50,0.324,0.023472222,0.676,0.434188889,Very High,12,156.0
60:04:00,134,42.0,79,1800,1.861111111,50,0.16,0.018611111,0.84,0.355444444,High,12,169.0
60:05:00,143,38.2,32,1800,1.986111111,50,0.236,0.019861111,0.764,0.183144444,Low,12,134.0
60:06:00,86,40.2,81,1800,1.194444444,50,0.196,0.011944444,0.804,0.367977778,High,12,143.0
60:07:00,134,22.4,34,1800,1.861111111,50,0.552,0.018611111,0.448,0.253844444,Moderate,12,86.0
60:08:00,78,48.5,70,1800,1.083333333,50,0.03,0.010833333,0.97,0.290333333,Moderate,12,134.0
60:09:00,50,45.2,40,1800,0.694444444,50,0.096,0.006944444,0.904,0.181977778,Low,12,78.0
60:10:00,64,44.2,34,1800,0.888888889,50,0.116,0.008888889,0.884,0.162755556,Low,12,50.0
60:11:00,65,44.7,65,1800,0.902777778,50,0.106,0.009027778,0.894,0.284811111,Moderate,12,64.0
60:12:00,71,48.0,33,1800,0.986111111,50,0.04,0.009861111,0.96,0.143944444,Low,12,65.0
60:13:00,135,36.3,79,1800,1.875,50,0.274,0.01875,0.726,0.3783,High,12,71.0
60:14:00,90,26.0,64,1800,1.25,50,0.48,0.0125,0.52,0.357,High,12,135.0
60:15:00,134,38.5,31,1800,1.861111111,50,0.23,0.018611111,0.77,0.177444444,Low,12,90.0
60:16:00,81,42.3,40,1800,1.125,50,0.154,0.01125,0.846,0.1953,Low,12,134.0
60:17:00,93,42.1,80,1800,1.291666667,50,0.158,0.012916667,0.842,0.356766667,High,12,81.0
60:18:00,90,35.6,56,1800,1.25,50,0.288,0.0125,0.712,0.2866,Moderate,12,93.0
60:19:00,95,22.1,52,1800,1.319444444,50,0.558,0.013194444,0.442,0.324877778,High,12,90.0
60:20:00,135,31.1,85,1800,1.875,50,0.378,0.01875,0.622,0.4231,Very High,12,95.0
60:21:00,67,47.6,56,1800,0.930555556,50,0.048,0.009305556,0.952,0.237322222,Moderate,12,135.0
60:22:00,170,37.5,55,1800,2.361111111,50,0.25,0.023611111,0.75,0.279444444,Moderate,12,67.0
60:23:00,139,36.1,82,1800,1.930555556,50,0.278,0.019305556,0.722,0.391322222,High,12,170.0
60:24:00,102,28.1,56,1800,1.416666667,50,0.438,0.014166667,0.562,0.317266667,High,12,139.0
60:25:00,161,31.1,42,1800,2.236111111,50,0.378,0.022361111,0.622,0.252544444,Moderate,12,102.0
60:26:00,52,46.9,78,1800,0.722222222,50,0.062,0.007222222,0.938,0.327288889,High,12,161.0
60:27:00,100,40.0,73,1800,1.388888889,50,0.2,0.013888889,0.8,0.337555556,High,12,52.0
60:28:00,143,43.6,77,1800,1.986111111,50,0.128,0.019861111,0.872,0.341544444,High,12,100.0
60:29:00,97,33.6,59,1800,1.347222222,50,0.328,0.013472222,0.672,0.306988889,High,12,143.0
60:30:00,199,38.9,79,1800,2.763888889,50,0.222,0.027638889,0.778,0.371455556,High,12,97.0
60:31:00,55,27.5,87,1800,0.763888889,50,0.45,0.007638889,0.55,0.441055556,Very High,12,199.0
60:32:00,160,41.2,36,1800,2.222222222,50,0.176,0.022222222,0.824,0.188088889,Low,12,55.0
60:33:00,66,32.8,64,1800,0.916666667,50,0.344,0.009166667,0.656,0.328466667,High,12,160.0
60:34:00,87,33.3,73,1800,1.208333333,50,0.334,0.012083333,0.666,0.363633333,High,12,66.0
60:35:00,87,39.5,44,1800,1.208333333,50,0.21,0.012083333,0.79,0.222833333,Moderate,12,87.0
60:36:00,142,48.1,31,1800,1.972222222,50,0.038,0.019722222,0.962,0.139488889,Low,12,87.0
60:37:00,147,21.9,67,1800,2.041666667,50,0.562,0.020416667,0.438,0.388566667,High,12,142.0
60:38:00,94,44.7,58,1800,1.305555556,50,0.106,0.013055556,0.894,0.258422222,Moderate,12,147.0
60:39:00,175,28.8,38,1800,2.430555556,50,0.424,0.024305556,0.576,0.246522222,Moderate,12,94.0
60:40:00,104,33.3,81,1800,1.444444444,50,0.334,0.014444444,0.666,0.396577778,High,12,175.0
60:41:00,194,20.7,86,1800,2.694444444,50,0.586,0.026944444,0.414,0.471977778,Very High,12,104.0
60:42:00,96,29.0,43,1800,1.333333333,50,0.42,0.013333333,0.58,0.261333333,Moderate,12,194.0
60:43:00,127,35.1,81,1800,1.763888889,50,0.298,0.017638889,0.702,0.390655556,High,12,96.0
60:44:00,57,21.7,44,1800,0.791666667,50,0.566,0.007916667,0.434,0.292366667,Moderate,12,127.0
60:45:00,112,34.7,43,1800,1.555555556,50,0.306,0.015555556,0.694,0.239422222,Moderate,12,57.0
60:46:00,194,47.8,88,1800,2.694444444,50,0.044,0.026944444,0.956,0.371577778,High,12,112.0
60:47:00,105,23.2,34,1800,1.458333333,50,0.536,0.014583333,0.464,0.249033333,Moderate,12,194.0
60:48:00,162,42.9,81,1800,2.25,50,0.142,0.0225,0.858,0.3614,High,12,105.0
60:49:00,56,32.3,57,1800,0.777777778,50,0.354,0.007777778,0.646,0.301911111,High,12,162.0
60:50:00,103,39.7,71,1800,1.430555556,50,0.206,0.014305556,0.794,0.330922222,High,12,56.0
60:51:00,73,27.8,83,1800,1.013888889,50,0.444,0.010138889,0.556,0.424855556,Very High,12,103.0
60:52:00,117,24.8,74,1800,1.625,50,0.504,0.01625,0.496,0.4033,Very High,12,73.0
60:53:00,143,24.8,73,1800,1.986111111,50,0.504,0.019861111,0.496,0.400744444,Very High,12,117.0
60:54:00,178,22.1,89,1800,2.472222222,50,0.558,0.024722222,0.442,0.477488889,Very High,12,143.0
60:55:00,51,25.6,89,1800,0.708333333,50,0.488,0.007083333,0.512,0.456433333,Very High,12,178.0
60:56:00,197,39.9,77,1800,2.736111111,50,0.202,0.027361111,0.798,0.359344444,High,12,51.0
60:57:00,124,46.5,32,1800,1.722222222,50,0.07,0.017222222,0.93,0.148888889,Low,12,197.0
60:58:00,173,44.4,84,1800,2.402777778,50,0.112,0.024027778,0.888,0.368011111,High,12,124.0
60:59:00,112,40.6,81,1800,1.555555556,50,0.188,0.015555556,0.812,0.367822222,High,12,173.0
61:00:00,171,23.3,84,1800,2.375,50,0.534,0.02375,0.466,0.4523,Very High,13,112.0
61:01:00,67,28.7,56,1800,0.930555556,50,0.426,0.009305556,0.574,0.312922222,High,13,171.0
61:02:00,187,29.3,58,1800,2.597222222,50,0.414,0.025972222,0.586,0.325188889,High,13,67.0
61:03:00,172,27.5,56,1800,2.388888889,50,0.45,0.023888889,0.55,0.323555556,High,13,187.0
61:04:00,135,35.5,49,1800,1.875,50,0.29,0.01875,0.71,0.2615,Moderate,13,172.0
61:05:00,128,36.1,58,1800,1.777777778,50,0.278,0.017777778,0.722,0.294711111,Moderate,13,135.0
61:06:00,137,30.7,47,1800,1.902777778,50,0.386,0.019027778,0.614,0.272811111,Moderate,13,128.0
61:07:00,82,30.6,40,1800,1.138888889,50,0.388,0.011388889,0.612,0.242155556,Moderate,13,137.0
61:08:00,120,44.9,60,1800,1.666666667,50,0.102,0.016666667,0.898,0.267066667,Moderate,13,82.0
61:09:00,145,43.7,34,1800,2.013888889,50,0.126,0.020138889,0.874,0.169255556,Low,13,120.0
61:10:00,111,29.2,72,1800,1.541666667,50,0.416,0.015416667,0.584,0.377366667,High,13,145.0
61:11:00,143,47.4,79,1800,1.986111111,50,0.052,0.019861111,0.948,0.334344444,High,13,111.0
61:12:00,160,48.6,56,1800,2.222222222,50,0.028,0.022222222,0.972,0.238488889,Moderate,13,143.0
61:13:00,144,29.8,81,1800,2.0,50,0.404,0.02,0.596,0.4128,Very High,13,160.0
61:14:00,99,30.6,78,1800,1.375,50,0.388,0.01375,0.612,0.3951,High,13,144.0
61:15:00,81,35.2,80,1800,1.125,50,0.296,0.01125,0.704,0.3837,High,13,99.0
61:16:00,187,48.2,59,1800,2.597222222,50,0.036,0.025972222,0.964,0.253588889,Moderate,13,81.0
61:17:00,119,46.3,70,1800,1.652777778,50,0.074,0.016527778,0.926,0.301411111,High,13,187.0
61:18:00,57,23.1,76,1800,0.791666667,50,0.538,0.007916667,0.462,0.414766667,Very High,13,119.0
61:19:00,158,31.8,82,1800,2.194444444,50,0.364,0.021944444,0.636,0.409577778,Very High,13,57.0
61:20:00,162,36.6,77,1800,2.25,50,0.268,0.0225,0.732,0.3706,High,13,158.0
61:21:00,134,35.1,85,1800,1.861111111,50,0.298,0.018611111,0.702,0.407044444,Very High,13,162.0
61:22:00,112,25.8,33,1800,1.555555556,50,0.484,0.015555556,0.516,0.235022222,Moderate,13,134.0
61:23:00,194,45.8,34,1800,2.694444444,50,0.084,0.026944444,0.916,0.163577778,Low,13,112.0
61:24:00,157,40.3,78,1800,2.180555556,50,0.194,0.021805556,0.806,0.359522222,High,13,194.0
61:25:00,146,45.1,39,1800,2.027777778,50,0.098,0.020277778,0.902,0.183711111,Low,13,157.0
61:26:00,99,45.8,45,1800,1.375,50,0.084,0.01375,0.916,0.2023,Moderate,13,146.0
61:27:00,51,42.5,83,1800,0.708333333,50,0.15,0.007083333,0.85,0.364833333,High,13,99.0
61:28:00,127,33.2,77,1800,1.763888889,50,0.336,0.017638889,0.664,0.382255556,High,13,51.0
61:29:00,118,38.3,77,1800,1.638888889,50,0.234,0.016388889,0.766,0.361355556,High,13,127.0
61:30:00,153,24.8,68,1800,2.125,50,0.504,0.02125,0.496,0.3813,High,13,118.0
61:31:00,126,40.2,42,1800,1.75,50,0.196,0.0175,0.804,0.2142,Moderate,13,153.0
61:32:00,134,25.4,77,1800,1.861111111,50,0.492,0.018611111,0.508,0.413844444,Very High,13,126.0
61:33:00,74,40.8,67,1800,1.027777778,50,0.184,0.010277778,0.816,0.308911111,High,13,134.0
61:34:00,71,26.9,33,1800,0.986111111,50,0.462,0.009861111,0.538,0.228344444,Moderate,13,74.0
61:35:00,85,23.5,90,1800,1.180555556,50,0.53,0.011805556,0.47,0.470722222,Very High,13,71.0
61:36:00,156,25.0,73,1800,2.166666667,50,0.5,0.021666667,0.5,0.400666667,Very High,13,85.0
61:37:00,146,20.1,53,1800,2.027777778,50,0.598,0.020277778,0.402,0.339711111,High,13,156.0
61:38:00,133,41.6,50,1800,1.847222222,50,0.168,0.018472222,0.832,0.240988889,Moderate,13,146.0
61:39:00,133,42.0,53,1800,1.847222222,50,0.16,0.018472222,0.84,0.251388889,Moderate,13,133.0
61:40:00,55,35.4,43,1800,0.763888889,50,0.292,0.007638889,0.708,0.233455556,Moderate,13,133.0
61:41:00,89,24.8,88,1800,1.236111111,50,0.504,0.012361111,0.496,0.457744444,Very High,13,55.0
61:42:00,86,22.5,78,1800,1.194444444,50,0.55,0.011944444,0.45,0.426777778,Very High,13,89.0
61:43:00,179,20.6,43,1800,2.486111111,50,0.588,0.024861111,0.412,0.299544444,Moderate,13,86.0
61:44:00,52,25.0,65,1800,0.722222222,50,0.5,0.007222222,0.5,0.362888889,High,13,179.0
61:45:00,161,46.7,59,1800,2.236111111,50,0.066,0.022361111,0.934,0.258144444,Moderate,13,52.0
61:46:00,134,27.2,40,1800,1.861111111,50,0.456,0.018611111,0.544,0.258644444,Moderate,13,161.0
61:47:00,180,30.6,69,1800,2.5,50,0.388,0.025,0.612,0.3636,High,13,134.0
61:48:00,154,23.2,51,1800,2.138888889,50,0.536,0.021388889,0.464,0.319755556,High,13,180.0
61:49:00,158,26.7,58,1800,2.194444444,50,0.466,0.021944444,0.534,0.333977778,High,13,154.0
61:50:00,148,35.6,40,1800,2.055555556,50,0.288,0.020555556,0.712,0.225822222,Moderate,13,158.0
61:51:00,163,38.2,36,1800,2.263888889,50,0.236,0.022638889,0.764,0.200255556,Moderate,13,148.0
61:52:00,147,27.4,79,1800,2.041666667,50,0.452,0.020416667,0.548,0.414566667,Very High,13,163.0
61:53:00,78,21.7,46,1800,1.083333333,50,0.566,0.010833333,0.434,0.301533333,High,13,147.0
61:54:00,63,31.7,49,1800,0.875,50,0.366,0.00875,0.634,0.2727,Moderate,13,78.0
61:55:00,137,27.0,83,1800,1.902777778,50,0.46,0.019027778,0.54,0.431611111,Very High,13,63.0
61:56:00,136,26.6,30,1800,1.888888889,50,0.468,0.018888889,0.532,0.221155556,Moderate,13,137.0
61:57:00,171,48.8,69,1800,2.375,50,0.024,0.02375,0.976,0.2903,Moderate,13,136.0
61:58:00,176,38.5,42,1800,2.444444444,50,0.23,0.024444444,0.77,0.223777778,Moderate,13,171.0
61:59:00,197,36.7,65,1800,2.736111111,50,0.266,0.027361111,0.734,0.324144444,High,13,176.0
62:00:00,195,32.5,86,1800,2.708333333,50,0.35,0.027083333,0.65,0.424833333,Very High,14,197.0
62:01:00,188,32.9,90,1800,2.611111111,50,0.342,0.026111111,0.658,0.438844444,Very High,14,195.0
62:02:00,61,36.2,79,1800,0.847222222,50,0.276,0.008472222,0.724,0.374588889,High,14,188.0
62:03:00,150,40.9,59,1800,2.083333333,50,0.182,0.020833333,0.818,0.280733333,Moderate,14,61.0
62:04:00,122,41.1,79,1800,1.694444444,50,0.178,0.016944444,0.822,0.358377778,High,14,150.0
62:05:00,138,25.2,43,1800,1.916666667,50,0.496,0.019166667,0.504,0.278866667,Moderate,14,122.0
62:06:00,191,35.0,59,1800,2.652777778,50,0.3,0.026527778,0.7,0.306611111,High,14,138.0
62:07:00,164,32.4,68,1800,2.277777778,50,0.352,0.022777778,0.648,0.351511111,High,14,191.0
62:08:00,176,46.1,39,1800,2.444444444,50,0.078,0.024444444,0.922,0.181377778,Low,14,164.0
62:09:00,62,38.9,86,1800,0.861111111,50,0.222,0.008611111,0.778,0.391844444,High,14,176.0
62:10:00,80,36.0,53,1800,1.111111111,50,0.28,0.011111111,0.72,0.272444444,Moderate,14,62.0
62:11:00,73,23.5,60,1800,1.013888889,50,0.53,0.010138889,0.47,0.350055556,High,14,80.0
62:12:00,101,38.2,53,1800,1.402777778,50,0.236,0.014027778,0.764,0.264811111,Moderate,14,73.0
62:13:00,154,23.5,59,1800,2.138888889,50,0.53,0.021388889,0.47,0.350555556,High,14,101.0
62:14:00,93,30.1,66,1800,1.291666667,50,0.398,0.012916667,0.602,0.348766667,High,14,154.0
62:15:00,143,24.3,57,1800,1.986111111,50,0.514,0.019861111,0.486,0.338744444,High,14,93.0
62:16:00,64,40.8,72,1800,0.888888889,50,0.184,0.008888889,0.816,0.328355556,High,14,143.0
62:17:00,199,26.2,66,1800,2.763888889,50,0.476,0.027638889,0.524,0.370255556,High,14,64.0
62:18:00,198,31.8,90,1800,2.75,50,0.364,0.0275,0.636,0.4438,Very High,14,199.0
62:19:00,115,46.9,59,1800,1.597222222,50,0.062,0.015972222,0.938,0.254788889,Moderate,14,198.0
62:20:00,198,26.1,40,1800,2.75,50,0.478,0.0275,0.522,0.2666,Moderate,14,115.0
62:21:00,106,35.2,59,1800,1.472222222,50,0.296,0.014722222,0.704,0.301088889,High,14,198.0
62:22:00,152,32.6,67,1800,2.111111111,50,0.348,0.021111111,0.652,0.346044444,High,14,106.0
62:23:00,73,20.5,54,1800,1.013888889,50,0.59,0.010138889,0.41,0.338055556,High,14,152.0
62:24:00,117,43.8,52,1800,1.625,50,0.124,0.01625,0.876,0.2393,Moderate,14,73.0
62:25:00,108,22.1,65,1800,1.5,50,0.558,0.015,0.442,0.3776,High,14,117.0
62:26:00,168,34.2,80,1800,2.333333333,50,0.316,0.023333333,0.684,0.392533333,High,14,108.0
62:27:00,131,36.8,49,1800,1.819444444,50,0.264,0.018194444,0.736,0.256077778,Moderate,14,168.0
62:28:00,126,38.9,49,1800,1.75,50,0.222,0.0175,0.778,0.2474,Moderate,14,131.0
62:29:00,124,40.7,65,1800,1.722222222,50,0.186,0.017222222,0.814,0.304088889,High,14,126.0
62:30:00,195,27.6,62,1800,2.708333333,50,0.448,0.027083333,0.552,0.348433333,High,14,124.0
62:31:00,79,20.3,56,1800,1.097222222,50,0.594,0.010972222,0.406,0.347188889,High,14,195.0
62:32:00,159,41.7,75,1800,2.208333333,50,0.166,0.022083333,0.834,0.342033333,High,14,79.0
62:33:00,192,36.1,68,1800,2.666666667,50,0.278,0.026666667,0.722,0.338266667,High,14,159.0
62:34:00,106,45.1,51,1800,1.472222222,50,0.098,0.014722222,0.902,0.229488889,Moderate,14,192.0
62:35:00,199,44.6,71,1800,2.763888889,50,0.108,0.027638889,0.892,0.316655556,High,14,106.0
62:36:00,186,45.3,36,1800,2.583333333,50,0.094,0.025833333,0.906,0.173133333,Low,14,199.0
62:37:00,141,34.6,89,1800,1.958333333,50,0.308,0.019583333,0.692,0.425433333,Very High,14,186.0
62:38:00,197,30.0,72,1800,2.736111111,50,0.4,0.027361111,0.6,0.378944444,High,14,141.0
62:39:00,73,43.7,39,1800,1.013888889,50,0.126,0.010138889,0.874,0.185255556,Low,14,197.0
62:40:00,161,33.5,31,1800,2.236111111,50,0.33,0.022361111,0.67,0.198944444,Low,14,73.0
62:41:00,126,25.5,69,1800,1.75,50,0.49,0.0175,0.51,0.381,High,14,161.0
62:42:00,85,45.6,88,1800,1.180555556,50,0.088,0.011805556,0.912,0.374322222,High,14,126.0
62:43:00,107,46.5,67,1800,1.486111111,50,0.07,0.014861111,0.93,0.287944444,Moderate,14,85.0
62:44:00,53,34.0,56,1800,0.736111111,50,0.32,0.007361111,0.68,0.290944444,Moderate,14,107.0
62:45:00,185,22.3,67,1800,2.569444444,50,0.554,0.025694444,0.446,0.389077778,High,14,53.0
62:46:00,134,31.6,66,1800,1.861111111,50,0.368,0.018611111,0.632,0.345044444,High,14,185.0
62:47:00,54,44.1,50,1800,0.75,50,0.118,0.0075,0.882,0.2266,Moderate,14,134.0
62:48:00,67,47.1,76,1800,0.930555556,50,0.058,0.009305556,0.942,0.319322222,High,14,54.0
62:49:00,190,26.1,34,1800,2.638888889,50,0.478,0.026388889,0.522,0.242155556,Moderate,14,67.0
62:50:00,139,22.0,75,1800,1.930555556,50,0.56,0.019305556,0.44,0.419722222,Very High,14,190.0
62:51:00,65,46.3,53,1800,0.902777778,50,0.074,0.009027778,0.926,0.230411111,Moderate,14,139.0
62:52:00,167,31.7,76,1800,2.319444444,50,0.366,0.023194444,0.634,0.386477778,High,14,65.0
62:53:00,103,36.3,49,1800,1.430555556,50,0.274,0.014305556,0.726,0.256522222,Moderate,14,167.0
62:54:00,132,49.0,51,1800,1.833333333,50,0.02,0.018333333,0.98,0.215333333,Moderate,14,103.0
62:55:00,162,22.0,40,1800,2.25,50,0.56,0.0225,0.44,0.281,Moderate,14,132.0
62:56:00,137,39.4,67,1800,1.902777778,50,0.212,0.019027778,0.788,0.318011111,High,14,162.0
62:57:00,101,22.2,32,1800,1.402777778,50,0.556,0.014027778,0.444,0.244811111,Moderate,14,137.0
62:58:00,129,31.3,89,1800,1.791666667,50,0.374,0.017916667,0.626,0.437966667,Very High,14,101.0
62:59:00,115,44.1,72,1800,1.597222222,50,0.118,0.015972222,0.882,0.317988889,High,14,129.0
63:00:00,79,33.0,39,1800,1.097222222,50,0.34,0.010972222,0.66,0.228388889,Moderate,15,115.0
63:01:00,65,49.9,38,1800,0.902777778,50,0.002,0.009027778,0.998,0.156011111,Low,15,79.0
63:02:00,84,36.8,39,1800,1.166666667,50,0.264,0.011666667,0.736,0.213466667,Moderate,15,65.0
63:03:00,100,29.6,77,1800,1.388888889,50,0.408,0.013888889,0.592,0.395155556,High,15,84.0
63:04:00,161,26.6,68,1800,2.236111111,50,0.468,0.022361111,0.532,0.374544444,High,15,100.0
63:05:00,163,30.5,65,1800,2.263888889,50,0.39,0.022638889,0.61,0.347055556,High,15,161.0
63:06:00,177,31.2,39,1800,2.458333333,50,0.376,0.024583333,0.624,0.241033333,Moderate,15,163.0
63:07:00,185,22.1,58,1800,2.569444444,50,0.558,0.025694444,0.442,0.353877778,High,15,177.0
63:08:00,180,31.1,75,1800,2.5,50,0.378,0.025,0.622,0.3856,High,15,185.0
63:09:00,81,33.9,81,1800,1.125,50,0.322,0.01125,0.678,0.3929,High,15,180.0
63:10:00,93,41.7,83,1800,1.291666667,50,0.166,0.012916667,0.834,0.370366667,High,15,81.0
63:11:00,154,39.7,36,1800,2.138888889,50,0.206,0.021388889,0.794,0.193755556,Low,15,93.0
63:12:00,190,41.3,81,1800,2.638888889,50,0.174,0.026388889,0.826,0.369355556,High,15,154.0
63:13:00,51,20.3,88,1800,0.708333333,50,0.594,0.007083333,0.406,0.473633333,Very High,15,190.0
63:14:00,170,26.5,75,1800,2.361111111,50,0.47,0.023611111,0.53,0.403444444,Very High,15,51.0
63:15:00,196,39.9,73,1800,2.722222222,50,0.202,0.027222222,0.798,0.343288889,High,15,170.0
63:16:00,96,34.5,49,1800,1.333333333,50,0.31,0.013333333,0.69,0.263333333,Moderate,15,196.0
63:17:00,151,20.2,35,1800,2.097222222,50,0.596,0.020972222,0.404,0.267588889,Moderate,15,96.0
63:18:00,175,44.1,45,1800,2.430555556,50,0.118,0.024305556,0.882,0.213322222,Moderate,15,151.0
63:19:00,166,43.2,45,1800,2.305555556,50,0.136,0.023055556,0.864,0.216422222,Moderate,15,175.0
63:20:00,185,36.5,59,1800,2.569444444,50,0.27,0.025694444,0.73,0.300277778,High,15,166.0
63:21:00,71,22.0,39,1800,0.986111111,50,0.56,0.009861111,0.44,0.271944444,Moderate,15,185.0
63:22:00,101,43.0,39,1800,1.402777778,50,0.14,0.014027778,0.86,0.189611111,Low,15,71.0
63:23:00,90,37.5,43,1800,1.25,50,0.25,0.0125,0.75,0.227,Moderate,15,101.0
63:24:00,127,43.5,77,1800,1.763888889,50,0.13,0.017638889,0.87,0.341055556,High,15,90.0
63:25:00,180,42.6,32,1800,2.5,50,0.148,0.025,0.852,0.1676,Low,15,127.0
63:26:00,166,44.1,67,1800,2.305555556,50,0.118,0.023055556,0.882,0.300822222,High,15,180.0
63:27:00,110,35.5,68,1800,1.527777778,50,0.29,0.015277778,0.71,0.336111111,High,15,166.0
63:28:00,93,24.2,33,1800,1.291666667,50,0.516,0.012916667,0.484,0.240366667,Moderate,15,110.0
63:29:00,71,40.1,36,1800,0.986111111,50,0.198,0.009861111,0.802,0.187544444,Low,15,93.0
63:30:00,97,38.6,62,1800,1.347222222,50,0.228,0.013472222,0.772,0.298988889,Moderate,15,71.0
63:31:00,163,42.3,75,1800,2.263888889,50,0.154,0.022638889,0.846,0.339855556,High,15,97.0
63:32:00,156,25.1,66,1800,2.166666667,50,0.498,0.021666667,0.502,0.372266667,High,15,163.0
63:33:00,156,25.8,63,1800,2.166666667,50,0.484,0.021666667,0.516,0.357466667,High,15,156.0
63:34:00,124,46.7,78,1800,1.722222222,50,0.066,0.017222222,0.934,0.332088889,High,15,156.0
63:35:00,107,42.5,54,1800,1.486111111,50,0.15,0.014861111,0.85,0.251944444,Moderate,15,124.0
63:36:00,95,47.2,72,1800,1.319444444,50,0.056,0.013194444,0.944,0.304477778,High,15,107.0
63:37:00,168,42.8,31,1800,2.333333333,50,0.144,0.023333333,0.856,0.162133333,Low,15,95.0
63:38:00,71,37.9,90,1800,0.986111111,50,0.242,0.009861111,0.758,0.412344444,Very High,15,168.0
63:39:00,79,39.6,66,1800,1.097222222,50,0.208,0.010972222,0.792,0.309988889,High,15,71.0
63:40:00,143,46.7,50,1800,1.986111111,50,0.066,0.019861111,0.934,0.221144444,Moderate,15,79.0
63:41:00,148,37.4,89,1800,2.055555556,50,0.252,0.020555556,0.748,0.414622222,Very High,15,143.0
63:42:00,181,39.0,63,1800,2.513888889,50,0.22,0.025138889,0.78,0.306055556,High,15,148.0
63:43:00,116,24.7,87,1800,1.611111111,50,0.506,0.016111111,0.494,0.455644444,Very High,15,181.0
63:44:00,82,34.2,87,1800,1.138888889,50,0.316,0.011388889,0.684,0.415755556,Very High,15,116.0
63:45:00,171,41.5,70,1800,2.375,50,0.17,0.02375,0.83,0.3235,High,15,82.0
63:46:00,78,28.1,44,1800,1.083333333,50,0.438,0.010833333,0.562,0.267933333,Moderate,15,171.0
63:47:00,172,26.1,34,1800,2.388888889,50,0.478,0.023888889,0.522,0.241155556,Moderate,15,78.0
63:48:00,131,29.4,43,1800,1.819444444,50,0.412,0.018194444,0.588,0.261677778,Moderate,15,172.0
63:49:00,123,27.2,44,1800,1.708333333,50,0.456,0.017083333,0.544,0.274033333,Moderate,15,131.0
63:50:00,101,26.4,36,1800,1.402777778,50,0.472,0.014027778,0.528,0.244011111,Moderate,15,123.0
63:51:00,189,32.7,68,1800,2.625,50,0.346,0.02625,0.654,0.3517,High,15,101.0
63:52:00,65,47.2,89,1800,0.902777778,50,0.056,0.009027778,0.944,0.370811111,High,15,189.0
63:53:00,113,35.2,83,1800,1.569444444,50,0.296,0.015694444,0.704,0.397477778,High,15,65.0
63:54:00,68,25.6,31,1800,0.944444444,50,0.488,0.009444444,0.512,0.225377778,Moderate,15,113.0
63:55:00,79,22.3,34,1800,1.097222222,50,0.554,0.010972222,0.446,0.251188889,Moderate,15,68.0
63:56:00,130,40.9,69,1800,1.805555556,50,0.182,0.018055556,0.818,0.319622222,High,15,79.0
63:57:00,59,31.5,57,1800,0.819444444,50,0.37,0.008194444,0.63,0.305277778,High,15,130.0
63:58:00,190,44.7,64,1800,2.638888889,50,0.106,0.026388889,0.894,0.287755556,Moderate,15,59.0
63:59:00,179,39.8,90,1800,2.486111111,50,0.204,0.024861111,0.796,0.410744444,Very High,15,190.0
64:00:00,118,43.9,81,1800,1.638888889,50,0.122,0.016388889,0.878,0.354955556,High,16,179.0
64:01:00,184,28.2,31,1800,2.555555556,50,0.436,0.025555556,0.564,0.221422222,Moderate,16,118.0
64:02:00,63,40.8,43,1800,0.875,50,0.184,0.00875,0.816,0.2123,Moderate,16,184.0
64:03:00,158,27.9,90,1800,2.194444444,50,0.442,0.021944444,0.558,0.457177778,Very High,16,63.0
64:04:00,125,48.2,77,1800,1.736111111,50,0.036,0.017361111,0.964,0.322144444,High,16,158.0
64:05:00,146,39.1,33,1800,2.027777778,50,0.218,0.020277778,0.782,0.183711111,Low,16,125.0
64:06:00,174,29.7,31,1800,2.416666667,50,0.406,0.024166667,0.594,0.214866667,Moderate,16,146.0
64:07:00,185,28.1,37,1800,2.569444444,50,0.438,0.025694444,0.562,0.245877778,Moderate,16,174.0
64:08:00,188,25.7,57,1800,2.611111111,50,0.486,0.026111111,0.514,0.335644444,High,16,185.0
64:09:00,109,40.8,52,1800,1.513888889,50,0.184,0.015138889,0.816,0.250855556,Moderate,16,188.0
64:10:00,97,26.6,78,1800,1.347222222,50,0.468,0.013472222,0.532,0.410988889,Very High,16,109.0
64:11:00,64,37.9,82,1800,0.888888889,50,0.242,0.008888889,0.758,0.379955556,High,16,97.0
64:12:00,182,27.9,34,1800,2.527777778,50,0.442,0.025277778,0.558,0.234511111,Moderate,16,64.0
64:13:00,177,39.9,66,1800,2.458333333,50,0.202,0.024583333,0.798,0.314233333,High,16,182.0
64:14:00,60,44.4,55,1800,0.833333333,50,0.112,0.008333333,0.888,0.245733333,Moderate,16,177.0
64:15:00,186,43.3,84,1800,2.583333333,50,0.134,0.025833333,0.866,0.373133333,High,16,60.0
64:16:00,94,42.8,75,1800,1.305555556,50,0.144,0.013055556,0.856,0.334022222,High,16,186.0
64:17:00,122,25.6,58,1800,1.694444444,50,0.488,0.016944444,0.512,0.336377778,High,16,94.0
64:18:00,168,22.7,78,1800,2.333333333,50,0.546,0.023333333,0.454,0.430533333,Very High,16,122.0
64:19:00,76,41.0,37,1800,1.055555556,50,0.18,0.010555556,0.82,0.188222222,Low,16,168.0
64:20:00,126,31.1,61,1800,1.75,50,0.378,0.0175,0.622,0.3266,High,16,76.0
64:21:00,190,33.0,30,1800,2.638888889,50,0.34,0.026388889,0.66,0.198555556,Low,16,126.0
64:22:00,120,20.9,74,1800,1.666666667,50,0.582,0.016666667,0.418,0.419066667,Very High,16,190.0
64:23:00,191,27.8,39,1800,2.652777778,50,0.444,0.026527778,0.556,0.255411111,Moderate,16,120.0
64:24:00,130,21.0,34,1800,1.805555556,50,0.58,0.018055556,0.42,0.259222222,Moderate,16,191.0
64:25:00,192,46.4,57,1800,2.666666667,50,0.072,0.026666667,0.928,0.253066667,Moderate,16,130.0
64:26:00,171,27.3,41,1800,2.375,50,0.454,0.02375,0.546,0.2643,Moderate,16,192.0
64:27:00,81,36.7,36,1800,1.125,50,0.266,0.01125,0.734,0.2017,Moderate,16,171.0
64:28:00,76,21.2,33,1800,1.055555556,50,0.576,0.010555556,0.424,0.251422222,Moderate,16,81.0
64:29:00,128,40.0,73,1800,1.777777778,50,0.2,0.017777778,0.8,0.339111111,High,16,76.0
64:30:00,101,29.7,65,1800,1.402777778,50,0.406,0.014027778,0.594,0.346811111,High,16,128.0
64:31:00,184,46.9,61,1800,2.555555556,50,0.062,0.025555556,0.938,0.266622222,Moderate,16,101.0
64:32:00,100,46.6,90,1800,1.388888889,50,0.068,0.013888889,0.932,0.379155556,High,16,184.0
64:33:00,121,29.8,37,1800,1.680555556,50,0.404,0.016805556,0.596,0.235522222,Moderate,16,100.0
64:34:00,77,47.0,89,1800,1.069444444,50,0.06,0.010694444,0.94,0.372277778,High,16,121.0
64:35:00,118,49.9,53,1800,1.638888889,50,0.002,0.016388889,0.998,0.218955556,Moderate,16,77.0
64:36:00,112,44.8,34,1800,1.555555556,50,0.104,0.015555556,0.896,0.163022222,Low,16,118.0
64:37:00,109,45.3,38,1800,1.513888889,50,0.094,0.015138889,0.906,0.176855556,Low,16,112.0
64:38:00,156,27.5,39,1800,2.166666667,50,0.45,0.021666667,0.55,0.254666667,Moderate,16,109.0
64:39:00,154,37.3,88,1800,2.138888889,50,0.254,0.021388889,0.746,0.411355556,Very High,16,156.0
64:40:00,132,22.0,86,1800,1.833333333,50,0.56,0.018333333,0.44,0.463333333,Very High,16,154.0
64:41:00,147,22.8,57,1800,2.041666667,50,0.544,0.020416667,0.456,0.344966667,High,16,132.0
64:42:00,103,50.0,87,1800,1.430555556,50,0.0,0.014305556,1.0,0.353722222,High,16,147.0
64:43:00,96,29.8,90,1800,1.333333333,50,0.404,0.013333333,0.596,0.446133333,Very High,16,103.0
64:44:00,96,42.4,32,1800,1.333333333,50,0.152,0.013333333,0.848,0.163733333,Low,16,96.0
64:45:00,91,44.2,86,1800,1.263888889,50,0.116,0.012638889,0.884,0.372255556,High,16,96.0
64:46:00,192,45.7,42,1800,2.666666667,50,0.086,0.026666667,0.914,0.195866667,Low,16,91.0
64:47:00,129,49.9,81,1800,1.791666667,50,0.002,0.017916667,0.998,0.331566667,High,16,192.0
64:48:00,157,27.2,84,1800,2.180555556,50,0.456,0.021805556,0.544,0.435922222,Very High,16,129.0
64:49:00,141,21.2,89,1800,1.958333333,50,0.576,0.019583333,0.424,0.479033333,Very High,16,157.0
64:50:00,146,32.3,77,1800,2.027777778,50,0.354,0.020277778,0.646,0.386911111,High,16,141.0
64:51:00,83,23.9,31,1800,1.152777778,50,0.522,0.011527778,0.478,0.233011111,Moderate,16,146.0
64:52:00,124,20.7,79,1800,1.722222222,50,0.586,0.017222222,0.414,0.440088889,Very High,16,83.0
64:53:00,171,30.8,64,1800,2.375,50,0.384,0.02375,0.616,0.3423,High,16,124.0
64:54:00,163,43.5,62,1800,2.263888889,50,0.13,0.022638889,0.87,0.283055556,Moderate,16,171.0
64:55:00,179,37.0,90,1800,2.486111111,50,0.26,0.024861111,0.74,0.421944444,Very High,16,163.0
64:56:00,88,29.4,61,1800,1.222222222,50,0.412,0.012222222,0.588,0.331288889,High,16,179.0
64:57:00,125,39.6,72,1800,1.736111111,50,0.208,0.017361111,0.792,0.336544444,High,16,88.0
64:58:00,119,27.0,32,1800,1.652777778,50,0.46,0.016527778,0.54,0.226611111,Moderate,16,125.0
64:59:00,71,20.4,40,1800,0.986111111,50,0.592,0.009861111,0.408,0.282344444,Moderate,16,119.0
65:00:00,153,42.9,80,1800,2.125,50,0.142,0.02125,0.858,0.3569,High,17,71.0
65:01:00,133,38.7,38,1800,1.847222222,50,0.226,0.018472222,0.774,0.204588889,Moderate,17,153.0
65:02:00,132,42.9,31,1800,1.833333333,50,0.142,0.018333333,0.858,0.159733333,Low,17,133.0
65:03:00,136,21.2,76,1800,1.888888889,50,0.576,0.018888889,0.424,0.426755556,Very High,17,132.0
65:04:00,79,45.1,30,1800,1.097222222,50,0.098,0.010972222,0.902,0.143988889,Low,17,136.0
65:05:00,194,38.6,40,1800,2.694444444,50,0.228,0.026944444,0.772,0.216377778,Moderate,17,79.0
65:06:00,67,36.9,38,1800,0.930555556,50,0.262,0.009305556,0.738,0.208122222,Moderate,17,194.0
65:07:00,124,38.7,80,1800,1.722222222,50,0.226,0.017222222,0.774,0.372088889,High,17,67.0
65:08:00,184,45.9,74,1800,2.555555556,50,0.082,0.025555556,0.918,0.322622222,High,17,124.0
65:09:00,140,37.6,36,1800,1.944444444,50,0.248,0.019444444,0.752,0.201377778,Moderate,17,184.0
65:10:00,132,37.4,48,1800,1.833333333,50,0.252,0.018333333,0.748,0.249733333,Moderate,17,140.0
65:11:00,124,49.7,49,1800,1.722222222,50,0.006,0.017222222,0.994,0.204088889,Moderate,17,132.0
65:12:00,153,42.7,81,1800,2.125,50,0.146,0.02125,0.854,0.3617,High,17,124.0
65:13:00,115,33.3,90,1800,1.597222222,50,0.334,0.015972222,0.666,0.433188889,Very High,17,153.0
65:14:00,117,41.2,30,1800,1.625,50,0.176,0.01625,0.824,0.1617,Low,17,115.0
65:15:00,86,31.7,73,1800,1.194444444,50,0.366,0.011944444,0.634,0.369977778,High,17,117.0
65:16:00,148,26.9,70,1800,2.055555556,50,0.462,0.020555556,0.538,0.380622222,High,17,86.0
65:17:00,68,37.9,88,1800,0.944444444,50,0.242,0.009444444,0.758,0.404177778,Very High,17,148.0
65:18:00,200,47.8,74,1800,2.777777778,50,0.044,0.027777778,0.956,0.315911111,High,17,68.0
65:19:00,125,47.9,66,1800,1.736111111,50,0.042,0.017361111,0.958,0.279344444,Moderate,17,200.0
65:20:00,64,30.3,56,1800,0.888888889,50,0.394,0.008888889,0.606,0.306355556,High,17,125.0
65:21:00,70,35.8,66,1800,0.972222222,50,0.284,0.009722222,0.716,0.324688889,High,17,64.0
65:22:00,113,26.3,33,1800,1.569444444,50,0.474,0.015694444,0.526,0.233077778,Moderate,17,70.0
65:23:00,132,49.9,31,1800,1.833333333,50,0.002,0.018333333,0.998,0.131733333,Low,17,113.0
65:24:00,150,49.4,80,1800,2.083333333,50,0.012,0.020833333,0.988,0.330733333,High,17,132.0
65:25:00,195,39.5,88,1800,2.708333333,50,0.21,0.027083333,0.79,0.404833333,Very High,17,150.0
65:26:00,99,44.1,89,1800,1.375,50,0.118,0.01375,0.882,0.3851,High,17,195.0
65:27:00,177,41.5,50,1800,2.458333333,50,0.17,0.024583333,0.83,0.243833333,Moderate,17,99.0
65:28:00,63,37.8,55,1800,0.875,50,0.244,0.00875,0.756,0.2723,Moderate,17,177.0
65:29:00,153,21.6,47,1800,2.125,50,0.568,0.02125,0.432,0.3101,High,17,63.0
65:30:00,193,33.6,57,1800,2.680555556,50,0.328,0.026805556,0.672,0.304322222,High,17,153.0
65:31:00,76,40.2,83,1800,1.055555556,50,0.196,0.010555556,0.804,0.375422222,High,17,193.0
65:32:00,60,40.3,44,1800,0.833333333,50,0.194,0.008333333,0.806,0.218133333,Moderate,17,76.0
65:33:00,143,31.2,30,1800,1.986111111,50,0.376,0.019861111,0.624,0.203144444,Moderate,17,60.0
65:34:00,131,48.3,85,1800,1.819444444,50,0.034,0.018194444,0.966,0.354077778,High,17,143.0
65:35:00,84,25.0,60,1800,1.166666667,50,0.5,0.011666667,0.5,0.344666667,High,17,131.0
65:36:00,132,35.0,50,1800,1.833333333,50,0.3,0.018333333,0.7,0.267333333,Moderate,17,84.0
65:37:00,162,40.7,68,1800,2.25,50,0.186,0.0225,0.814,0.3182,High,17,132.0
65:38:00,150,40.9,63,1800,2.083333333,50,0.182,0.020833333,0.818,0.296733333,Moderate,17,162.0
65:39:00,116,39.5,69,1800,1.611111111,50,0.21,0.016111111,0.79,0.324444444,High,17,150.0
65:40:00,151,28.3,36,1800,2.097222222,50,0.434,0.020972222,0.566,0.239188889,Moderate,17,116.0
65:41:00,62,24.7,68,1800,0.861111111,50,0.506,0.008611111,0.494,0.376644444,High,17,151.0
65:42:00,68,39.1,87,1800,0.944444444,50,0.218,0.009444444,0.782,0.395377778,High,17,62.0
65:43:00,165,38.0,53,1800,2.291666667,50,0.24,0.022916667,0.76,0.269166667,Moderate,17,68.0
65:44:00,124,25.4,64,1800,1.722222222,50,0.492,0.017222222,0.508,0.361288889,High,17,165.0
65:45:00,196,41.2,72,1800,2.722222222,50,0.176,0.027222222,0.824,0.334088889,High,17,124.0
65:46:00,81,33.7,56,1800,1.125,50,0.326,0.01125,0.674,0.2937,Moderate,17,196.0
65:47:00,50,40.0,82,1800,0.694444444,50,0.2,0.006944444,0.8,0.370777778,High,17,81.0
65:48:00,110,45.1,86,1800,1.527777778,50,0.098,0.015277778,0.902,0.369711111,High,17,50.0
65:49:00,124,25.1,52,1800,1.722222222,50,0.498,0.017222222,0.502,0.314488889,High,17,110.0
65:50:00,116,20.6,60,1800,1.611111111,50,0.588,0.016111111,0.412,0.364044444,High,17,124.0
65:51:00,97,43.4,78,1800,1.347222222,50,0.132,0.013472222,0.868,0.343788889,High,17,116.0
65:52:00,163,38.3,39,1800,2.263888889,50,0.234,0.022638889,0.766,0.211855556,Moderate,17,97.0
65:53:00,129,41.0,35,1800,1.791666667,50,0.18,0.017916667,0.82,0.183166667,Low,17,163.0
65:54:00,54,45.1,35,1800,0.75,50,0.098,0.0075,0.902,0.1626,Low,17,129.0
65:55:00,164,44.1,81,1800,2.277777778,50,0.118,0.022777778,0.882,0.356711111,High,17,54.0
65:56:00,88,48.8,71,1800,1.222222222,50,0.024,0.012222222,0.976,0.293688889,Moderate,17,164.0
65:57:00,185,36.1,49,1800,2.569444444,50,0.278,0.025694444,0.722,0.261877778,Moderate,17,88.0
65:58:00,55,34.7,46,1800,0.763888889,50,0.306,0.007638889,0.694,0.248255556,Moderate,17,185.0
65:59:00,152,32.1,89,1800,2.111111111,50,0.358,0.021111111,0.642,0.436044444,Very High,17,55.0
66:00:00,59,24.6,81,1800,0.819444444,50,0.508,0.008194444,0.492,0.428877778,Very High,18,152.0
66:01:00,144,37.2,74,1800,2.0,50,0.256,0.02,0.744,0.3552,High,18,59.0
66:02:00,193,28.3,36,1800,2.680555556,50,0.434,0.026805556,0.566,0.241522222,Moderate,18,144.0
66:03:00,173,47.6,70,1800,2.402777778,50,0.048,0.024027778,0.952,0.299211111,Moderate,18,193.0
66:04:00,169,37.5,73,1800,2.347222222,50,0.25,0.023472222,0.75,0.351388889,High,18,173.0
66:05:00,73,37.8,84,1800,1.013888889,50,0.244,0.010138889,0.756,0.388855556,High,18,169.0
66:06:00,55,30.6,53,1800,0.763888889,50,0.388,0.007638889,0.612,0.292655556,Moderate,18,73.0
66:07:00,63,21.6,45,1800,0.875,50,0.568,0.00875,0.432,0.2971,Moderate,18,55.0
66:08:00,91,21.0,47,1800,1.263888889,50,0.58,0.012638889,0.42,0.309055556,High,18,63.0
66:09:00,173,32.7,56,1800,2.402777778,50,0.346,0.024027778,0.654,0.302811111,High,18,91.0
66:10:00,118,22.5,76,1800,1.638888889,50,0.55,0.016388889,0.45,0.420555556,Very High,18,173.0
66:11:00,167,38.2,57,1800,2.319444444,50,0.236,0.023194444,0.764,0.284477778,Moderate,18,118.0
66:12:00,166,46.4,57,1800,2.305555556,50,0.072,0.023055556,0.928,0.251622222,Moderate,18,167.0
66:13:00,124,46.5,39,1800,1.722222222,50,0.07,0.017222222,0.93,0.176888889,Low,18,166.0
66:14:00,198,39.8,37,1800,2.75,50,0.204,0.0275,0.796,0.1998,Low,18,124.0
66:15:00,96,26.3,55,1800,1.333333333,50,0.474,0.013333333,0.526,0.320133333,High,18,198.0
66:16:00,97,45.9,49,1800,1.347222222,50,0.082,0.013472222,0.918,0.217788889,Moderate,18,96.0
66:17:00,82,46.6,87,1800,1.138888889,50,0.068,0.011388889,0.932,0.366155556,High,18,97.0
66:18:00,167,25.9,67,1800,2.319444444,50,0.482,0.023194444,0.518,0.373677778,High,18,82.0
66:19:00,63,42.1,35,1800,0.875,50,0.158,0.00875,0.842,0.1751,Low,18,167.0
66:20:00,81,28.6,88,1800,1.125,50,0.428,0.01125,0.572,0.4421,Very High,18,63.0
66:21:00,93,44.1,66,1800,1.291666667,50,0.118,0.012916667,0.882,0.292766667,Moderate,18,81.0
66:22:00,138,49.9,71,1800,1.916666667,50,0.002,0.019166667,0.998,0.292066667,Moderate,18,93.0
66:23:00,102,20.9,51,1800,1.416666667,50,0.582,0.014166667,0.418,0.326066667,High,18,138.0
66:24:00,127,46.9,49,1800,1.763888889,50,0.062,0.017638889,0.938,0.215455556,Moderate,18,102.0
66:25:00,158,38.7,61,1800,2.194444444,50,0.226,0.021944444,0.774,0.297977778,Moderate,18,127.0
66:26:00,65,49.2,87,1800,0.902777778,50,0.016,0.009027778,0.984,0.354811111,High,18,158.0
66:27:00,98,34.0,56,1800,1.361111111,50,0.32,0.013611111,0.68,0.293444444,Moderate,18,65.0
66:28:00,144,45.4,45,1800,2.0,50,0.092,0.02,0.908,0.2064,Moderate,18,98.0
66:29:00,180,21.9,87,1800,2.5,50,0.562,0.025,0.438,0.4704,Very High,18,144.0
66:30:00,87,30.1,39,1800,1.208333333,50,0.398,0.012083333,0.602,0.240433333,Moderate,18,180.0
66:31:00,76,22.0,62,1800,1.055555556,50,0.56,0.010555556,0.44,0.364222222,High,18,87.0
66:32:00,123,49.3,30,1800,1.708333333,50,0.014,0.017083333,0.986,0.129633333,Low,18,76.0
66:33:00,155,44.5,42,1800,2.152777778,50,0.11,0.021527778,0.89,0.198611111,Low,18,123.0
66:34:00,179,45.6,62,1800,2.486111111,50,0.088,0.024861111,0.912,0.275544444,Moderate,18,155.0
66:35:00,197,48.1,90,1800,2.736111111,50,0.038,0.027361111,0.962,0.378544444,High,18,179.0
66:36:00,184,22.6,49,1800,2.555555556,50,0.548,0.025555556,0.452,0.315822222,High,18,197.0
66:37:00,140,31.6,43,1800,1.944444444,50,0.368,0.019444444,0.632,0.253377778,Moderate,18,184.0
66:38:00,68,22.1,55,1800,0.944444444,50,0.558,0.009444444,0.442,0.335377778,High,18,140.0
66:39:00,56,26.3,30,1800,0.777777778,50,0.474,0.007777778,0.526,0.217911111,Moderate,18,68.0
66:40:00,160,26.9,74,1800,2.222222222,50,0.462,0.022222222,0.538,0.397288889,High,18,56.0
66:41:00,197,34.1,38,1800,2.736111111,50,0.318,0.027361111,0.682,0.226544444,Moderate,18,160.0
66:42:00,164,28.1,83,1800,2.277777778,50,0.438,0.022777778,0.562,0.428711111,Very High,18,197.0
66:43:00,151,23.0,79,1800,2.097222222,50,0.54,0.020972222,0.46,0.432388889,Very High,18,164.0
66:44:00,192,25.0,74,1800,2.666666667,50,0.5,0.026666667,0.5,0.406666667,Very High,18,151.0
66:45:00,134,24.4,61,1800,1.861111111,50,0.512,0.018611111,0.488,0.353844444,High,18,192.0
66:46:00,104,49.2,31,1800,1.444444444,50,0.016,0.014444444,0.984,0.132977778,Low,18,134.0
66:47:00,196,42.8,36,1800,2.722222222,50,0.144,0.027222222,0.856,0.183688889,Low,18,104.0
66:48:00,109,49.0,56,1800,1.513888889,50,0.02,0.015138889,0.98,0.234055556,Moderate,18,196.0
66:49:00,85,33.2,60,1800,1.180555556,50,0.336,0.011805556,0.664,0.311922222,High,18,109.0
66:50:00,177,28.4,54,1800,2.458333333,50,0.432,0.024583333,0.568,0.312233333,High,18,85.0
66:51:00,180,43.9,33,1800,2.5,50,0.122,0.025,0.878,0.1664,Low,18,177.0
66:52:00,173,29.8,66,1800,2.402777778,50,0.404,0.024027778,0.596,0.354411111,High,18,180.0
66:53:00,170,29.0,54,1800,2.361111111,50,0.42,0.023611111,0.58,0.309444444,High,18,173.0
66:54:00,82,27.0,74,1800,1.138888889,50,0.46,0.011388889,0.54,0.392555556,High,18,170.0
66:55:00,136,23.9,55,1800,1.888888889,50,0.522,0.018888889,0.478,0.331955556,High,18,82.0
66:56:00,124,27.7,88,1800,1.722222222,50,0.446,0.017222222,0.554,0.448088889,Very High,18,136.0
66:57:00,80,30.7,50,1800,1.111111111,50,0.386,0.011111111,0.614,0.281644444,Moderate,18,124.0
66:58:00,82,40.2,44,1800,1.138888889,50,0.196,0.011388889,0.804,0.219755556,Moderate,18,80.0
66:59:00,99,21.9,77,1800,1.375,50,0.562,0.01375,0.438,0.4259,Very High,18,82.0
67:00:00,69,26.3,40,1800,0.958333333,50,0.474,0.009583333,0.526,0.258633333,Moderate,19,99.0
67:01:00,120,44.3,87,1800,1.666666667,50,0.114,0.016666667,0.886,0.377466667,High,19,69.0
67:02:00,193,24.4,38,1800,2.680555556,50,0.512,0.026805556,0.488,0.265122222,Moderate,19,120.0
67:03:00,147,30.3,33,1800,2.041666667,50,0.394,0.020416667,0.606,0.218966667,Moderate,19,193.0
67:04:00,158,45.9,65,1800,2.194444444,50,0.082,0.021944444,0.918,0.285177778,Moderate,19,147.0
67:05:00,178,24.6,53,1800,2.472222222,50,0.508,0.024722222,0.492,0.323488889,High,19,158.0
67:06:00,170,22.5,67,1800,2.361111111,50,0.55,0.023611111,0.45,0.387444444,High,19,178.0
67:07:00,140,34.5,87,1800,1.944444444,50,0.31,0.019444444,0.69,0.417777778,Very High,19,170.0
67:08:00,186,29.1,46,1800,2.583333333,50,0.418,0.025833333,0.582,0.277933333,Moderate,19,140.0
67:09:00,175,36.9,49,1800,2.430555556,50,0.262,0.024305556,0.738,0.258122222,Moderate,19,186.0
67:10:00,92,44.1,64,1800,1.277777778,50,0.118,0.012777778,0.882,0.284711111,Moderate,19,175.0
67:11:00,178,24.1,34,1800,2.472222222,50,0.518,0.024722222,0.482,0.249488889,Moderate,19,92.0
67:12:00,165,37.4,52,1800,2.291666667,50,0.252,0.022916667,0.748,0.267566667,Moderate,19,178.0
67:13:00,187,35.2,74,1800,2.597222222,50,0.296,0.025972222,0.704,0.365588889,High,19,165.0
67:14:00,173,24.3,79,1800,2.402777778,50,0.514,0.024027778,0.486,0.428411111,Very High,19,187.0
67:15:00,137,38.7,55,1800,1.902777778,50,0.226,0.019027778,0.774,0.272811111,Moderate,19,173.0
67:16:00,77,28.2,90,1800,1.069444444,50,0.436,0.010694444,0.564,0.451477778,Very High,19,137.0
67:17:00,60,34.6,44,1800,0.833333333,50,0.308,0.008333333,0.692,0.240933333,Moderate,19,77.0
67:18:00,62,22.5,88,1800,0.861111111,50,0.55,0.008611111,0.45,0.465444444,Very High,19,60.0
67:19:00,81,33.8,36,1800,1.125,50,0.324,0.01125,0.676,0.2133,Moderate,19,62.0
67:20:00,186,29.2,53,1800,2.583333333,50,0.416,0.025833333,0.584,0.305533333,High,19,81.0
67:21:00,59,44.7,57,1800,0.819444444,50,0.106,0.008194444,0.894,0.252477778,Moderate,19,186.0
67:22:00,105,21.7,35,1800,1.458333333,50,0.566,0.014583333,0.434,0.259033333,Moderate,19,59.0
67:23:00,100,32.6,41,1800,1.388888889,50,0.348,0.013888889,0.652,0.239155556,Moderate,19,105.0
67:24:00,122,33.8,46,1800,1.694444444,50,0.324,0.016944444,0.676,0.255577778,Moderate,19,100.0
67:25:00,113,41.8,50,1800,1.569444444,50,0.164,0.015694444,0.836,0.239077778,Moderate,19,122.0
67:26:00,152,37.2,42,1800,2.111111111,50,0.256,0.021111111,0.744,0.227644444,Moderate,19,113.0
67:27:00,79,40.0,69,1800,1.097222222,50,0.2,0.010972222,0.8,0.320388889,High,19,152.0
67:28:00,84,43.3,55,1800,1.166666667,50,0.134,0.011666667,0.866,0.251466667,Moderate,19,79.0
67:29:00,140,45.9,84,1800,1.944444444,50,0.082,0.019444444,0.918,0.360177778,High,19,84.0
67:30:00,87,29.4,71,1800,1.208333333,50,0.412,0.012083333,0.588,0.371233333,High,19,140.0
67:31:00,143,36.1,48,1800,1.986111111,50,0.278,0.019861111,0.722,0.255544444,Moderate,19,87.0
67:32:00,156,45.2,85,1800,2.166666667,50,0.096,0.021666667,0.904,0.367866667,High,19,143.0
67:33:00,108,49.7,48,1800,1.5,50,0.006,0.015,0.994,0.1992,Low,19,156.0
67:34:00,105,46.7,38,1800,1.458333333,50,0.066,0.014583333,0.934,0.171033333,Low,19,108.0
67:35:00,56,31.1,75,1800,0.777777778,50,0.378,0.007777778,0.622,0.378711111,High,19,105.0
67:36:00,106,25.9,79,1800,1.472222222,50,0.482,0.014722222,0.518,0.418288889,Very High,19,56.0
67:37:00,172,34.7,50,1800,2.388888889,50,0.306,0.023888889,0.694,0.270755556,Moderate,19,106.0
67:38:00,63,42.2,67,1800,0.875,50,0.156,0.00875,0.844,0.3027,High,19,172.0
67:39:00,151,34.8,73,1800,2.097222222,50,0.304,0.020972222,0.696,0.361188889,High,19,63.0
67:40:00,128,34.5,87,1800,1.777777778,50,0.31,0.017777778,0.69,0.417111111,Very High,19,151.0
67:41:00,158,45.1,34,1800,2.194444444,50,0.098,0.021944444,0.902,0.164377778,Low,19,128.0
67:42:00,143,30.8,73,1800,1.986111111,50,0.384,0.019861111,0.616,0.376744444,High,19,158.0
67:43:00,148,45.8,50,1800,2.055555556,50,0.084,0.020555556,0.916,0.225022222,Moderate,19,143.0
67:44:00,51,32.2,67,1800,0.708333333,50,0.356,0.007083333,0.644,0.342033333,High,19,148.0
67:45:00,131,29.8,83,1800,1.819444444,50,0.404,0.018194444,0.596,0.420077778,Very High,19,51.0
67:46:00,140,33.6,63,1800,1.944444444,50,0.328,0.019444444,0.672,0.325377778,High,19,131.0
67:47:00,118,42.9,44,1800,1.638888889,50,0.142,0.016388889,0.858,0.210955556,Moderate,19,140.0
67:48:00,124,23.8,37,1800,1.722222222,50,0.524,0.017222222,0.476,0.259688889,Moderate,19,118.0
67:49:00,198,25.9,38,1800,2.75,50,0.482,0.0275,0.518,0.2594,Moderate,19,124.0
67:50:00,144,48.5,49,1800,2.0,50,0.03,0.02,0.97,0.21,Moderate,19,198.0
67:51:00,159,25.3,64,1800,2.208333333,50,0.494,0.022083333,0.506,0.363633333,High,19,144.0
67:52:00,176,37.0,75,1800,2.444444444,50,0.26,0.024444444,0.74,0.361777778,High,19,159.0
67:53:00,76,37.4,71,1800,1.055555556,50,0.252,0.010555556,0.748,0.338622222,High,19,176.0
67:54:00,170,34.7,38,1800,2.361111111,50,0.306,0.023611111,0.694,0.222644444,Moderate,19,76.0
67:55:00,127,39.3,78,1800,1.763888889,50,0.214,0.017638889,0.786,0.361855556,High,19,170.0
67:56:00,74,26.9,63,1800,1.027777778,50,0.462,0.010277778,0.538,0.348511111,High,19,127.0
67:57:00,139,36.6,78,1800,1.930555556,50,0.268,0.019305556,0.732,0.373322222,High,19,74.0
67:58:00,65,31.2,83,1800,0.902777778,50,0.376,0.009027778,0.624,0.410811111,Very High,19,139.0
67:59:00,148,39.9,47,1800,2.055555556,50,0.202,0.020555556,0.798,0.236622222,Moderate,19,65.0
68:00:00,136,24.2,74,1800,1.888888889,50,0.516,0.018888889,0.484,0.406755556,Very High,20,148.0
68:01:00,95,37.1,46,1800,1.319444444,50,0.258,0.013194444,0.742,0.240877778,Moderate,20,136.0
68:02:00,51,25.6,54,1800,0.708333333,50,0.488,0.007083333,0.512,0.316433333,High,20,95.0
68:03:00,83,28.4,64,1800,1.152777778,50,0.432,0.011527778,0.568,0.347011111,High,20,51.0
68:04:00,160,26.6,44,1800,2.222222222,50,0.468,0.022222222,0.532,0.278488889,Moderate,20,83.0
68:05:00,173,25.5,83,1800,2.402777778,50,0.49,0.024027778,0.51,0.439611111,Very High,20,160.0
68:06:00,101,44.8,66,1800,1.402777778,50,0.104,0.014027778,0.896,0.290411111,Moderate,20,173.0
68:07:00,91,28.6,66,1800,1.263888889,50,0.428,0.012638889,0.572,0.354655556,High,20,101.0
68:08:00,50,47.8,60,1800,0.694444444,50,0.044,0.006944444,0.956,0.251577778,Moderate,20,91.0
68:09:00,68,49.1,81,1800,0.944444444,50,0.018,0.009444444,0.982,0.331377778,High,20,50.0
68:10:00,66,37.1,74,1800,0.916666667,50,0.258,0.009166667,0.742,0.351266667,High,20,68.0
68:11:00,131,24.3,69,1800,1.819444444,50,0.514,0.018194444,0.486,0.386077778,High,20,66.0
68:12:00,99,31.2,46,1800,1.375,50,0.376,0.01375,0.624,0.2647,Moderate,20,131.0
68:13:00,79,43.9,82,1800,1.097222222,50,0.122,0.010972222,0.878,0.356788889,High,20,99.0
68:14:00,65,31.0,86,1800,0.902777778,50,0.38,0.009027778,0.62,0.423611111,Very High,20,79.0
68:15:00,64,22.6,35,1800,0.888888889,50,0.548,0.008888889,0.452,0.253155556,Moderate,20,65.0
68:16:00,74,36.7,88,1800,1.027777778,50,0.266,0.010277778,0.734,0.409311111,Very High,20,64.0
68:17:00,183,45.4,36,1800,2.541666667,50,0.092,0.025416667,0.908,0.172566667,Low,20,74.0
68:18:00,180,43.9,58,1800,2.5,50,0.122,0.025,0.878,0.2664,Moderate,20,183.0
68:19:00,97,25.3,66,1800,1.347222222,50,0.494,0.013472222,0.506,0.368188889,High,20,180.0
68:20:00,56,40.2,54,1800,0.777777778,50,0.196,0.007777778,0.804,0.258311111,Moderate,20,97.0
68:21:00,120,26.6,58,1800,1.666666667,50,0.468,0.016666667,0.532,0.332266667,High,20,56.0
68:22:00,175,26.5,45,1800,2.430555556,50,0.47,0.024305556,0.53,0.283722222,Moderate,20,120.0
68:23:00,109,46.2,52,1800,1.513888889,50,0.076,0.015138889,0.924,0.229255556,Moderate,20,175.0
68:24:00,116,27.5,48,1800,1.611111111,50,0.45,0.016111111,0.55,0.288444444,Moderate,20,109.0
68:25:00,149,27.9,52,1800,2.069444444,50,0.442,0.020694444,0.558,0.304677778,High,20,116.0
68:26:00,71,20.0,65,1800,0.986111111,50,0.6,0.009861111,0.4,0.383944444,High,20,149.0
68:27:00,183,46.1,58,1800,2.541666667,50,0.078,0.025416667,0.922,0.257766667,Moderate,20,71.0
68:28:00,177,43.8,43,1800,2.458333333,50,0.124,0.024583333,0.876,0.206633333,Moderate,20,183.0
68:29:00,61,38.8,32,1800,0.847222222,50,0.224,0.008472222,0.776,0.176188889,Low,20,177.0
68:30:00,177,42.5,71,1800,2.458333333,50,0.15,0.024583333,0.85,0.323833333,High,20,61.0
68:31:00,131,24.6,81,1800,1.819444444,50,0.508,0.018194444,0.492,0.432877778,Very High,20,177.0
68:32:00,133,33.7,76,1800,1.847222222,50,0.326,0.018472222,0.674,0.376588889,High,20,131.0
68:33:00,162,30.5,76,1800,2.25,50,0.39,0.0225,0.61,0.391,High,20,133.0
68:34:00,159,22.8,60,1800,2.208333333,50,0.544,0.022083333,0.456,0.357633333,High,20,162.0
68:35:00,95,34.6,46,1800,1.319444444,50,0.308,0.013194444,0.692,0.250877778,Moderate,20,159.0
68:36:00,152,47.6,50,1800,2.111111111,50,0.048,0.021111111,0.952,0.218044444,Moderate,20,95.0
68:37:00,107,21.2,62,1800,1.486111111,50,0.576,0.014861111,0.424,0.369144444,High,20,152.0
68:38:00,84,28.7,69,1800,1.166666667,50,0.426,0.011666667,0.574,0.365866667,High,20,107.0
68:39:00,148,26.2,70,1800,2.055555556,50,0.476,0.020555556,0.524,0.383422222,High,20,84.0
68:40:00,171,27.1,79,1800,2.375,50,0.458,0.02375,0.542,0.4171,Very High,20,148.0
68:41:00,82,47.3,88,1800,1.138888889,50,0.054,0.011388889,0.946,0.367355556,High,20,171.0
68:42:00,174,34.0,38,1800,2.416666667,50,0.32,0.024166667,0.68,0.225666667,Moderate,20,82.0
68:43:00,154,34.0,57,1800,2.138888889,50,0.32,0.021388889,0.68,0.300555556,High,20,174.0
68:44:00,110,42.8,47,1800,1.527777778,50,0.144,0.015277778,0.856,0.222911111,Moderate,20,154.0
68:45:00,151,24.6,68,1800,2.097222222,50,0.508,0.020972222,0.492,0.381988889,High,20,110.0
68:46:00,173,34.6,55,1800,2.402777778,50,0.308,0.024027778,0.692,0.291211111,Moderate,20,151.0
68:47:00,169,32.9,64,1800,2.347222222,50,0.342,0.023472222,0.658,0.333788889,High,20,173.0
68:48:00,166,37.9,68,1800,2.305555556,50,0.242,0.023055556,0.758,0.329622222,High,20,169.0
68:49:00,168,50.0,38,1800,2.333333333,50,0.0,0.023333333,1.0,0.161333333,Low,20,166.0
68:50:00,115,43.1,46,1800,1.597222222,50,0.138,0.015972222,0.862,0.217988889,Moderate,20,168.0
68:51:00,130,31.9,39,1800,1.805555556,50,0.362,0.018055556,0.638,0.235622222,Moderate,20,115.0
68:52:00,75,44.8,32,1800,1.041666667,50,0.104,0.010416667,0.896,0.152966667,Low,20,130.0
68:53:00,132,25.1,90,1800,1.833333333,50,0.498,0.018333333,0.502,0.466933333,Very High,20,75.0
68:54:00,95,20.9,44,1800,1.319444444,50,0.582,0.013194444,0.418,0.297677778,Moderate,20,132.0
68:55:00,101,26.1,44,1800,1.402777778,50,0.478,0.014027778,0.522,0.277211111,Moderate,20,95.0
68:56:00,84,30.2,86,1800,1.166666667,50,0.396,0.011666667,0.604,0.427866667,Very High,20,101.0
68:57:00,140,35.3,33,1800,1.944444444,50,0.294,0.019444444,0.706,0.198577778,Low,20,84.0
68:58:00,150,38.5,64,1800,2.083333333,50,0.23,0.020833333,0.77,0.310333333,High,20,140.0
68:59:00,74,47.3,62,1800,1.027777778,50,0.054,0.010277778,0.946,0.262911111,Moderate,20,150.0
69:00:00,180,35.3,48,1800,2.5,50,0.294,0.025,0.706,0.2608,Moderate,21,74.0
69:01:00,50,35.0,66,1800,0.694444444,50,0.3,0.006944444,0.7,0.326777778,High,21,180.0
69:02:00,162,21.5,34,1800,2.25,50,0.57,0.0225,0.43,0.259,Moderate,21,50.0
69:03:00,65,21.0,83,1800,0.902777778,50,0.58,0.009027778,0.42,0.451611111,Very High,21,162.0
69:04:00,144,36.5,86,1800,2.0,50,0.27,0.02,0.73,0.406,Very High,21,65.0
69:05:00,143,33.1,46,1800,1.986111111,50,0.338,0.019861111,0.662,0.259544444,Moderate,21,144.0
69:06:00,174,45.2,88,1800,2.416666667,50,0.096,0.024166667,0.904,0.380866667,High,21,143.0
69:07:00,95,24.8,73,1800,1.319444444,50,0.504,0.013194444,0.496,0.398077778,High,21,174.0
69:08:00,143,20.7,51,1800,1.986111111,50,0.586,0.019861111,0.414,0.329144444,High,21,95.0
69:09:00,81,33.5,76,1800,1.125,50,0.33,0.01125,0.67,0.3745,High,21,143.0
69:10:00,175,27.1,89,1800,2.430555556,50,0.458,0.024305556,0.542,0.457322222,Very High,21,81.0
69:11:00,90,21.5,39,1800,1.25,50,0.57,0.0125,0.43,0.275,Moderate,21,175.0
69:12:00,88,41.7,36,1800,1.222222222,50,0.166,0.012222222,0.834,0.182088889,Low,21,90.0
69:13:00,75,23.3,39,1800,1.041666667,50,0.534,0.010416667,0.466,0.266966667,Moderate,21,88.0
69:14:00,141,38.2,89,1800,1.958333333,50,0.236,0.019583333,0.764,0.411033333,Very High,21,75.0
69:15:00,164,28.4,50,1800,2.277777778,50,0.432,0.022777778,0.568,0.295511111,Moderate,21,141.0
69:16:00,149,25.2,72,1800,2.069444444,50,0.496,0.020694444,0.504,0.395477778,High,21,164.0
69:17:00,58,31.4,68,1800,0.805555556,50,0.372,0.008055556,0.628,0.349622222,High,21,149.0
69:18:00,84,44.0,80,1800,1.166666667,50,0.12,0.011666667,0.88,0.348666667,High,21,58.0
69:19:00,116,31.8,68,1800,1.611111111,50,0.364,0.016111111,0.636,0.351244444,High,21,84.0
69:20:00,152,42.5,48,1800,2.111111111,50,0.15,0.021111111,0.85,0.230444444,Moderate,21,116.0
69:21:00,199,23.8,41,1800,2.763888889,50,0.524,0.027638889,0.476,0.279855556,Moderate,21,152.0
69:22:00,116,43.2,35,1800,1.611111111,50,0.136,0.016111111,0.864,0.173644444,Low,21,199.0
69:23:00,107,27.1,58,1800,1.486111111,50,0.458,0.014861111,0.542,0.329544444,High,21,116.0
69:24:00,158,40.3,40,1800,2.194444444,50,0.194,0.021944444,0.806,0.207577778,Moderate,21,107.0
69:25:00,187,37.0,66,1800,2.597222222,50,0.26,0.025972222,0.74,0.326388889,High,21,158.0
69:26:00,193,47.9,82,1800,2.680555556,50,0.042,0.026805556,0.958,0.347122222,High,21,187.0
69:27:00,177,31.6,78,1800,2.458333333,50,0.368,0.024583333,0.632,0.395433333,High,21,193.0
69:28:00,58,22.0,84,1800,0.805555556,50,0.56,0.008055556,0.44,0.451222222,Very High,21,177.0
69:29:00,183,20.6,43,1800,2.541666667,50,0.588,0.025416667,0.412,0.299766667,Moderate,21,58.0
69:30:00,182,44.8,74,1800,2.527777778,50,0.104,0.025277778,0.896,0.326911111,High,21,183.0
69:31:00,121,35.7,49,1800,1.680555556,50,0.286,0.016805556,0.714,0.259922222,Moderate,21,182.0
69:32:00,111,43.3,47,1800,1.541666667,50,0.134,0.015416667,0.866,0.220966667,Moderate,21,121.0
69:33:00,87,27.0,73,1800,1.208333333,50,0.46,0.012083333,0.54,0.388833333,High,21,111.0
69:34:00,193,30.4,81,1800,2.680555556,50,0.392,0.026805556,0.608,0.413122222,Very High,21,87.0
69:35:00,72,20.9,78,1800,1.0,50,0.582,0.01,0.418,0.4324,Very High,21,193.0
69:36:00,53,48.8,68,1800,0.736111111,50,0.024,0.007361111,0.976,0.279744444,Moderate,21,72.0
69:37:00,125,40.0,67,1800,1.736111111,50,0.2,0.017361111,0.8,0.314944444,High,21,53.0
69:38:00,61,48.0,46,1800,0.847222222,50,0.04,0.008472222,0.96,0.195388889,Low,21,125.0
69:39:00,187,28.0,46,1800,2.597222222,50,0.44,0.025972222,0.56,0.282388889,Moderate,21,61.0
69:40:00,173,38.3,61,1800,2.402777778,50,0.234,0.024027778,0.766,0.300411111,High,21,187.0
69:41:00,147,40.4,63,1800,2.041666667,50,0.192,0.020416667,0.808,0.298566667,Moderate,21,173.0
69:42:00,91,29.5,31,1800,1.263888889,50,0.41,0.012638889,0.59,0.211055556,Moderate,21,147.0
69:43:00,98,45.4,66,1800,1.361111111,50,0.092,0.013611111,0.908,0.287844444,Moderate,21,91.0
69:44:00,142,48.4,72,1800,1.972222222,50,0.032,0.019722222,0.968,0.302288889,High,21,98.0
69:45:00,181,46.5,64,1800,2.513888889,50,0.07,0.025138889,0.93,0.280055556,Moderate,21,142.0
69:46:00,98,42.2,88,1800,1.361111111,50,0.156,0.013611111,0.844,0.388644444,High,21,181.0
69:47:00,63,28.3,39,1800,0.875,50,0.434,0.00875,0.566,0.2463,Moderate,21,98.0
69:48:00,116,28.4,51,1800,1.611111111,50,0.432,0.016111111,0.568,0.296844444,Moderate,21,63.0
69:49:00,75,48.9,61,1800,1.041666667,50,0.022,0.010416667,0.978,0.252566667,Moderate,21,116.0
69:50:00,199,20.3,76,1800,2.763888889,50,0.594,0.027638889,0.406,0.433855556,Very High,21,75.0
69:51:00,141,41.5,48,1800,1.958333333,50,0.17,0.019583333,0.83,0.233833333,Moderate,21,199.0
69:52:00,85,41.2,47,1800,1.180555556,50,0.176,0.011805556,0.824,0.227922222,Moderate,21,141.0
69:53:00,161,38.7,35,1800,2.236111111,50,0.226,0.022361111,0.774,0.194144444,Low,21,85.0
69:54:00,130,49.7,88,1800,1.805555556,50,0.006,0.018055556,0.994,0.360422222,High,21,161.0
69:55:00,51,29.4,56,1800,0.708333333,50,0.412,0.007083333,0.588,0.309233333,High,21,130.0
69:56:00,180,30.2,42,1800,2.5,50,0.396,0.025,0.604,0.2572,Moderate,21,51.0
69:57:00,103,22.4,69,1800,1.430555556,50,0.552,0.014305556,0.448,0.392122222,High,21,180.0
69:58:00,138,33.3,71,1800,1.916666667,50,0.334,0.019166667,0.666,0.358466667,High,21,103.0
69:59:00,189,27.8,82,1800,2.625,50,0.444,0.02625,0.556,0.4273,Very High,21,138.0
70:00:00,98,30.3,56,1800,1.361111111,50,0.394,0.013611111,0.606,0.308244444,High,22,189.0
70:01:00,98,45.0,82,1800,1.361111111,50,0.1,0.013611111,0.9,0.353444444,High,22,98.0
70:02:00,200,48.1,37,1800,2.777777778,50,0.038,0.027777778,0.962,0.166711111,Low,22,98.0
70:03:00,179,25.6,50,1800,2.486111111,50,0.488,0.024861111,0.512,0.307544444,High,22,200.0
70:04:00,53,31.2,36,1800,0.736111111,50,0.376,0.007361111,0.624,0.222144444,Moderate,22,179.0
70:05:00,145,47.9,64,1800,2.013888889,50,0.042,0.020138889,0.958,0.272455556,Moderate,22,53.0
70:06:00,177,21.9,36,1800,2.458333333,50,0.562,0.024583333,0.438,0.266233333,Moderate,22,145.0
70:07:00,126,22.8,60,1800,1.75,50,0.544,0.0175,0.456,0.3558,High,22,177.0
70:08:00,55,24.9,57,1800,0.763888889,50,0.502,0.007638889,0.498,0.331455556,High,22,126.0
70:09:00,162,37.9,53,1800,2.25,50,0.242,0.0225,0.758,0.2694,Moderate,22,55.0
70:10:00,155,24.5,49,1800,2.152777778,50,0.51,0.021527778,0.49,0.306611111,High,22,162.0
70:11:00,169,49.0,80,1800,2.347222222,50,0.02,0.023472222,0.98,0.333388889,High,22,155.0
70:12:00,68,33.4,47,1800,0.944444444,50,0.332,0.009444444,0.668,0.258177778,Moderate,22,169.0
70:13:00,143,35.0,43,1800,1.986111111,50,0.3,0.019861111,0.7,0.239944444,Moderate,22,68.0
70:14:00,101,27.4,61,1800,1.402777778,50,0.452,0.014027778,0.548,0.340011111,High,22,143.0
70:15:00,151,34.1,49,1800,2.097222222,50,0.318,0.020972222,0.682,0.267988889,Moderate,22,101.0
70:16:00,76,39.9,86,1800,1.055555556,50,0.202,0.010555556,0.798,0.388622222,High,22,151.0
70:17:00,113,42.5,49,1800,1.569444444,50,0.15,0.015694444,0.85,0.232277778,Moderate,22,76.0
70:18:00,81,42.6,80,1800,1.125,50,0.148,0.01125,0.852,0.3541,High,22,113.0
70:19:00,161,37.3,47,1800,2.236111111,50,0.254,0.022361111,0.746,0.247744444,Moderate,22,81.0
70:20:00,172,47.1,51,1800,2.388888889,50,0.058,0.023888889,0.942,0.225155556,Moderate,22,161.0
70:21:00,176,44.5,68,1800,2.444444444,50,0.11,0.024444444,0.89,0.303777778,High,22,172.0
70:22:00,70,42.7,50,1800,0.972222222,50,0.146,0.009722222,0.854,0.233088889,Moderate,22,176.0
70:23:00,172,21.7,43,1800,2.388888889,50,0.566,0.023888889,0.434,0.294755556,Moderate,22,70.0
70:24:00,192,20.2,33,1800,2.666666667,50,0.596,0.026666667,0.404,0.261866667,Moderate,22,172.0
70:25:00,51,26.4,35,1800,0.708333333,50,0.472,0.007083333,0.528,0.237233333,Moderate,22,192.0
70:26:00,97,39.9,66,1800,1.347222222,50,0.202,0.013472222,0.798,0.309788889,High,22,51.0
70:27:00,72,32.3,85,1800,1.0,50,0.354,0.01,0.646,0.4148,Very High,22,97.0
70:28:00,120,32.1,55,1800,1.666666667,50,0.358,0.016666667,0.642,0.298266667,Moderate,22,72.0
70:29:00,186,46.5,65,1800,2.583333333,50,0.07,0.025833333,0.93,0.284333333,Moderate,22,120.0
70:30:00,148,46.9,88,1800,2.055555556,50,0.062,0.020555556,0.938,0.372622222,High,22,186.0
70:31:00,199,47.3,80,1800,2.763888889,50,0.054,0.027638889,0.946,0.341855556,High,22,148.0
70:32:00,158,29.4,40,1800,2.194444444,50,0.412,0.021944444,0.588,0.251177778,Moderate,22,199.0
70:33:00,147,40.7,74,1800,2.041666667,50,0.186,0.020416667,0.814,0.341366667,High,22,158.0
70:34:00,79,28.1,84,1800,1.097222222,50,0.438,0.010972222,0.562,0.427988889,Very High,22,147.0
70:35:00,58,25.7,32,1800,0.805555556,50,0.486,0.008055556,0.514,0.228422222,Moderate,22,79.0
70:36:00,105,25.5,41,1800,1.458333333,50,0.49,0.014583333,0.51,0.267833333,Moderate,22,58.0
70:37:00,79,30.3,84,1800,1.097222222,50,0.394,0.010972222,0.606,0.419188889,Very High,22,105.0
70:38:00,116,32.9,88,1800,1.611111111,50,0.342,0.016111111,0.658,0.426844444,Very High,22,79.0
70:39:00,121,44.9,64,1800,1.680555556,50,0.102,0.016805556,0.898,0.283122222,Moderate,22,116.0
70:40:00,141,23.6,87,1800,1.958333333,50,0.528,0.019583333,0.472,0.461433333,Very High,22,121.0
70:41:00,191,42.0,61,1800,2.652777778,50,0.16,0.026527778,0.84,0.286611111,Moderate,22,141.0
70:42:00,180,35.9,34,1800,2.5,50,0.282,0.025,0.718,0.2024,Moderate,22,191.0
70:43:00,133,28.6,65,1800,1.847222222,50,0.428,0.018472222,0.572,0.352988889,High,22,180.0
70:44:00,64,34.8,31,1800,0.888888889,50,0.304,0.008888889,0.696,0.188355556,Low,22,133.0
70:45:00,112,29.0,31,1800,1.555555556,50,0.42,0.015555556,0.58,0.214222222,Moderate,22,64.0
70:46:00,117,37.9,32,1800,1.625,50,0.242,0.01625,0.758,0.1829,Low,22,112.0
70:47:00,152,33.0,62,1800,2.111111111,50,0.34,0.021111111,0.66,0.324444444,High,22,117.0
70:48:00,147,24.9,78,1800,2.041666667,50,0.502,0.020416667,0.498,0.420566667,Very High,22,152.0
70:49:00,96,23.5,39,1800,1.333333333,50,0.53,0.013333333,0.47,0.267333333,Moderate,22,147.0
70:50:00,137,36.4,82,1800,1.902777778,50,0.272,0.019027778,0.728,0.390011111,High,22,96.0
70:51:00,184,47.1,51,1800,2.555555556,50,0.058,0.025555556,0.942,0.225822222,Moderate,22,137.0
70:52:00,174,30.3,48,1800,2.416666667,50,0.394,0.024166667,0.606,0.280466667,Moderate,22,184.0
70:53:00,70,42.0,67,1800,0.972222222,50,0.16,0.009722222,0.84,0.303888889,High,22,174.0
70:54:00,160,39.8,38,1800,2.222222222,50,0.204,0.022222222,0.796,0.201688889,Moderate,22,70.0
70:55:00,191,47.9,79,1800,2.652777778,50,0.042,0.026527778,0.958,0.335011111,High,22,160.0
70:56:00,151,44.6,65,1800,2.097222222,50,0.108,0.020972222,0.892,0.289988889,Moderate,22,191.0
70:57:00,166,37.0,54,1800,2.305555556,50,0.26,0.023055556,0.74,0.277222222,Moderate,22,151.0
70:58:00,196,39.7,39,1800,2.722222222,50,0.206,0.027222222,0.794,0.208088889,Moderate,22,166.0
70:59:00,144,47.0,51,1800,2.0,50,0.06,0.02,0.94,0.224,Moderate,22,196.0
71:00:00,103,32.0,69,1800,1.430555556,50,0.36,0.014305556,0.64,0.353722222,High,23,144.0
71:01:00,198,29.8,58,1800,2.75,50,0.404,0.0275,0.596,0.3238,High,23,103.0
71:02:00,102,20.3,83,1800,1.416666667,50,0.594,0.014166667,0.406,0.456466667,Very High,23,198.0
71:03:00,141,44.8,41,1800,1.958333333,50,0.104,0.019583333,0.896,0.192633333,Low,23,102.0
71:04:00,68,44.0,83,1800,0.944444444,50,0.12,0.009444444,0.88,0.359777778,High,23,141.0
71:05:00,169,23.1,43,1800,2.347222222,50,0.538,0.023472222,0.462,0.288988889,Moderate,23,68.0
71:06:00,88,37.3,77,1800,1.222222222,50,0.254,0.012222222,0.746,0.363688889,High,23,169.0
71:07:00,130,33.9,74,1800,1.805555556,50,0.322,0.018055556,0.678,0.367622222,High,23,88.0
71:08:00,197,23.6,77,1800,2.736111111,50,0.528,0.027361111,0.472,0.424544444,Very High,23,130.0
71:09:00,76,49.4,58,1800,1.055555556,50,0.012,0.010555556,0.988,0.238622222,Moderate,23,197.0
71:10:00,104,26.4,72,1800,1.444444444,50,0.472,0.014444444,0.528,0.388177778,High,23,76.0
71:11:00,53,22.0,41,1800,0.736111111,50,0.56,0.007361111,0.44,0.278944444,Moderate,23,104.0
71:12:00,130,37.8,49,1800,1.805555556,50,0.244,0.018055556,0.756,0.252022222,Moderate,23,53.0
71:13:00,176,42.2,71,1800,2.444444444,50,0.156,0.024444444,0.844,0.324977778,High,23,130.0
71:14:00,131,21.0,81,1800,1.819444444,50,0.58,0.018194444,0.42,0.447277778,Very High,23,176.0
71:15:00,173,39.8,41,1800,2.402777778,50,0.204,0.024027778,0.796,0.214411111,Moderate,23,131.0
71:16:00,62,36.0,43,1800,0.861111111,50,0.28,0.008611111,0.72,0.231444444,Moderate,23,173.0
71:17:00,159,23.1,46,1800,2.208333333,50,0.538,0.022083333,0.462,0.300433333,High,23,62.0
71:18:00,190,25.2,72,1800,2.638888889,50,0.496,0.026388889,0.504,0.397755556,High,23,159.0
71:19:00,86,37.0,44,1800,1.194444444,50,0.26,0.011944444,0.74,0.232777778,Moderate,23,190.0
71:20:00,76,28.9,37,1800,1.055555556,50,0.422,0.010555556,0.578,0.236622222,Moderate,23,86.0
71:21:00,94,48.1,88,1800,1.305555556,50,0.038,0.013055556,0.962,0.364822222,High,23,76.0
71:22:00,185,44.6,41,1800,2.569444444,50,0.108,0.025694444,0.892,0.195877778,Low,23,94.0
71:23:00,143,49.5,37,1800,1.986111111,50,0.01,0.019861111,0.99,0.157944444,Low,23,185.0
71:24:00,64,27.8,30,1800,0.888888889,50,0.444,0.008888889,0.556,0.212355556,Moderate,23,143.0
71:25:00,168,49.1,78,1800,2.333333333,50,0.018,0.023333333,0.982,0.324933333,High,23,64.0
71:26:00,182,32.9,73,1800,2.527777778,50,0.342,0.025277778,0.658,0.370511111,High,23,168.0
71:27:00,179,30.4,73,1800,2.486111111,50,0.392,0.024861111,0.608,0.380344444,High,23,182.0
71:28:00,94,21.5,47,1800,1.305555556,50,0.57,0.013055556,0.43,0.307222222,High,23,179.0
71:29:00,81,21.6,89,1800,1.125,50,0.568,0.01125,0.432,0.4741,Very High,23,94.0
71:30:00,51,40.8,50,1800,0.708333333,50,0.184,0.007083333,0.816,0.239633333,Moderate,23,81.0
71:31:00,161,33.7,70,1800,2.236111111,50,0.326,0.022361111,0.674,0.354144444,High,23,51.0
71:32:00,181,26.8,78,1800,2.513888889,50,0.464,0.025138889,0.536,0.414855556,Very High,23,161.0
71:33:00,90,38.4,60,1800,1.25,50,0.232,0.0125,0.768,0.2914,Moderate,23,181.0
71:34:00,152,27.6,32,1800,2.111111111,50,0.448,0.021111111,0.552,0.226044444,Moderate,23,90.0
71:35:00,176,37.3,50,1800,2.444444444,50,0.254,0.024444444,0.746,0.260577778,Moderate,23,152.0
71:36:00,116,30.8,76,1800,1.611111111,50,0.384,0.016111111,0.616,0.387244444,High,23,176.0
71:37:00,71,44.7,56,1800,0.986111111,50,0.106,0.009861111,0.894,0.249144444,Moderate,23,116.0
71:38:00,192,44.6,48,1800,2.666666667,50,0.108,0.026666667,0.892,0.224266667,Moderate,23,71.0
71:39:00,79,34.3,39,1800,1.097222222,50,0.314,0.010972222,0.686,0.223188889,Moderate,23,192.0
71:40:00,181,30.5,90,1800,2.513888889,50,0.39,0.025138889,0.61,0.448055556,Very High,23,79.0
71:41:00,163,30.9,57,1800,2.263888889,50,0.382,0.022638889,0.618,0.313455556,High,23,181.0
71:42:00,168,44.2,84,1800,2.333333333,50,0.116,0.023333333,0.884,0.368533333,High,23,163.0
71:43:00,127,29.8,83,1800,1.763888889,50,0.404,0.017638889,0.596,0.419855556,Very High,23,168.0
71:44:00,83,26.3,78,1800,1.152777778,50,0.474,0.011527778,0.526,0.411411111,Very High,23,127.0
71:45:00,113,22.5,76,1800,1.569444444,50,0.55,0.015694444,0.45,0.420277778,Very High,23,83.0
71:46:00,138,34.0,50,1800,1.916666667,50,0.32,0.019166667,0.68,0.271666667,Moderate,23,113.0
71:47:00,70,34.5,64,1800,0.972222222,50,0.31,0.009722222,0.69,0.321888889,High,23,138.0
71:48:00,198,45.2,35,1800,2.75,50,0.096,0.0275,0.904,0.1702,Low,23,70.0
71:49:00,122,26.6,51,1800,1.694444444,50,0.468,0.016944444,0.532,0.304377778,High,23,198.0
71:50:00,171,31.4,42,1800,2.375,50,0.372,0.02375,0.628,0.2519,Moderate,23,122.0
71:51:00,90,44.3,34,1800,1.25,50,0.114,0.0125,0.886,0.1638,Low,23,171.0
71:52:00,176,44.7,71,1800,2.444444444,50,0.106,0.024444444,0.894,0.314977778,High,23,90.0
71:53:00,111,31.5,42,1800,1.541666667,50,0.37,0.015416667,0.63,0.248166667,Moderate,23,176.0
71:54:00,157,33.8,63,1800,2.180555556,50,0.324,0.021805556,0.676,0.325522222,High,23,111.0
71:55:00,75,29.1,49,1800,1.041666667,50,0.418,0.010416667,0.582,0.283766667,Moderate,23,157.0
71:56:00,180,48.0,30,1800,2.5,50,0.04,0.025,0.96,0.138,Low,23,75.0
71:57:00,91,23.6,47,1800,1.263888889,50,0.528,0.012638889,0.472,0.298655556,Moderate,23,180.0
71:58:00,76,48.0,75,1800,1.055555556,50,0.04,0.010555556,0.96,0.312222222,High,23,91.0
71:59:00,136,40.5,43,1800,1.888888889,50,0.19,0.018888889,0.81,0.217555556,Moderate,23,76.0
72:00:00,111,35.9,45,1800,1.541666667,50,0.282,0.015416667,0.718,0.242566667,Moderate,0,136.0
72:01:00,91,21.0,73,1800,1.263888889,50,0.58,0.012638889,0.42,0.413055556,Very High,0,111.0
72:02:00,85,34.3,81,1800,1.180555556,50,0.314,0.011805556,0.686,0.391522222,High,0,91.0
72:03:00,198,32.2,76,1800,2.75,50,0.356,0.0275,0.644,0.3862,High,0,85.0
72:04:00,165,24.8,54,1800,2.291666667,50,0.504,0.022916667,0.496,0.325966667,High,0,198.0
72:05:00,59,39.7,68,1800,0.819444444,50,0.206,0.008194444,0.794,0.316477778,High,0,165.0
72:06:00,52,49.1,57,1800,0.722222222,50,0.018,0.007222222,0.982,0.234488889,Moderate,0,59.0
72:07:00,128,36.9,36,1800,1.777777778,50,0.262,0.017777778,0.738,0.203511111,Moderate,0,52.0
72:08:00,161,41.4,78,1800,2.236111111,50,0.172,0.022361111,0.828,0.355344444,High,0,128.0
72:09:00,195,22.1,70,1800,2.708333333,50,0.558,0.027083333,0.442,0.402433333,Very High,0,161.0
72:10:00,198,32.5,34,1800,2.75,50,0.35,0.0275,0.65,0.217,Moderate,0,195.0
72:11:00,183,23.5,70,1800,2.541666667,50,0.53,0.025416667,0.47,0.396166667,High,0,198.0
72:12:00,159,38.4,82,1800,2.208333333,50,0.232,0.022083333,0.768,0.383233333,High,0,183.0
72:13:00,69,48.2,51,1800,0.958333333,50,0.036,0.009583333,0.964,0.215033333,Moderate,0,159.0
72:14:00,92,39.9,73,1800,1.277777778,50,0.202,0.012777778,0.798,0.337511111,High,0,69.0
72:15:00,68,22.3,42,1800,0.944444444,50,0.554,0.009444444,0.446,0.282577778,Moderate,0,92.0
72:16:00,133,30.6,40,1800,1.847222222,50,0.388,0.018472222,0.612,0.244988889,Moderate,0,68.0
72:17:00,51,36.5,82,1800,0.708333333,50,0.27,0.007083333,0.73,0.384833333,High,0,133.0
72:18:00,174,32.1,34,1800,2.416666667,50,0.358,0.024166667,0.642,0.217266667,Moderate,0,51.0
72:19:00,76,45.0,83,1800,1.055555556,50,0.1,0.010555556,0.9,0.356222222,High,0,174.0
72:20:00,159,44.4,87,1800,2.208333333,50,0.112,0.022083333,0.888,0.379233333,High,0,76.0
72:21:00,75,38.4,49,1800,1.041666667,50,0.232,0.010416667,0.768,0.246566667,Moderate,0,159.0
72:22:00,67,31.2,39,1800,0.930555556,50,0.376,0.009305556,0.624,0.234922222,Moderate,0,75.0
72:23:00,76,27.7,51,1800,1.055555556,50,0.446,0.010555556,0.554,0.297422222,Moderate,0,67.0
72:24:00,57,23.2,37,1800,0.791666667,50,0.536,0.007916667,0.464,0.258366667,Moderate,0,76.0
72:25:00,196,30.6,69,1800,2.722222222,50,0.388,0.027222222,0.612,0.364488889,High,0,57.0
72:26:00,59,32.4,35,1800,0.819444444,50,0.352,0.008194444,0.648,0.213677778,Moderate,0,196.0
72:27:00,52,40.3,80,1800,0.722222222,50,0.194,0.007222222,0.806,0.361688889,High,0,59.0
72:28:00,126,39.7,40,1800,1.75,50,0.206,0.0175,0.794,0.2082,Moderate,0,52.0
72:29:00,108,22.1,51,1800,1.5,50,0.558,0.015,0.442,0.3216,High,0,126.0
72:30:00,200,31.9,81,1800,2.777777778,50,0.362,0.027777778,0.638,0.407511111,Very High,0,108.0
72:31:00,153,25.5,84,1800,2.125,50,0.49,0.02125,0.51,0.4425,Very High,0,200.0
72:32:00,67,24.7,47,1800,0.930555556,50,0.506,0.009305556,0.494,0.292922222,Moderate,0,153.0
72:33:00,167,44.8,47,1800,2.319444444,50,0.104,0.023194444,0.896,0.218077778,Moderate,0,67.0
72:34:00,119,21.3,74,1800,1.652777778,50,0.574,0.016527778,0.426,0.417411111,Very High,0,167.0
72:35:00,178,32.6,32,1800,2.472222222,50,0.348,0.024722222,0.652,0.207488889,Moderate,0,119.0
72:36:00,189,25.0,56,1800,2.625,50,0.5,0.02625,0.5,0.3345,High,0,178.0
72:37:00,71,46.4,47,1800,0.986111111,50,0.072,0.009861111,0.928,0.206344444,Moderate,0,189.0
72:38:00,117,36.7,67,1800,1.625,50,0.266,0.01625,0.734,0.3277,High,0,71.0
72:39:00,146,26.9,56,1800,2.027777778,50,0.462,0.020277778,0.538,0.324511111,High,0,117.0
72:40:00,115,35.1,36,1800,1.597222222,50,0.298,0.015972222,0.702,0.209988889,Moderate,0,146.0
72:41:00,182,41.9,52,1800,2.527777778,50,0.162,0.025277778,0.838,0.250511111,Moderate,0,115.0
72:42:00,188,48.7,59,1800,2.611111111,50,0.026,0.026111111,0.974,0.251644444,Moderate,0,182.0
72:43:00,84,26.6,87,1800,1.166666667,50,0.468,0.011666667,0.532,0.446266667,Very High,0,188.0
72:44:00,153,46.6,64,1800,2.125,50,0.068,0.02125,0.932,0.2781,Moderate,0,84.0
72:45:00,89,48.0,40,1800,1.236111111,50,0.04,0.012361111,0.96,0.172944444,Low,0,153.0
72:46:00,175,47.5,67,1800,2.430555556,50,0.05,0.024305556,0.95,0.287722222,Moderate,0,89.0
72:47:00,157,39.1,56,1800,2.180555556,50,0.218,0.021805556,0.782,0.276322222,Moderate,0,175.0
72:48:00,63,38.9,58,1800,0.875,50,0.222,0.00875,0.778,0.2799,Moderate,0,157.0
72:49:00,181,32.1,71,1800,2.513888889,50,0.358,0.025138889,0.642,0.365655556,High,0,63.0
72:50:00,62,42.6,72,1800,0.861111111,50,0.148,0.008611111,0.852,0.321044444,High,0,181.0
72:51:00,198,35.9,75,1800,2.75,50,0.282,0.0275,0.718,0.3674,High,0,62.0
72:52:00,62,40.3,46,1800,0.861111111,50,0.194,0.008611111,0.806,0.226244444,Moderate,0,198.0
72:53:00,188,32.9,49,1800,2.611111111,50,0.342,0.026111111,0.658,0.274844444,Moderate,0,62.0
72:54:00,144,41.9,75,1800,2.0,50,0.162,0.02,0.838,0.3404,High,0,188.0
72:55:00,123,44.7,49,1800,1.708333333,50,0.106,0.017083333,0.894,0.224033333,Moderate,0,144.0
72:56:00,86,24.4,87,1800,1.194444444,50,0.512,0.011944444,0.488,0.455177778,Very High,0,123.0
72:57:00,108,45.0,76,1800,1.5,50,0.1,0.015,0.9,0.33,High,0,86.0
72:58:00,189,36.2,32,1800,2.625,50,0.276,0.02625,0.724,0.1937,Low,0,108.0
72:59:00,101,45.3,48,1800,1.402777778,50,0.094,0.014027778,0.906,0.216411111,Moderate,0,189.0
73:00:00,88,32.9,87,1800,1.222222222,50,0.342,0.012222222,0.658,0.421288889,Very High,1,101.0
73:01:00,83,31.4,30,1800,1.152777778,50,0.372,0.011527778,0.628,0.199011111,Low,1,88.0
73:02:00,174,47.5,31,1800,2.416666667,50,0.05,0.024166667,0.95,0.143666667,Low,1,83.0
73:03:00,110,27.5,31,1800,1.527777778,50,0.45,0.015277778,0.55,0.220111111,Moderate,1,174.0
73:04:00,190,45.3,41,1800,2.638888889,50,0.094,0.026388889,0.906,0.193355556,Low,1,110.0
73:05:00,188,34.5,59,1800,2.611111111,50,0.31,0.026111111,0.69,0.308444444,High,1,190.0
73:06:00,177,35.4,90,1800,2.458333333,50,0.292,0.024583333,0.708,0.428233333,Very High,1,188.0
73:07:00,117,29.3,38,1800,1.625,50,0.414,0.01625,0.586,0.2413,Moderate,1,177.0
73:08:00,144,37.2,43,1800,2.0,50,0.256,0.02,0.744,0.2312,Moderate,1,117.0
73:09:00,137,29.8,64,1800,1.902777778,50,0.404,0.019027778,0.596,0.344411111,High,1,144.0
73:10:00,138,21.2,75,1800,1.916666667,50,0.576,0.019166667,0.424,0.422866667,Very High,1,137.0
73:11:00,80,28.2,65,1800,1.111111111,50,0.436,0.011111111,0.564,0.351644444,High,1,138.0
73:12:00,63,20.2,40,1800,0.875,50,0.596,0.00875,0.404,0.2827,Moderate,1,80.0
73:13:00,98,49.4,37,1800,1.361111111,50,0.012,0.013611111,0.988,0.155844444,Low,1,63.0
73:14:00,175,49.0,87,1800,2.430555556,50,0.02,0.024305556,0.98,0.361722222,High,1,98.0
73:15:00,101,31.9,43,1800,1.402777778,50,0.362,0.014027778,0.638,0.250011111,Moderate,1,175.0
73:16:00,74,41.9,83,1800,1.027777778,50,0.162,0.010277778,0.838,0.368511111,High,1,101.0
73:17:00,150,30.4,48,1800,2.083333333,50,0.392,0.020833333,0.608,0.278733333,Moderate,1,74.0
73:18:00,131,40.1,76,1800,1.819444444,50,0.198,0.018194444,0.802,0.350877778,High,1,150.0
73:19:00,76,44.2,61,1800,1.055555556,50,0.116,0.010555556,0.884,0.271422222,Moderate,1,131.0
73:20:00,146,48.4,51,1800,2.027777778,50,0.032,0.020277778,0.968,0.218511111,Moderate,1,76.0
73:21:00,188,32.0,68,1800,2.611111111,50,0.36,0.026111111,0.64,0.354444444,High,1,146.0
73:22:00,77,43.5,64,1800,1.069444444,50,0.13,0.010694444,0.87,0.286277778,Moderate,1,188.0
73:23:00,54,28.0,66,1800,0.75,50,0.44,0.0075,0.56,0.355,High,1,77.0
73:24:00,96,49.7,54,1800,1.333333333,50,0.006,0.013333333,0.994,0.222533333,Moderate,1,54.0
73:25:00,189,20.8,52,1800,2.625,50,0.584,0.02625,0.416,0.3353,High,1,96.0
73:26:00,162,38.1,58,1800,2.25,50,0.238,0.0225,0.762,0.2886,Moderate,1,189.0
73:27:00,163,39.8,38,1800,2.263888889,50,0.204,0.022638889,0.796,0.201855556,Moderate,1,162.0
73:28:00,76,40.6,72,1800,1.055555556,50,0.188,0.010555556,0.812,0.329822222,High,1,163.0
73:29:00,182,23.6,71,1800,2.527777778,50,0.528,0.025277778,0.472,0.399711111,High,1,76.0
73:30:00,74,48.2,73,1800,1.027777778,50,0.036,0.010277778,0.964,0.303311111,High,1,182.0
73:31:00,184,25.4,88,1800,2.555555556,50,0.492,0.025555556,0.508,0.460622222,Very High,1,74.0
73:32:00,196,38.7,79,1800,2.722222222,50,0.226,0.027222222,0.774,0.372088889,High,1,184.0
73:33:00,83,26.7,81,1800,1.152777778,50,0.466,0.011527778,0.534,0.421811111,Very High,1,196.0
73:34:00,86,29.2,83,1800,1.194444444,50,0.416,0.011944444,0.584,0.419977778,Very High,1,83.0
73:35:00,97,36.4,53,1800,1.347222222,50,0.272,0.013472222,0.728,0.271788889,Moderate,1,86.0
73:36:00,58,32.5,33,1800,0.805555556,50,0.35,0.008055556,0.65,0.205222222,Moderate,1,97.0
73:37:00,92,24.8,78,1800,1.277777778,50,0.504,0.012777778,0.496,0.417911111,Very High,1,58.0
73:38:00,117,25.1,33,1800,1.625,50,0.498,0.01625,0.502,0.2381,Moderate,1,92.0
73:39:00,137,32.5,86,1800,1.902777778,50,0.35,0.019027778,0.65,0.421611111,Very High,1,117.0
73:40:00,79,42.7,72,1800,1.097222222,50,0.146,0.010972222,0.854,0.321588889,High,1,137.0
73:41:00,53,46.9,49,1800,0.736111111,50,0.062,0.007361111,0.938,0.211344444,Moderate,1,79.0
73:42:00,174,22.5,80,1800,2.416666667,50,0.55,0.024166667,0.45,0.439666667,Very High,1,53.0
73:43:00,170,31.8,52,1800,2.361111111,50,0.364,0.023611111,0.636,0.290244444,Moderate,1,174.0
73:44:00,108,23.0,71,1800,1.5,50,0.54,0.015,0.46,0.398,High,1,170.0
73:45:00,114,20.5,43,1800,1.583333333,50,0.59,0.015833333,0.41,0.296333333,Moderate,1,108.0
73:46:00,134,39.9,39,1800,1.861111111,50,0.202,0.018611111,0.798,0.203844444,Moderate,1,114.0
73:47:00,50,38.1,72,1800,0.694444444,50,0.238,0.006944444,0.762,0.338377778,High,1,134.0
73:48:00,126,24.9,81,1800,1.75,50,0.502,0.0175,0.498,0.4314,Very High,1,50.0
73:49:00,106,27.0,37,1800,1.472222222,50,0.46,0.014722222,0.54,0.245888889,Moderate,1,126.0
73:50:00,158,20.7,54,1800,2.194444444,50,0.586,0.021944444,0.414,0.341977778,High,1,106.0
73:51:00,182,45.0,54,1800,2.527777778,50,0.1,0.025277778,0.9,0.246111111,Moderate,1,158.0
73:52:00,143,49.2,64,1800,1.986111111,50,0.016,0.019861111,0.984,0.267144444,Moderate,1,182.0
73:53:00,50,24.1,49,1800,0.694444444,50,0.518,0.006944444,0.482,0.302377778,High,1,143.0
73:54:00,168,26.9,80,1800,2.333333333,50,0.462,0.023333333,0.538,0.421733333,Very High,1,50.0
73:55:00,163,46.1,75,1800,2.263888889,50,0.078,0.022638889,0.922,0.324655556,High,1,168.0
73:56:00,150,47.8,36,1800,2.083333333,50,0.044,0.020833333,0.956,0.161133333,Low,1,163.0
73:57:00,106,32.6,47,1800,1.472222222,50,0.348,0.014722222,0.652,0.263488889,Moderate,1,150.0
73:58:00,93,21.5,41,1800,1.291666667,50,0.57,0.012916667,0.43,0.283166667,Moderate,1,106.0
73:59:00,98,21.2,32,1800,1.361111111,50,0.576,0.013611111,0.424,0.248644444,Moderate,1,93.0
74:00:00,134,37.2,48,1800,1.861111111,50,0.256,0.018611111,0.744,0.250644444,Moderate,2,98.0
74:01:00,119,31.8,30,1800,1.652777778,50,0.364,0.016527778,0.636,0.199411111,Low,2,134.0
74:02:00,73,20.9,76,1800,1.013888889,50,0.582,0.010138889,0.418,0.424455556,Very High,2,119.0
74:03:00,146,37.5,66,1800,2.027777778,50,0.25,0.020277778,0.75,0.322111111,High,2,73.0
74:04:00,79,20.3,86,1800,1.097222222,50,0.594,0.010972222,0.406,0.467188889,Very High,2,146.0
74:05:00,90,43.6,38,1800,1.25,50,0.128,0.0125,0.872,0.1826,Low,2,79.0
74:06:00,94,29.2,89,1800,1.305555556,50,0.416,0.013055556,0.584,0.444422222,Very High,2,90.0
74:07:00,63,21.2,33,1800,0.875,50,0.576,0.00875,0.424,0.2507,Moderate,2,94.0
74:08:00,81,37.7,74,1800,1.125,50,0.246,0.01125,0.754,0.3497,High,2,63.0
74:09:00,66,31.9,87,1800,0.916666667,50,0.362,0.009166667,0.638,0.424066667,Very High,2,81.0
74:10:00,193,49.2,83,1800,2.680555556,50,0.016,0.026805556,0.984,0.345922222,High,2,66.0
74:11:00,69,36.3,54,1800,0.958333333,50,0.274,0.009583333,0.726,0.274633333,Moderate,2,193.0
74:12:00,65,28.3,41,1800,0.902777778,50,0.434,0.009027778,0.566,0.254411111,Moderate,2,69.0
74:13:00,189,41.3,38,1800,2.625,50,0.174,0.02625,0.826,0.1973,Low,2,65.0
74:14:00,99,28.1,36,1800,1.375,50,0.438,0.01375,0.562,0.2371,Moderate,2,189.0
74:15:00,128,47.1,58,1800,1.777777778,50,0.058,0.017777778,0.942,0.250711111,Moderate,2,99.0
74:16:00,153,31.2,35,1800,2.125,50,0.376,0.02125,0.624,0.2237,Moderate,2,128.0
74:17:00,51,36.5,84,1800,0.708333333,50,0.27,0.007083333,0.73,0.392833333,High,2,153.0
74:18:00,127,21.5,69,1800,1.763888889,50,0.57,0.017638889,0.43,0.397055556,High,2,51.0
74:19:00,135,32.8,74,1800,1.875,50,0.344,0.01875,0.656,0.3723,High,2,127.0
74:20:00,67,45.0,61,1800,0.930555556,50,0.1,0.009305556,0.9,0.267722222,Moderate,2,135.0
74:21:00,192,44.2,70,1800,2.666666667,50,0.116,0.026666667,0.884,0.313866667,High,2,67.0
74:22:00,53,26.7,45,1800,0.736111111,50,0.466,0.007361111,0.534,0.276144444,Moderate,2,192.0
74:23:00,55,26.8,83,1800,0.763888889,50,0.464,0.007638889,0.536,0.427855556,Very High,2,53.0
74:24:00,96,44.5,60,1800,1.333333333,50,0.11,0.013333333,0.89,0.267333333,Moderate,2,55.0
74:25:00,153,47.9,62,1800,2.125,50,0.042,0.02125,0.958,0.2649,Moderate,2,96.0
74:26:00,50,22.9,33,1800,0.694444444,50,0.542,0.006944444,0.458,0.243177778,Moderate,2,153.0
74:27:00,73,33.5,36,1800,1.013888889,50,0.33,0.010138889,0.67,0.214055556,Moderate,2,50.0
74:28:00,97,30.1,71,1800,1.347222222,50,0.398,0.013472222,0.602,0.368988889,High,2,73.0
74:29:00,162,46.1,73,1800,2.25,50,0.078,0.0225,0.922,0.3166,High,2,97.0
74:30:00,80,22.5,57,1800,1.111111111,50,0.55,0.011111111,0.45,0.342444444,High,2,162.0
74:31:00,118,26.3,48,1800,1.638888889,50,0.474,0.016388889,0.526,0.293355556,Moderate,2,80.0
74:32:00,142,42.6,79,1800,1.972222222,50,0.148,0.019722222,0.852,0.353488889,High,2,118.0
74:33:00,103,21.5,90,1800,1.430555556,50,0.57,0.014305556,0.43,0.479722222,Very High,2,142.0
74:34:00,62,34.8,74,1800,0.861111111,50,0.304,0.008611111,0.696,0.360244444,High,2,103.0
74:35:00,133,33.3,77,1800,1.847222222,50,0.334,0.018472222,0.666,0.382188889,High,2,62.0
74:36:00,51,30.0,85,1800,0.708333333,50,0.4,0.007083333,0.6,0.422833333,Very High,2,133.0
74:37:00,70,31.8,90,1800,0.972222222,50,0.364,0.009722222,0.636,0.436688889,Very High,2,51.0
74:38:00,122,35.9,55,1800,1.694444444,50,0.282,0.016944444,0.718,0.283177778,Moderate,2,70.0
74:39:00,114,24.8,51,1800,1.583333333,50,0.504,0.015833333,0.496,0.311133333,High,2,122.0
74:40:00,103,37.2,75,1800,1.430555556,50,0.256,0.014305556,0.744,0.356922222,High,2,114.0
74:41:00,88,44.2,70,1800,1.222222222,50,0.116,0.012222222,0.884,0.308088889,High,2,103.0
74:42:00,166,42.8,72,1800,2.305555556,50,0.144,0.023055556,0.856,0.326022222,High,2,88.0
74:43:00,150,24.6,87,1800,2.083333333,50,0.508,0.020833333,0.492,0.457933333,Very High,2,166.0
74:44:00,50,24.5,76,1800,0.694444444,50,0.51,0.006944444,0.49,0.408777778,Very High,2,150.0
74:45:00,184,28.0,61,1800,2.555555556,50,0.44,0.025555556,0.56,0.342222222,High,2,50.0
74:46:00,178,30.8,46,1800,2.472222222,50,0.384,0.024722222,0.616,0.270688889,Moderate,2,184.0
74:47:00,174,32.3,69,1800,2.416666667,50,0.354,0.024166667,0.646,0.356466667,High,2,178.0
74:48:00,148,40.4,49,1800,2.055555556,50,0.192,0.020555556,0.808,0.242622222,Moderate,2,174.0
74:49:00,134,21.7,58,1800,1.861111111,50,0.566,0.018611111,0.434,0.352644444,High,2,148.0
74:50:00,178,21.0,86,1800,2.472222222,50,0.58,0.024722222,0.42,0.469888889,Very High,2,134.0
74:51:00,72,31.8,86,1800,1.0,50,0.364,0.01,0.636,0.4208,Very High,2,178.0
74:52:00,129,40.9,59,1800,1.791666667,50,0.182,0.017916667,0.818,0.279566667,Moderate,2,72.0
74:53:00,87,25.8,79,1800,1.208333333,50,0.484,0.012083333,0.516,0.417633333,Very High,2,129.0
74:54:00,54,39.2,30,1800,0.75,50,0.216,0.0075,0.784,0.1662,Low,2,87.0
74:55:00,65,27.8,37,1800,0.902777778,50,0.444,0.009027778,0.556,0.240411111,Moderate,2,54.0
74:56:00,103,46.6,45,1800,1.430555556,50,0.068,0.014305556,0.932,0.199322222,Low,2,65.0
74:57:00,129,46.9,32,1800,1.791666667,50,0.062,0.017916667,0.938,0.147566667,Low,2,103.0
74:58:00,89,28.9,35,1800,1.236111111,50,0.422,0.012361111,0.578,0.229344444,Moderate,2,129.0
74:59:00,200,26.9,42,1800,2.777777778,50,0.462,0.027777778,0.538,0.271511111,Moderate,2,89.0
75:00:00,91,32.3,76,1800,1.263888889,50,0.354,0.012638889,0.646,0.379855556,High,3,200.0
75:01:00,108,27.2,41,1800,1.5,50,0.456,0.015,0.544,0.2612,Moderate,3,91.0
75:02:00,62,40.2,38,1800,0.861111111,50,0.196,0.008611111,0.804,0.194644444,Low,3,108.0
75:03:00,156,44.8,42,1800,2.166666667,50,0.104,0.021666667,0.896,0.197466667,Low,3,62.0
75:04:00,164,40.2,57,1800,2.277777778,50,0.196,0.022777778,0.804,0.276311111,Moderate,3,156.0
75:05:00,114,44.7,78,1800,1.583333333,50,0.106,0.015833333,0.894,0.339533333,High,3,164.0
75:06:00,126,31.9,52,1800,1.75,50,0.362,0.0175,0.638,0.2874,Moderate,3,114.0
75:07:00,160,24.7,59,1800,2.222222222,50,0.506,0.022222222,0.494,0.346088889,High,3,126.0
75:08:00,124,42.1,78,1800,1.722222222,50,0.158,0.017222222,0.842,0.350488889,High,3,160.0
75:09:00,178,30.8,87,1800,2.472222222,50,0.384,0.024722222,0.616,0.434688889,Very High,3,124.0
75:10:00,200,40.1,76,1800,2.777777778,50,0.198,0.027777778,0.802,0.354711111,High,3,178.0
75:11:00,141,28.1,68,1800,1.958333333,50,0.438,0.019583333,0.562,0.367433333,High,3,200.0
75:12:00,62,22.4,41,1800,0.861111111,50,0.552,0.008611111,0.448,0.277844444,Moderate,3,141.0
75:13:00,73,49.8,66,1800,1.013888889,50,0.004,0.010138889,0.996,0.268855556,Moderate,3,62.0
75:14:00,176,24.7,46,1800,2.444444444,50,0.506,0.024444444,0.494,0.294977778,Moderate,3,73.0
75:15:00,130,49.7,70,1800,1.805555556,50,0.006,0.018055556,0.994,0.288422222,Moderate,3,176.0
75:16:00,133,49.3,59,1800,1.847222222,50,0.014,0.018472222,0.986,0.246188889,Moderate,3,130.0
75:17:00,81,43.8,57,1800,1.125,50,0.124,0.01125,0.876,0.2573,Moderate,3,133.0
75:18:00,134,39.8,52,1800,1.861111111,50,0.204,0.018611111,0.796,0.256244444,Moderate,3,81.0
75:19:00,62,37.3,87,1800,0.861111111,50,0.254,0.008611111,0.746,0.402244444,Very High,3,134.0
75:20:00,81,46.0,50,1800,1.125,50,0.08,0.01125,0.92,0.2205,Moderate,3,62.0
75:21:00,150,28.7,32,1800,2.083333333,50,0.426,0.020833333,0.574,0.221533333,Moderate,3,81.0
75:22:00,110,34.0,36,1800,1.527777778,50,0.32,0.015277778,0.68,0.214111111,Moderate,3,150.0
75:23:00,179,38.6,34,1800,2.486111111,50,0.228,0.024861111,0.772,0.191544444,Low,3,110.0
75:24:00,51,32.3,44,1800,0.708333333,50,0.354,0.007083333,0.646,0.249633333,Moderate,3,179.0
75:25:00,66,32.8,54,1800,0.916666667,50,0.344,0.009166667,0.656,0.288466667,Moderate,3,51.0
75:26:00,112,29.9,77,1800,1.555555556,50,0.402,0.015555556,0.598,0.394622222,High,3,66.0
75:27:00,133,36.9,86,1800,1.847222222,50,0.262,0.018472222,0.738,0.403788889,Very High,3,112.0
75:28:00,166,45.5,73,1800,2.305555556,50,0.09,0.023055556,0.91,0.319222222,High,3,133.0
75:29:00,196,26.0,63,1800,2.722222222,50,0.48,0.027222222,0.52,0.358888889,High,3,166.0
75:30:00,177,48.0,85,1800,2.458333333,50,0.04,0.024583333,0.96,0.357833333,High,3,196.0
75:31:00,124,40.7,72,1800,1.722222222,50,0.186,0.017222222,0.814,0.332088889,High,3,177.0
75:32:00,99,44.7,89,1800,1.375,50,0.106,0.01375,0.894,0.3827,High,3,124.0
75:33:00,104,36.7,45,1800,1.444444444,50,0.266,0.014444444,0.734,0.238977778,Moderate,3,99.0
75:34:00,118,43.4,42,1800,1.638888889,50,0.132,0.016388889,0.868,0.200955556,Moderate,3,104.0
75:35:00,78,20.5,40,1800,1.083333333,50,0.59,0.010833333,0.41,0.282333333,Moderate,3,118.0
75:36:00,70,44.6,51,1800,0.972222222,50,0.108,0.009722222,0.892,0.229488889,Moderate,3,78.0
75:37:00,83,21.2,68,1800,1.152777778,50,0.576,0.011527778,0.424,0.391811111,High,3,70.0
75:38:00,168,46.7,86,1800,2.333333333,50,0.066,0.023333333,0.934,0.366533333,High,3,83.0
75:39:00,193,49.8,37,1800,2.680555556,50,0.004,0.026805556,0.996,0.159522222,Low,3,168.0
75:40:00,174,28.8,83,1800,2.416666667,50,0.424,0.024166667,0.576,0.426466667,Very High,3,193.0
75:41:00,107,26.3,65,1800,1.486111111,50,0.474,0.014861111,0.526,0.360744444,High,3,174.0
75:42:00,186,43.0,44,1800,2.583333333,50,0.14,0.025833333,0.86,0.214333333,Moderate,3,107.0
75:43:00,143,27.6,83,1800,1.986111111,50,0.448,0.019861111,0.552,0.429544444,Very High,3,186.0
75:44:00,120,46.0,90,1800,1.666666667,50,0.08,0.016666667,0.92,0.382666667,High,3,143.0
75:45:00,70,23.1,56,1800,0.972222222,50,0.538,0.009722222,0.462,0.335488889,High,3,120.0
75:46:00,103,23.8,72,1800,1.430555556,50,0.524,0.014305556,0.476,0.398522222,High,3,70.0
75:47:00,117,49.4,37,1800,1.625,50,0.012,0.01625,0.988,0.1569,Low,3,103.0
75:48:00,185,40.2,69,1800,2.569444444,50,0.196,0.025694444,0.804,0.325477778,High,3,117.0
75:49:00,109,45.4,39,1800,1.513888889,50,0.092,0.015138889,0.908,0.180455556,Low,3,185.0
75:50:00,172,29.7,73,1800,2.388888889,50,0.406,0.023888889,0.594,0.382755556,High,3,109.0
75:51:00,173,40.3,86,1800,2.402777778,50,0.194,0.024027778,0.806,0.392411111,High,3,172.0
75:52:00,92,37.8,54,1800,1.277777778,50,0.244,0.012777778,0.756,0.269911111,Moderate,3,173.0
75:53:00,111,38.1,63,1800,1.541666667,50,0.238,0.015416667,0.762,0.305766667,High,3,92.0
75:54:00,92,40.5,65,1800,1.277777778,50,0.19,0.012777778,0.81,0.303111111,High,3,111.0
75:55:00,92,37.3,31,1800,1.277777778,50,0.254,0.012777778,0.746,0.179911111,Low,3,92.0
75:56:00,79,32.9,55,1800,1.097222222,50,0.342,0.010972222,0.658,0.292788889,Moderate,3,92.0
75:57:00,178,28.3,74,1800,2.472222222,50,0.434,0.024722222,0.566,0.392688889,High,3,79.0
75:58:00,143,43.1,88,1800,1.986111111,50,0.138,0.019861111,0.862,0.387544444,High,3,178.0
75:59:00,72,26.8,66,1800,1.0,50,0.464,0.01,0.536,0.3608,High,3,143.0
76:00:00,149,40.8,43,1800,2.069444444,50,0.184,0.020694444,0.816,0.217077778,Moderate,4,72.0
76:01:00,189,27.0,40,1800,2.625,50,0.46,0.02625,0.54,0.2625,Moderate,4,149.0
76:02:00,157,38.8,44,1800,2.180555556,50,0.224,0.021805556,0.776,0.229522222,Moderate,4,189.0
76:03:00,139,42.4,38,1800,1.930555556,50,0.152,0.019305556,0.848,0.190122222,Low,4,157.0
76:04:00,164,26.6,69,1800,2.277777778,50,0.468,0.022777778,0.532,0.378711111,High,4,139.0
76:05:00,68,21.8,89,1800,0.944444444,50,0.564,0.009444444,0.436,0.472577778,Very High,4,164.0
76:06:00,185,23.9,81,1800,2.569444444,50,0.522,0.025694444,0.478,0.438677778,Very High,4,68.0
76:07:00,111,38.2,47,1800,1.541666667,50,0.236,0.015416667,0.764,0.241366667,Moderate,4,185.0
76:08:00,173,45.5,30,1800,2.402777778,50,0.09,0.024027778,0.91,0.147611111,Low,4,111.0
76:09:00,95,21.3,90,1800,1.319444444,50,0.574,0.013194444,0.426,0.480077778,Very High,4,173.0
76:10:00,187,42.0,81,1800,2.597222222,50,0.16,0.025972222,0.84,0.366388889,High,4,95.0
76:11:00,92,30.2,77,1800,1.277777778,50,0.396,0.012777778,0.604,0.392311111,High,4,187.0
76:12:00,112,34.4,79,1800,1.555555556,50,0.312,0.015555556,0.688,0.384622222,High,4,92.0
76:13:00,54,47.9,68,1800,0.75,50,0.042,0.0075,0.958,0.2834,Moderate,4,112.0
76:14:00,76,30.0,53,1800,1.055555556,50,0.4,0.010555556,0.6,0.296222222,Moderate,4,54.0
76:15:00,126,34.0,35,1800,1.75,50,0.32,0.0175,0.68,0.211,Moderate,4,76.0
76:16:00,122,20.4,88,1800,1.694444444,50,0.592,0.016944444,0.408,0.477177778,Very High,4,126.0
76:17:00,52,22.4,69,1800,0.722222222,50,0.552,0.007222222,0.448,0.389288889,High,4,122.0
76:18:00,139,27.8,62,1800,1.930555556,50,0.444,0.019305556,0.556,0.344522222,High,4,52.0
76:19:00,118,20.8,83,1800,1.638888889,50,0.584,0.016388889,0.416,0.455355556,Very High,4,139.0
76:20:00,121,38.9,47,1800,1.680555556,50,0.222,0.016805556,0.778,0.239122222,Moderate,4,118.0
76:21:00,93,32.8,83,1800,1.291666667,50,0.344,0.012916667,0.656,0.405966667,Very High,4,121.0
76:22:00,94,36.4,59,1800,1.305555556,50,0.272,0.013055556,0.728,0.295622222,Moderate,4,93.0
76:23:00,146,25.2,54,1800,2.027777778,50,0.496,0.020277778,0.504,0.323311111,High,4,94.0
76:24:00,52,28.9,39,1800,0.722222222,50,0.422,0.007222222,0.578,0.243288889,Moderate,4,146.0
76:25:00,81,39.9,58,1800,1.125,50,0.202,0.01125,0.798,0.2769,Moderate,4,52.0
76:26:00,130,49.0,81,1800,1.805555556,50,0.02,0.018055556,0.98,0.335222222,High,4,81.0
76:27:00,159,21.5,74,1800,2.208333333,50,0.57,0.022083333,0.43,0.418833333,Very High,4,130.0
76:28:00,66,46.7,56,1800,0.916666667,50,0.066,0.009166667,0.934,0.240866667,Moderate,4,159.0
76:29:00,78,37.3,62,1800,1.083333333,50,0.254,0.010833333,0.746,0.303133333,High,4,66.0
76:30:00,197,36.9,30,1800,2.736111111,50,0.262,0.027361111,0.738,0.183344444,Low,4,78.0
76:31:00,160,35.0,90,1800,2.222222222,50,0.3,0.022222222,0.7,0.428888889,Very High,4,197.0
76:32:00,200,22.1,61,1800,2.777777778,50,0.558,0.027777778,0.442,0.366711111,High,4,160.0
76:33:00,91,22.7,73,1800,1.263888889,50,0.546,0.012638889,0.454,0.406255556,Very High,4,200.0
76:34:00,59,38.0,38,1800,0.819444444,50,0.24,0.008194444,0.76,0.203277778,Moderate,4,91.0
76:35:00,125,30.2,57,1800,1.736111111,50,0.396,0.017361111,0.604,0.314144444,High,4,59.0
76:36:00,80,47.5,76,1800,1.111111111,50,0.05,0.011111111,0.95,0.318444444,High,4,125.0
76:37:00,136,32.2,49,1800,1.888888889,50,0.356,0.018888889,0.644,0.274755556,Moderate,4,80.0
76:38:00,129,24.3,89,1800,1.791666667,50,0.514,0.017916667,0.486,0.465966667,Very High,4,136.0
76:39:00,199,41.4,30,1800,2.763888889,50,0.172,0.027638889,0.828,0.165455556,Low,4,129.0
76:40:00,181,28.8,55,1800,2.513888889,50,0.424,0.025138889,0.576,0.314855556,High,4,199.0
76:41:00,94,35.8,86,1800,1.305555556,50,0.284,0.013055556,0.716,0.406022222,Very High,4,181.0
76:42:00,123,40.9,46,1800,1.708333333,50,0.182,0.017083333,0.818,0.227233333,Moderate,4,94.0
76:43:00,84,47.0,35,1800,1.166666667,50,0.06,0.011666667,0.94,0.156666667,Low,4,123.0
76:44:00,191,43.8,55,1800,2.652777778,50,0.124,0.026527778,0.876,0.255411111,Moderate,4,84.0
76:45:00,73,40.3,80,1800,1.013888889,50,0.194,0.010138889,0.806,0.362855556,High,4,191.0
76:46:00,162,40.4,53,1800,2.25,50,0.192,0.0225,0.808,0.2594,Moderate,4,73.0
76:47:00,106,48.4,79,1800,1.472222222,50,0.032,0.014722222,0.968,0.328288889,High,4,162.0
76:48:00,139,28.9,54,1800,1.930555556,50,0.422,0.019305556,0.578,0.308122222,High,4,106.0
76:49:00,140,20.0,54,1800,1.944444444,50,0.6,0.019444444,0.4,0.343777778,High,4,139.0
76:50:00,127,28.2,59,1800,1.763888889,50,0.436,0.017638889,0.564,0.330255556,High,4,140.0
76:51:00,193,26.5,49,1800,2.680555556,50,0.47,0.026805556,0.53,0.300722222,High,4,127.0
76:52:00,127,39.9,73,1800,1.763888889,50,0.202,0.017638889,0.798,0.339455556,High,4,193.0
76:53:00,96,39.0,44,1800,1.333333333,50,0.22,0.013333333,0.78,0.225333333,Moderate,4,127.0
76:54:00,164,37.8,68,1800,2.277777778,50,0.244,0.022777778,0.756,0.329911111,High,4,96.0
76:55:00,129,20.5,61,1800,1.791666667,50,0.59,0.017916667,0.41,0.369166667,High,4,164.0
76:56:00,168,41.9,41,1800,2.333333333,50,0.162,0.023333333,0.838,0.205733333,Moderate,4,129.0
76:57:00,84,29.7,89,1800,1.166666667,50,0.406,0.011666667,0.594,0.441866667,Very High,4,168.0
76:58:00,63,40.0,32,1800,0.875,50,0.2,0.00875,0.8,0.1715,Low,4,84.0
76:59:00,143,36.7,63,1800,1.986111111,50,0.266,0.019861111,0.734,0.313144444,High,4,63.0
77:00:00,188,30.3,86,1800,2.611111111,50,0.394,0.026111111,0.606,0.433244444,Very High,5,143.0
77:01:00,57,24.0,79,1800,0.791666667,50,0.52,0.007916667,0.48,0.423166667,Very High,5,188.0
77:02:00,134,22.8,52,1800,1.861111111,50,0.544,0.018611111,0.456,0.324244444,High,5,57.0
77:03:00,53,44.9,85,1800,0.736111111,50,0.102,0.007361111,0.898,0.363344444,High,5,134.0
77:04:00,109,47.6,90,1800,1.513888889,50,0.048,0.015138889,0.952,0.375655556,High,5,53.0
77:05:00,174,39.5,72,1800,2.416666667,50,0.21,0.024166667,0.79,0.339666667,High,5,109.0
77:06:00,99,23.1,65,1800,1.375,50,0.538,0.01375,0.462,0.3731,High,5,174.0
77:07:00,172,32.1,87,1800,2.388888889,50,0.358,0.023888889,0.642,0.429155556,Very High,5,99.0
77:08:00,196,41.9,64,1800,2.722222222,50,0.162,0.027222222,0.838,0.299288889,Moderate,5,172.0
77:09:00,152,43.4,68,1800,2.111111111,50,0.132,0.021111111,0.868,0.306844444,High,5,196.0
77:10:00,194,23.5,60,1800,2.694444444,50,0.53,0.026944444,0.47,0.356777778,High,5,152.0
77:11:00,154,20.0,66,1800,2.138888889,50,0.6,0.021388889,0.4,0.392555556,High,5,194.0
77:12:00,53,41.4,60,1800,0.736111111,50,0.172,0.007361111,0.828,0.277344444,Moderate,5,154.0
77:13:00,67,30.7,74,1800,0.930555556,50,0.386,0.009305556,0.614,0.376922222,High,5,53.0
77:14:00,122,27.6,34,1800,1.694444444,50,0.448,0.016944444,0.552,0.232377778,Moderate,5,67.0
77:15:00,57,20.4,44,1800,0.791666667,50,0.592,0.007916667,0.408,0.297566667,Moderate,5,122.0
77:16:00,93,36.2,70,1800,1.291666667,50,0.276,0.012916667,0.724,0.340366667,High,5,57.0
77:17:00,151,45.5,65,1800,2.097222222,50,0.09,0.020972222,0.91,0.286388889,Moderate,5,93.0
77:18:00,170,48.7,74,1800,2.361111111,50,0.026,0.023611111,0.974,0.310644444,High,5,151.0
77:19:00,106,37.0,57,1800,1.472222222,50,0.26,0.014722222,0.74,0.285888889,Moderate,5,170.0
77:20:00,102,35.4,68,1800,1.416666667,50,0.292,0.014166667,0.708,0.336066667,High,5,106.0
77:21:00,90,22.6,56,1800,1.25,50,0.548,0.0125,0.452,0.3386,High,5,102.0
77:22:00,161,36.5,47,1800,2.236111111,50,0.27,0.022361111,0.73,0.250944444,Moderate,5,90.0
77:23:00,92,31.4,32,1800,1.277777778,50,0.372,0.012777778,0.628,0.207511111,Moderate,5,161.0
77:24:00,80,38.2,70,1800,1.111111111,50,0.236,0.011111111,0.764,0.331644444,High,5,92.0
77:25:00,190,31.7,63,1800,2.638888889,50,0.366,0.026388889,0.634,0.335755556,High,5,80.0
77:26:00,170,27.2,63,1800,2.361111111,50,0.456,0.023611111,0.544,0.352644444,High,5,190.0
77:27:00,125,22.8,68,1800,1.736111111,50,0.544,0.017361111,0.456,0.387744444,High,5,170.0
77:28:00,188,29.4,56,1800,2.611111111,50,0.412,0.026111111,0.588,0.316844444,High,5,125.0
77:29:00,199,22.9,33,1800,2.763888889,50,0.542,0.027638889,0.458,0.251455556,Moderate,5,188.0
77:30:00,123,25.3,30,1800,1.708333333,50,0.494,0.017083333,0.506,0.225633333,Moderate,5,199.0
77:31:00,127,49.6,61,1800,1.763888889,50,0.008,0.017638889,0.992,0.252655556,Moderate,5,123.0
77:32:00,50,33.3,55,1800,0.694444444,50,0.334,0.006944444,0.666,0.289577778,Moderate,5,127.0
77:33:00,143,36.0,82,1800,1.986111111,50,0.28,0.019861111,0.72,0.391944444,High,5,50.0
77:34:00,157,46.2,53,1800,2.180555556,50,0.076,0.021805556,0.924,0.235922222,Moderate,5,143.0
77:35:00,99,49.9,60,1800,1.375,50,0.002,0.01375,0.998,0.2459,Moderate,5,157.0
77:36:00,77,37.5,50,1800,1.069444444,50,0.25,0.010694444,0.75,0.254277778,Moderate,5,99.0
77:37:00,71,44.4,60,1800,0.986111111,50,0.112,0.009861111,0.888,0.266344444,Moderate,5,77.0
77:38:00,51,29.8,78,1800,0.708333333,50,0.404,0.007083333,0.596,0.395633333,High,5,71.0
77:39:00,168,29.2,90,1800,2.333333333,50,0.416,0.023333333,0.584,0.452533333,Very High,5,51.0
77:40:00,74,32.1,89,1800,1.027777778,50,0.358,0.010277778,0.642,0.431711111,Very High,5,168.0
77:41:00,171,40.2,62,1800,2.375,50,0.196,0.02375,0.804,0.2967,Moderate,5,74.0
77:42:00,150,40.5,56,1800,2.083333333,50,0.19,0.020833333,0.81,0.270333333,Moderate,5,171.0
77:43:00,122,29.5,62,1800,1.694444444,50,0.41,0.016944444,0.59,0.336777778,High,5,150.0
77:44:00,145,24.0,53,1800,2.013888889,50,0.52,0.020138889,0.48,0.324055556,High,5,122.0
77:45:00,76,39.0,76,1800,1.055555556,50,0.22,0.010555556,0.78,0.352222222,High,5,145.0
77:46:00,198,23.8,59,1800,2.75,50,0.524,0.0275,0.476,0.3518,High,5,76.0
77:47:00,184,37.4,33,1800,2.555555556,50,0.252,0.025555556,0.748,0.192622222,Low,5,198.0
77:48:00,93,40.8,41,1800,1.291666667,50,0.184,0.012916667,0.816,0.205966667,Moderate,5,184.0
77:49:00,118,41.0,59,1800,1.638888889,50,0.18,0.016388889,0.82,0.278555556,Moderate,5,93.0
77:50:00,143,42.6,36,1800,1.986111111,50,0.148,0.019861111,0.852,0.181544444,Low,5,118.0
77:51:00,99,46.2,30,1800,1.375,50,0.076,0.01375,0.924,0.1407,Low,5,143.0
77:52:00,170,35.0,75,1800,2.361111111,50,0.3,0.023611111,0.7,0.369444444,High,5,99.0
77:53:00,53,41.9,33,1800,0.736111111,50,0.162,0.007361111,0.838,0.167344444,Low,5,170.0
77:54:00,174,38.6,41,1800,2.416666667,50,0.228,0.024166667,0.772,0.219266667,Moderate,5,53.0
77:55:00,117,25.6,88,1800,1.625,50,0.488,0.01625,0.512,0.4561,Very High,5,174.0
77:56:00,139,20.8,68,1800,1.930555556,50,0.584,0.019305556,0.416,0.396522222,High,5,117.0
77:57:00,163,28.5,60,1800,2.263888889,50,0.43,0.022638889,0.57,0.335055556,High,5,139.0
77:58:00,105,33.3,68,1800,1.458333333,50,0.334,0.014583333,0.666,0.344633333,High,5,163.0
77:59:00,66,38.5,89,1800,0.916666667,50,0.23,0.009166667,0.77,0.405666667,Very High,5,105.0
78:00:00,115,45.5,89,1800,1.597222222,50,0.09,0.015972222,0.91,0.380388889,High,6,66.0
78:01:00,171,25.9,52,1800,2.375,50,0.482,0.02375,0.518,0.3139,High,6,115.0
78:02:00,118,23.8,88,1800,1.638888889,50,0.524,0.016388889,0.476,0.463355556,Very High,6,171.0
78:03:00,102,48.9,45,1800,1.416666667,50,0.022,0.014166667,0.978,0.190066667,Low,6,118.0
78:04:00,142,23.2,65,1800,1.972222222,50,0.536,0.019722222,0.464,0.375088889,High,6,102.0
78:05:00,116,34.4,41,1800,1.611111111,50,0.312,0.016111111,0.688,0.232844444,Moderate,6,142.0
78:06:00,81,37.6,88,1800,1.125,50,0.248,0.01125,0.752,0.4061,Very High,6,116.0
78:07:00,168,36.2,64,1800,2.333333333,50,0.276,0.023333333,0.724,0.320533333,High,6,81.0
78:08:00,59,22.6,35,1800,0.819444444,50,0.548,0.008194444,0.452,0.252877778,Moderate,6,168.0
78:09:00,112,21.7,47,1800,1.555555556,50,0.566,0.015555556,0.434,0.307422222,High,6,59.0
78:10:00,76,23.2,66,1800,1.055555556,50,0.536,0.010555556,0.464,0.375422222,High,6,112.0
78:11:00,187,37.6,46,1800,2.597222222,50,0.248,0.025972222,0.752,0.243988889,Moderate,6,76.0
78:12:00,178,36.3,81,1800,2.472222222,50,0.274,0.024722222,0.726,0.388688889,High,6,187.0
78:13:00,88,27.0,44,1800,1.222222222,50,0.46,0.012222222,0.54,0.272888889,Moderate,6,178.0
78:14:00,90,39.1,48,1800,1.25,50,0.218,0.0125,0.782,0.2406,Moderate,6,88.0
78:15:00,133,44.6,30,1800,1.847222222,50,0.108,0.018472222,0.892,0.148988889,Low,6,90.0
78:16:00,137,21.2,76,1800,1.902777778,50,0.576,0.019027778,0.424,0.426811111,Very High,6,133.0
78:17:00,57,34.9,72,1800,0.791666667,50,0.302,0.007916667,0.698,0.351566667,High,6,137.0
78:18:00,145,40.7,47,1800,2.013888889,50,0.186,0.020138889,0.814,0.233255556,Moderate,6,57.0
78:19:00,147,27.6,66,1800,2.041666667,50,0.448,0.020416667,0.552,0.361766667,High,6,145.0
78:20:00,105,29.2,49,1800,1.458333333,50,0.416,0.014583333,0.584,0.285033333,Moderate,6,147.0
78:21:00,54,38.4,38,1800,0.75,50,0.232,0.0075,0.768,0.2014,Moderate,6,105.0
78:22:00,80,46.9,85,1800,1.111111111,50,0.062,0.011111111,0.938,0.356844444,High,6,54.0
78:23:00,57,44.3,49,1800,0.791666667,50,0.114,0.007916667,0.886,0.221966667,Moderate,6,80.0
78:24:00,150,37.5,88,1800,2.083333333,50,0.25,0.020833333,0.75,0.410333333,Very High,6,57.0
78:25:00,145,41.9,68,1800,2.013888889,50,0.162,0.020138889,0.838,0.312455556,High,6,150.0
78:26:00,171,30.9,58,1800,2.375,50,0.382,0.02375,0.618,0.3179,High,6,145.0
78:27:00,200,39.2,36,1800,2.777777778,50,0.216,0.027777778,0.784,0.198311111,Low,6,171.0
78:28:00,116,34.0,78,1800,1.611111111,50,0.32,0.016111111,0.68,0.382444444,High,6,200.0
78:29:00,51,25.7,58,1800,0.708333333,50,0.486,0.007083333,0.514,0.332033333,High,6,116.0
78:30:00,50,41.1,40,1800,0.694444444,50,0.178,0.006944444,0.822,0.198377778,Low,6,51.0
78:31:00,166,36.7,60,1800,2.305555556,50,0.266,0.023055556,0.734,0.302422222,High,6,50.0
78:32:00,59,30.8,58,1800,0.819444444,50,0.384,0.008194444,0.616,0.312077778,High,6,166.0
78:33:00,189,47.3,58,1800,2.625,50,0.054,0.02625,0.946,0.2533,Moderate,6,59.0
78:34:00,125,20.6,47,1800,1.736111111,50,0.588,0.017361111,0.412,0.312544444,High,6,189.0
78:35:00,172,29.5,30,1800,2.388888889,50,0.41,0.023888889,0.59,0.211555556,Moderate,6,125.0
78:36:00,60,21.7,40,1800,0.833333333,50,0.566,0.008333333,0.434,0.276533333,Moderate,6,172.0
78:37:00,128,43.0,71,1800,1.777777778,50,0.14,0.017777778,0.86,0.319111111,High,6,60.0
78:38:00,82,41.1,85,1800,1.138888889,50,0.178,0.011388889,0.822,0.380155556,High,6,128.0
78:39:00,128,29.9,50,1800,1.777777778,50,0.402,0.017777778,0.598,0.287511111,Moderate,6,82.0
78:40:00,83,40.3,85,1800,1.152777778,50,0.194,0.011527778,0.806,0.383411111,High,6,128.0
78:41:00,173,31.9,85,1800,2.402777778,50,0.362,0.024027778,0.638,0.422011111,Very High,6,83.0
78:42:00,162,42.7,45,1800,2.25,50,0.146,0.0225,0.854,0.2182,Moderate,6,173.0
78:43:00,56,33.6,57,1800,0.777777778,50,0.328,0.007777778,0.672,0.296711111,Moderate,6,162.0
78:44:00,179,32.4,70,1800,2.486111111,50,0.352,0.024861111,0.648,0.360344444,High,6,56.0
78:45:00,96,48.0,31,1800,1.333333333,50,0.04,0.013333333,0.96,0.137333333,Low,6,179.0
78:46:00,108,27.5,84,1800,1.5,50,0.45,0.015,0.55,0.432,Very High,6,96.0
78:47:00,133,23.6,35,1800,1.847222222,50,0.528,0.018472222,0.472,0.252988889,Moderate,6,108.0
78:48:00,155,37.5,47,1800,2.152777778,50,0.25,0.021527778,0.75,0.246611111,Moderate,6,133.0
78:49:00,198,49.1,73,1800,2.75,50,0.018,0.0275,0.982,0.3066,High,6,155.0
78:50:00,197,31.3,80,1800,2.736111111,50,0.374,0.027361111,0.626,0.405744444,Very High,6,198.0
78:51:00,189,21.9,39,1800,2.625,50,0.562,0.02625,0.438,0.2789,Moderate,6,197.0
78:52:00,83,30.2,81,1800,1.152777778,50,0.396,0.011527778,0.604,0.407811111,Very High,6,189.0
78:53:00,129,35.2,42,1800,1.791666667,50,0.296,0.017916667,0.704,0.234366667,Moderate,6,83.0
78:54:00,140,24.9,49,1800,1.944444444,50,0.502,0.019444444,0.498,0.304177778,High,6,129.0
78:55:00,102,39.7,60,1800,1.416666667,50,0.206,0.014166667,0.794,0.286866667,Moderate,6,140.0
78:56:00,98,49.9,52,1800,1.361111111,50,0.002,0.013611111,0.998,0.213844444,Moderate,6,102.0
78:57:00,145,33.6,36,1800,2.013888889,50,0.328,0.020138889,0.672,0.217655556,Moderate,6,98.0
78:58:00,199,30.6,43,1800,2.763888889,50,0.388,0.027638889,0.612,0.260655556,Moderate,6,145.0
78:59:00,166,32.0,53,1800,2.305555556,50,0.36,0.023055556,0.64,0.293222222,Moderate,6,199.0
79:00:00,56,23.5,56,1800,0.777777778,50,0.53,0.007777778,0.47,0.333111111,High,7,166.0
79:01:00,68,46.5,82,1800,0.944444444,50,0.07,0.009444444,0.93,0.345777778,High,7,56.0
79:02:00,168,32.4,31,1800,2.333333333,50,0.352,0.023333333,0.648,0.203733333,Moderate,7,68.0
79:03:00,167,31.6,37,1800,2.319444444,50,0.368,0.023194444,0.632,0.230877778,Moderate,7,168.0
79:04:00,175,39.8,78,1800,2.430555556,50,0.204,0.024305556,0.796,0.362522222,High,7,167.0
79:05:00,123,33.3,37,1800,1.708333333,50,0.334,0.017083333,0.666,0.221633333,Moderate,7,175.0
79:06:00,77,39.4,71,1800,1.069444444,50,0.212,0.010694444,0.788,0.330677778,High,7,123.0
79:07:00,97,21.8,87,1800,1.347222222,50,0.564,0.013472222,0.436,0.466188889,Very High,7,77.0
79:08:00,50,44.4,47,1800,0.694444444,50,0.112,0.006944444,0.888,0.213177778,Moderate,7,97.0
79:09:00,151,48.2,38,1800,2.097222222,50,0.036,0.020972222,0.964,0.167588889,Low,7,50.0
79:10:00,182,39.5,32,1800,2.527777778,50,0.21,0.025277778,0.79,0.180111111,Low,7,151.0
79:11:00,136,48.6,48,1800,1.888888889,50,0.028,0.018888889,0.972,0.205155556,Moderate,7,182.0
79:12:00,106,24.5,62,1800,1.472222222,50,0.51,0.014722222,0.49,0.355888889,High,7,136.0
79:13:00,83,34.3,84,1800,1.152777778,50,0.314,0.011527778,0.686,0.403411111,Very High,7,106.0
79:14:00,125,38.1,63,1800,1.736111111,50,0.238,0.017361111,0.762,0.306544444,High,7,83.0
79:15:00,66,37.5,80,1800,0.916666667,50,0.25,0.009166667,0.75,0.373666667,High,7,125.0
79:16:00,67,32.0,83,1800,0.930555556,50,0.36,0.009305556,0.64,0.407722222,Very High,7,66.0
79:17:00,121,30.1,34,1800,1.680555556,50,0.398,0.016805556,0.602,0.222322222,Moderate,7,67.0
79:18:00,175,23.8,86,1800,2.430555556,50,0.524,0.024305556,0.476,0.458522222,Very High,7,121.0
79:19:00,198,31.8,85,1800,2.75,50,0.364,0.0275,0.636,0.4238,Very High,7,175.0
79:20:00,81,24.9,88,1800,1.125,50,0.502,0.01125,0.498,0.4569,Very High,7,198.0
79:21:00,73,42.0,55,1800,1.013888889,50,0.16,0.010138889,0.84,0.256055556,Moderate,7,81.0
79:22:00,98,26.3,46,1800,1.361111111,50,0.474,0.013611111,0.526,0.284244444,Moderate,7,73.0
79:23:00,85,21.8,81,1800,1.180555556,50,0.564,0.011805556,0.436,0.441522222,Very High,7,98.0
79:24:00,118,36.6,90,1800,1.638888889,50,0.268,0.016388889,0.732,0.420155556,Very High,7,85.0
79:25:00,144,37.9,60,1800,2.0,50,0.242,0.02,0.758,0.2964,Moderate,7,118.0
79:26:00,193,46.2,46,1800,2.680555556,50,0.076,0.026805556,0.924,0.209922222,Moderate,7,144.0
79:27:00,122,37.3,53,1800,1.694444444,50,0.254,0.016944444,0.746,0.269577778,Moderate,7,193.0
79:28:00,80,30.4,59,1800,1.111111111,50,0.392,0.011111111,0.608,0.318844444,High,7,122.0
79:29:00,93,44.1,53,1800,1.291666667,50,0.118,0.012916667,0.882,0.240766667,Moderate,7,80.0
79:30:00,186,36.2,86,1800,2.583333333,50,0.276,0.025833333,0.724,0.409533333,Very High,7,93.0
79:31:00,98,22.4,79,1800,1.361111111,50,0.552,0.013611111,0.448,0.431844444,Very High,7,186.0
79:32:00,146,37.0,57,1800,2.027777778,50,0.26,0.020277778,0.74,0.288111111,Moderate,7,98.0
79:33:00,75,47.2,84,1800,1.041666667,50,0.056,0.010416667,0.944,0.351366667,High,7,146.0
79:34:00,173,31.9,74,1800,2.402777778,50,0.362,0.024027778,0.638,0.378011111,High,7,75.0
79:35:00,109,28.9,88,1800,1.513888889,50,0.422,0.015138889,0.578,0.442455556,Very High,7,173.0
79:36:00,182,24.3,73,1800,2.527777778,50,0.514,0.025277778,0.486,0.404911111,Very High,7,109.0
79:37:00,122,24.5,50,1800,1.694444444,50,0.51,0.016944444,0.49,0.308777778,High,7,182.0
79:38:00,120,33.0,78,1800,1.666666667,50,0.34,0.016666667,0.66,0.386666667,High,7,122.0
79:39:00,160,37.9,54,1800,2.222222222,50,0.242,0.022222222,0.758,0.273288889,Moderate,7,120.0
79:40:00,136,22.4,32,1800,1.888888889,50,0.552,0.018888889,0.448,0.245955556,Moderate,7,160.0
79:41:00,110,48.2,68,1800,1.527777778,50,0.036,0.015277778,0.964,0.285311111,Moderate,7,136.0
79:42:00,198,42.7,47,1800,2.75,50,0.146,0.0275,0.854,0.2282,Moderate,7,110.0
79:43:00,113,37.6,46,1800,1.569444444,50,0.248,0.015694444,0.752,0.239877778,Moderate,7,198.0
79:44:00,188,44.9,56,1800,2.611111111,50,0.102,0.026111111,0.898,0.254844444,Moderate,7,113.0
79:45:00,98,22.4,83,1800,1.361111111,50,0.552,0.013611111,0.448,0.447844444,Very High,7,188.0
79:46:00,147,34.3,73,1800,2.041666667,50,0.314,0.020416667,0.686,0.362966667,High,7,98.0
79:47:00,191,38.9,43,1800,2.652777778,50,0.222,0.026527778,0.778,0.227011111,Moderate,7,147.0
79:48:00,171,44.9,72,1800,2.375,50,0.102,0.02375,0.898,0.3179,High,7,191.0
79:49:00,89,43.5,32,1800,1.236111111,50,0.13,0.012361111,0.87,0.158944444,Low,7,171.0
79:50:00,139,28.3,31,1800,1.930555556,50,0.434,0.019305556,0.566,0.218522222,Moderate,7,89.0
79:51:00,101,48.2,63,1800,1.402777778,50,0.036,0.014027778,0.964,0.264811111,Moderate,7,139.0
79:52:00,56,23.7,89,1800,0.777777778,50,0.526,0.007777778,0.474,0.464311111,Very High,7,101.0
79:53:00,106,46.3,74,1800,1.472222222,50,0.074,0.014722222,0.926,0.316688889,High,7,56.0
79:54:00,90,49.1,53,1800,1.25,50,0.018,0.0125,0.982,0.2206,Moderate,7,106.0
79:55:00,150,25.3,80,1800,2.083333333,50,0.494,0.020833333,0.506,0.427133333,Very High,7,90.0
79:56:00,119,41.7,63,1800,1.652777778,50,0.166,0.016527778,0.834,0.291811111,Moderate,7,150.0
79:57:00,89,21.2,69,1800,1.236111111,50,0.576,0.012361111,0.424,0.396144444,High,7,119.0
79:58:00,162,32.2,71,1800,2.25,50,0.356,0.0225,0.644,0.3642,High,7,89.0
79:59:00,177,35.5,74,1800,2.458333333,50,0.29,0.024583333,0.71,0.363833333,High,7,162.0
80:00:00,161,37.4,53,1800,2.236111111,50,0.252,0.022361111,0.748,0.271344444,Moderate,8,177.0
80:01:00,88,48.1,74,1800,1.222222222,50,0.038,0.012222222,0.962,0.308488889,High,8,161.0
80:02:00,63,40.2,56,1800,0.875,50,0.196,0.00875,0.804,0.2667,Moderate,8,88.0
80:03:00,161,34.4,64,1800,2.236111111,50,0.312,0.022361111,0.688,0.327344444,High,8,63.0
80:04:00,200,44.3,76,1800,2.777777778,50,0.114,0.027777778,0.886,0.337911111,High,8,161.0
80:05:00,95,48.5,64,1800,1.319444444,50,0.03,0.013194444,0.97,0.267277778,Moderate,8,200.0
80:06:00,113,20.7,60,1800,1.569444444,50,0.586,0.015694444,0.414,0.363477778,High,8,95.0
80:07:00,154,49.5,65,1800,2.138888889,50,0.01,0.021388889,0.99,0.270555556,Moderate,8,113.0
80:08:00,127,22.6,36,1800,1.763888889,50,0.548,0.017638889,0.452,0.260655556,Moderate,8,154.0
80:09:00,198,44.4,49,1800,2.75,50,0.112,0.0275,0.888,0.2294,Moderate,8,127.0
80:10:00,146,28.4,63,1800,2.027777778,50,0.432,0.020277778,0.568,0.346511111,High,8,198.0
80:11:00,57,24.0,46,1800,0.791666667,50,0.52,0.007916667,0.48,0.291166667,Moderate,8,146.0
80:12:00,136,33.2,80,1800,1.888888889,50,0.336,0.018888889,0.664,0.394755556,High,8,57.0
80:13:00,95,39.3,62,1800,1.319444444,50,0.214,0.013194444,0.786,0.296077778,Moderate,8,136.0
80:14:00,151,31.4,35,1800,2.097222222,50,0.372,0.020972222,0.628,0.222788889,Moderate,8,95.0
80:15:00,136,21.6,49,1800,1.888888889,50,0.568,0.018888889,0.432,0.317155556,High,8,151.0
80:16:00,180,38.0,66,1800,2.5,50,0.24,0.025,0.76,0.322,High,8,136.0
80:17:00,87,47.1,81,1800,1.208333333,50,0.058,0.012083333,0.942,0.340433333,High,8,180.0
80:18:00,171,31.5,78,1800,2.375,50,0.37,0.02375,0.63,0.3955,High,8,87.0
80:19:00,89,26.5,46,1800,1.236111111,50,0.47,0.012361111,0.53,0.282944444,Moderate,8,171.0
80:20:00,170,33.3,37,1800,2.361111111,50,0.334,0.023611111,0.666,0.224244444,Moderate,8,89.0
80:21:00,196,21.5,35,1800,2.722222222,50,0.57,0.027222222,0.43,0.264888889,Moderate,8,170.0
80:22:00,65,44.6,63,1800,0.902777778,50,0.108,0.009027778,0.892,0.277211111,Moderate,8,196.0
80:23:00,149,44.8,81,1800,2.069444444,50,0.104,0.020694444,0.896,0.353077778,High,8,65.0
80:24:00,137,37.6,33,1800,1.902777778,50,0.248,0.019027778,0.752,0.189211111,Low,8,149.0
80:25:00,186,30.6,46,1800,2.583333333,50,0.388,0.025833333,0.612,0.271933333,Moderate,8,137.0
80:26:00,170,44.0,36,1800,2.361111111,50,0.12,0.023611111,0.88,0.177444444,Low,8,186.0
80:27:00,111,36.6,48,1800,1.541666667,50,0.268,0.015416667,0.732,0.251766667,Moderate,8,170.0
80:28:00,66,44.8,63,1800,0.916666667,50,0.104,0.009166667,0.896,0.276466667,Moderate,8,111.0
80:29:00,155,38.9,47,1800,2.152777778,50,0.222,0.021527778,0.778,0.241011111,Moderate,8,66.0
80:30:00,169,43.5,64,1800,2.347222222,50,0.13,0.023472222,0.87,0.291388889,Moderate,8,155.0
80:31:00,115,38.0,65,1800,1.597222222,50,0.24,0.015972222,0.76,0.314388889,High,8,169.0
80:32:00,200,32.4,72,1800,2.777777778,50,0.352,0.027777778,0.648,0.369511111,High,8,115.0
80:33:00,199,48.7,64,1800,2.763888889,50,0.026,0.027638889,0.974,0.272255556,Moderate,8,200.0
